timestamp,outdoor_temp_c,humidity_pct,occupancy,hvac_kwh,lighting_kwh,plug_load_kwh,critical_load_kwh,total_energy_kwh,injected_anomaly
2026-01-01 00:00:00,-20.158643341753514,73.82383784362773,7,25.0429437775401,2.0273380356962925,2.5242005862379213,3.4458538079600958,33.22432227848232,0
2026-01-01 01:00:00,-22.79428683671109,80.69657260229377,12,26.90616382717493,0.985844917109971,3.0466101916213066,3.6234868052811118,34.20020455986708,0
2026-01-01 02:00:00,-19.869806431219533,68.92839331816245,0,25.409059945885595,0.6068332941168905,1.8781004455551167,3.26386995289835,31.295121219960198,0
2026-01-01 03:00:00,-19.427353838237185,78.26932586898643,0,23.67476314420655,1.690906688863215,2.6909113750207503,3.298824026547097,31.273383588727572,0
2026-01-01 04:00:00,-23.99342219804757,75.39571334439965,5,27.908064112282158,1.6524394599429346,1.4805632048409993,3.5698576739807404,34.418274905134865,0
2026-01-01 05:00:00,-22.334152359909368,77.09577661283197,0,25.989239201402338,1.0361779207853004,2.1081633842011387,3.580750362554248,32.464650287587034,0
2026-01-01 06:00:00,-19.178244778706127,83.65407157865634,1,25.482760045613674,1.2514663102935843,1.39590038869165,3.556996697495327,31.73869615226347,0
2026-01-01 07:00:00,-19.089052528933422,80.14884680696852,21,25.883981128261308,6.4202991916857055,3.4313438588086873,3.3270139002970374,38.87409862549086,0
2026-01-01 08:00:00,-17.6741354318478,79.66605872133476,42,25.692637236051745,6.7038493500602465,4.3857873850834626,4.000859283491089,40.78189005226304,0
2026-01-01 09:00:00,-18.189881483106774,66.0151820819789,67,25.24956434135828,6.652232161535334,6.295610117543228,3.6525653998182994,41.950323616948445,0
2026-01-01 10:00:00,-14.400596906823703,84.82181869909185,90,25.059629889818687,6.651311486066812,6.974868865818701,3.8372758394287256,42.67625138967399,0
2026-01-01 11:00:00,-13.848453439708383,66.23505221413004,115,24.75528974669944,7.674345836186805,7.943197291872815,3.8707348022800723,44.47714777999071,0
2026-01-01 12:00:00,-14.502232364990908,83.04803915950637,117,26.116803649313105,8.641654043979832,8.014018404410537,4.2628546294574265,47.07651281348269,0
2026-01-01 13:00:00,-12.348523020233117,78.39065546106374,113,22.904919610223416,8.58339472595433,7.902420241544259,4.115213018306075,43.24342508295067,0
2026-01-01 14:00:00,-13.350807582262034,76.4771021374046,109,23.965802583011786,7.770357062427692,7.565174181448366,3.965013531827721,43.38277919244563,0
2026-01-01 15:00:00,-15.725630258980278,69.66431400878491,107,27.457092437280707,7.4907125221167155,8.291199036881277,3.94645161560979,47.349506522455634,0
2026-01-01 16:00:00,-13.987608217904725,74.40024523234568,83,24.953055307189988,7.491342426905283,6.939037224542775,3.9589389851116676,43.29698413610919,0
2026-01-01 17:00:00,-16.80080015134689,72.775071649641,60,25.201411409797462,7.13364341841346,4.426544649775941,3.6530168548163693,40.3426405506996,0
2026-01-01 18:00:00,-14.402207951868148,73.97589339293286,48,22.946285953934545,6.9742518317529205,4.457262064387192,3.849110910321939,38.845705106737604,0
2026-01-01 19:00:00,-16.824580854908316,74.11920208666788,22,23.300853761777148,5.4115399610068415,3.0381211825600656,3.6057032743897497,35.03295538765793,0
2026-01-01 20:00:00,-17.959839482117452,64.23821657215363,0,24.21683150369894,2.205214664338807,1.4484171231897087,3.67794587729201,31.67182776150519,0
2026-01-01 21:00:00,-19.709020347436034,84.51247016648456,4,24.936325953839024,1.5683661338152715,2.2172124964332296,3.688858376722998,32.67227082240631,0
2026-01-01 22:00:00,-17.317253188344658,75.50129695196233,3,25.026324595893723,1.0847477036911168,2.622382877022601,3.5229582572460756,32.171097123547796,0
2026-01-01 23:00:00,-20.38314731776039,75.37855809130687,6,25.524414468292743,0.9565328294437017,2.5313140427789698,3.316093272121675,32.286225424661886,0
2026-01-02 00:00:00,-21.344853493681548,75.64667672328255,6,26.276991420130923,1.5535569929278619,2.7361807750239016,3.5869762142335713,34.05333874463396,0
2026-01-02 01:00:00,-21.56497471060046,81.32448849115096,0,25.036882557703965,1.2733881152620896,1.4766894686089533,3.382579042591627,31.169594762382655,0
2026-01-02 02:00:00,-20.180681667318037,72.77297322072168,1,25.09123598690275,1.150251620812079,1.8714284977450009,3.6157952028840055,31.953584449015636,0
2026-01-02 03:00:00,-20.345092765351534,64.72776622316938,5,25.75674692795828,1.3504171217742842,1.7304585443302347,3.581514219968002,32.36958482555536,0
2026-01-02 04:00:00,-19.915050756291087,80.37906688646797,0,24.892500869678276,1.060548138521385,1.9077435317612548,3.511800768018018,32.15024134274469,0
2026-01-02 05:00:00,-19.328085311798244,80.61068197158961,2,24.531786653983595,1.276651793001056,2.0582529090982615,3.4136656579235813,31.167172615870786,0
2026-01-02 06:00:00,-15.694806361278946,73.57331382289341,7,23.24951539003405,1.4802269978337264,2.616927102430408,3.8060183768548344,31.49706665856943,0
2026-01-02 07:00:00,-19.1823794684714,70.4993673502135,18,26.607638716962196,6.344160905928709,3.3810713342311303,3.6039476557607713,40.072799828475986,0
2026-01-02 08:00:00,-18.456419922180345,77.37592818697098,53,26.315699051110858,6.955822664412672,5.025039723775593,4.165002629567277,42.48868234915224,0
2026-01-02 09:00:00,-18.063154262921298,67.76017148730944,76,27.691978499272864,7.755501046623914,5.592923561721603,3.9092394414184763,45.317332822626256,0
2026-01-02 10:00:00,-14.788442264380388,67.92794811815934,89,25.82957841535565,6.943012508203541,6.086522278554102,4.008738404252721,42.46783254495182,0
2026-01-02 11:00:00,-13.1914806509803,68.38942286921026,105,25.833541477302855,7.5107412025045495,7.809009013817398,4.025881829157055,45.28546813739851,0
2026-01-02 12:00:00,-14.748229047526483,79.1248062109942,99,25.171196908888046,7.691296240093358,7.920234498987545,4.047235759477526,44.650868422864434,0
2026-01-02 13:00:00,-15.63313290158329,72.54918397356596,118,26.671675086930787,7.768546345974767,8.278843655319292,4.235903099959222,46.845971204407775,0
2026-01-02 14:00:00,-15.487225349433837,71.92822054141662,108,26.240371846059894,7.705388611614621,7.052672897040142,4.1976339496118165,45.07531673131747,0
2026-01-02 15:00:00,-13.098859151445,84.55229945605123,108,25.45436009708928,8.294709624011515,8.678140180518607,3.7670088431765967,45.953262671515404,0
2026-01-02 16:00:00,-13.290986278467342,75.08301469198278,91,25.16770229928055,7.485860159114797,7.02523204757265,4.092324609942054,43.35797407015421,0
2026-01-02 17:00:00,-14.187371292486981,75.6744955322142,73,24.523720302531956,6.57377614030011,5.892013682222107,3.9665709127884496,41.05327709672396,0
2026-01-02 18:00:00,-16.96697378514951,73.50702586760949,53,26.037210057287403,6.7058303947330025,4.189412982047131,3.8173838298880787,40.73336979310243,0
2026-01-02 19:00:00,-16.285066375686483,71.63556977594419,18,23.264673316313058,6.244339610946856,2.7972973003029535,3.9288826385213578,36.16004503759251,0
2026-01-02 20:00:00,-17.38724140721949,62.92199241531171,16,24.9929020585066,1.4018913363597145,2.989097872987999,3.9269150227538403,33.500599962628094,0
2026-01-02 21:00:00,-18.119703326178232,82.40222068617503,3,25.067075482932065,1.3486131044712453,2.1913593242490963,3.7476894404833696,32.4677210576234,0
2026-01-02 22:00:00,-17.854178360246806,79.08049200472338,0,24.537420525682876,1.2660360011644158,1.4940507923314053,3.5184699018407106,30.749268107374753,0
2026-01-02 23:00:00,-19.680368583994685,76.68528047871553,0,25.16194960550189,1.0514108655159051,1.7743206226691253,3.42112753035616,32.17153954459993,0
2026-01-03 00:00:00,-19.397958605647432,76.72510874321804,0,25.46147465719948,0.6824360846140984,1.5227969840834554,3.7131600198250205,31.634364924690537,0
2026-01-03 01:00:00,-20.78687872350474,83.00702461619488,6,25.191186087441956,1.0536012619268533,2.8788727123033766,3.827930033782615,33.56279027248211,0
2026-01-03 02:00:00,-20.52951977185114,69.06887939040924,0,25.705811279161825,0.8820282051823707,2.2026932903862506,3.295701335768014,31.98249537944679,0
2026-01-03 03:00:00,-19.828573157710334,74.33214187895992,0,25.380980812932094,1.0002136690598105,1.5640493091301615,3.76294420955998,31.770612780939594,0
2026-01-03 04:00:00,-23.029276556624286,73.45414024011303,1,25.968367872320893,1.3599089873402606,1.3291886535152337,3.565770169397198,31.913668367030922,0
2026-01-03 05:00:00,-20.539337551584442,89.03355885860881,0,25.93248318227059,1.2414359623473135,1.9250167870040678,3.328649574837836,32.34496592776844,0
2026-01-03 06:00:00,-20.07065626192187,83.30692538756121,7,24.52692565136923,1.51440199980959,1.963232174627225,3.6984094232844953,31.55697943043228,0
2026-01-03 07:00:00,-19.51298174949662,64.41858046531028,6,24.82519477638049,1.0735708787390223,1.9417620013338275,3.7604079980210794,32.34981196613863,0
2026-01-03 08:00:00,-17.988764576709478,67.40900367269225,9,24.420292221912536,1.7899262688996567,1.7841536398978008,3.583297701379885,31.404550507663437,0
2026-01-03 09:00:00,-14.07375586266682,72.76124285685519,0,21.218189292640506,1.3354934794088522,1.344866073965216,3.441396805259529,27.281437197072,0
2026-01-03 10:00:00,-17.24293564630263,73.09756046229242,9,24.021945905751778,1.3012821386446851,2.368201568652236,3.892813639034141,31.22082567536724,0
2026-01-03 11:00:00,-13.400075812665683,65.10376361103793,0,21.46528956369507,1.3111713045322893,1.6799046984710897,3.499704452052915,28.089500860691082,0
2026-01-03 12:00:00,-17.35081244812545,87.68168276199702,0,23.047325908425687,0.863483854879139,2.9234314737093126,3.773920847612755,30.38310573210435,0
2026-01-03 13:00:00,-14.709586908588195,75.90742966533662,0,22.625939974040616,0.6,2.067414044700516,3.3730424512218966,28.896032902219613,0
2026-01-03 14:00:00,-13.744342538945606,76.15715484138775,2,21.070393469943465,0.9236562708255778,1.3917371683645943,3.6704007571480632,26.609106514394743,0
2026-01-03 15:00:00,-13.143704394301604,68.70568860033292,9,23.408728048482686,1.523609935034759,1.603963690642299,3.694126073648774,30.200021925283846,0
2026-01-03 16:00:00,-13.280848650730725,77.29428137111606,0,21.255309158759335,1.1280756138911374,1.979177124896145,3.731012400976336,27.632124323417827,0
2026-01-03 17:00:00,-13.697458715631326,70.99049747083143,0,20.64749073907414,1.0521079345627444,1.6214098073728425,3.8239475089851114,27.022327750806905,0
2026-01-03 18:00:00,-16.36385537244646,73.57283248708984,1,22.378562703047926,0.8212559752277954,2.454163727277095,3.48195554325469,29.06413473613656,0
2026-01-03 19:00:00,-17.401154139295056,79.71687736342284,5,24.825733772549775,0.6,2.201838727306973,3.6981162157827665,31.175930849558636,0
2026-01-03 20:00:00,-16.062463751486955,65.27286242325341,0,22.62890765608767,1.5986959672851766,0.90786586063755,3.395014892278725,28.405430309841464,0
2026-01-03 21:00:00,-18.752106759781686,86.64624722894216,0,23.425210874409398,1.0272368403659375,1.3412590657121108,3.3933127574291064,29.429811605255892,0
2026-01-03 22:00:00,-21.439689499298584,80.17410241281719,0,26.757990107295388,0.9496617063359832,1.4961230747967922,3.51324981276588,33.260638280829724,0
2026-01-03 23:00:00,-21.92248474758295,87.12752881336975,0,26.022582043375643,0.8649238065178448,1.9989166222657075,3.6613990908909293,32.63264836344001,0
2026-01-04 00:00:00,-22.045996801925952,73.08197906173154,9,27.264413754012534,1.7010828671693201,1.8212614065680641,3.8875301730217595,34.45927730301742,0
2026-01-04 01:00:00,-19.987406129598014,72.45156385302936,3,26.08614837569175,1.4624727843327847,2.0337679172813594,3.8908418384750862,33.48925027560916,0
2026-01-04 02:00:00,-20.709715251157714,71.56088510876941,0,25.871205676718308,0.7614661875261663,1.198732580454414,3.546766300638662,31.289603453818746,0
2026-01-04 03:00:00,-19.65875429257421,79.24585175541968,9,27.273803406241306,1.669590037765237,2.297783438540304,3.6818301687889248,35.14535526748524,0
2026-01-04 04:00:00,-21.209257414495323,79.30284287238098,0,24.56157530606071,1.0492253533775566,1.9665116930016961,3.741450819793574,31.390728478943476,0
2026-01-04 05:00:00,-19.657195261800176,74.95642553096305,11,24.771813191626656,1.0843102342044706,3.0626796428110823,3.758807403271344,32.28316173488557,0
2026-01-04 06:00:00,-18.138335332733202,70.51933634223822,10,24.305474489302092,1.1772356646208573,2.460508940622325,3.614581488464078,31.83228445494045,0
2026-01-04 07:00:00,-18.883594777860903,69.56311846501062,2,26.47142379404582,0.8618459623197863,1.542469284087148,3.619415755693283,32.736864931033764,0
2026-01-04 08:00:00,-16.67532109863008,75.21558742114863,0,24.750088213287214,0.6376930140379236,2.4718522891311716,3.583472861745677,31.816863554093953,0
2026-01-04 09:00:00,-17.67124644443216,73.45991415579252,16,25.48027563168578,1.6596458379280064,2.5975698837064907,3.6327439080736297,33.241125036186205,0
2026-01-04 10:00:00,-16.3190305416383,71.12563095207915,4,22.60973856155348,1.0947532993389864,2.3681050456456507,3.5647884359760877,29.712628786742982,0
2026-01-04 11:00:00,-15.62591968812192,84.0019766828811,0,22.161021627294367,1.3160233367758447,1.524196902973435,3.5820512264982463,28.287098924760294,0
2026-01-04 12:00:00,-16.453677486733508,74.84630404589373,8,22.80028491419307,1.3445246658953411,2.2808502169515865,3.571127887763771,29.983976482794645,0
2026-01-04 13:00:00,-13.243245393130449,80.5526916484094,6,20.90434081758305,1.3999893889736341,1.7694294294399247,3.453687350939799,27.62669332133617,0
2026-01-04 14:00:00,-14.749822980822307,70.86285413952055,10,23.739061014697718,0.6,2.495016979907144,3.7693870424571534,30.444451094221556,0
2026-01-04 15:00:00,-14.04985860862887,75.00605165926359,0,21.593904294288066,0.7966339127250441,2.161722642823628,3.677438660086761,28.31528450528155,0
2026-01-04 16:00:00,-13.603480769092094,72.86975447928106,4,21.58082031435826,1.371277664390647,1.797340326013951,3.8974890614752944,28.68892738977111,0
2026-01-04 17:00:00,-14.217862269073855,63.47766284469666,0,22.50586954560158,0.6538092570524113,1.5520464362759967,3.655427703040395,28.254693827795318,0
2026-01-04 18:00:00,-14.57068431722394,82.49804307550143,6,20.970174524762704,1.3385727793342812,2.2905681983087827,3.561455977694109,28.510139331617687,0
2026-01-04 19:00:00,-16.713397668284873,74.72412660901915,2,23.445887304620534,0.6492533969934989,1.5387428135090953,3.5140346929959434,29.08930751584383,0
2026-01-04 20:00:00,-18.171446132952738,81.10709391751232,4,23.44194137417425,1.1777553942231431,1.3369253406990318,3.6231049101024295,29.612939200368363,0
2026-01-04 21:00:00,-18.49322661887738,72.35774762938867,1,24.165539502502224,1.68149663787762,2.013938388280556,3.6869312745063394,31.181179990858706,0
2026-01-04 22:00:00,-22.070307540206326,78.56366436567616,0,25.9716418181523,1.3711100403660688,1.7515362705210296,3.5632934093714734,32.78737930642033,0
2026-01-04 23:00:00,-22.38680393974984,74.58898879527226,0,26.1139616882299,0.6,1.7420132738517398,3.379461379719403,31.716212914698662,0
2026-01-05 00:00:00,-22.657754796204834,87.40930699373399,7,27.206963227163893,1.5229299915106647,2.419481686561558,3.517148453116283,34.9058261007212,0
2026-01-05 01:00:00,-22.45413654089107,81.70905849037236,11,27.225369915630832,1.935783379355354,2.7023376585936854,3.646703752371783,35.182408147068436,0
2026-01-05 02:00:00,-20.19846035652697,80.35116642748056,0,25.17925053539845,2.078955603556609,1.7275491487857606,3.711042548972915,32.80447207446191,0
2026-01-05 03:00:00,-22.298131328080654,87.87270337869036,5,27.044463644679702,1.3562765081140413,1.5697987676195218,3.3971264357432465,32.82215130820351,0
2026-01-05 04:00:00,-21.05204179706931,85.72707912919611,5,25.330292609617356,0.712453026640126,1.7876359385729845,3.6597625175932507,31.644111117018884,0
2026-01-05 05:00:00,-17.644262169873414,80.82525184422278,2,24.48894075375812,1.2881372923085503,2.173233768709425,3.6411679295386534,31.54777908412182,0
2026-01-05 06:00:00,-19.733725292761235,69.26992988734615,0,24.920601452075427,1.6586117594195127,1.8613811985502418,3.5322635257059023,32.07269631303795,0
2026-01-05 07:00:00,-17.030166733421588,71.5985503329661,10,23.480565855674204,6.014519137087394,2.102608285409134,3.5519616671123337,34.99961431537534,0
2026-01-05 08:00:00,-18.965226597973604,71.20059113241209,40,25.404024377462303,6.985088123008896,3.6470260813741944,3.6495514387933072,39.44836524595811,0
2026-01-05 09:00:00,-16.82145373247296,79.98129246110952,56,25.16332519646097,6.614138950392809,5.158020264615167,3.8451209455048,40.671979578301325,0
2026-01-05 10:00:00,-17.2431140353048,76.9562471769789,99,28.60251754595352,7.812323638594398,7.145256417497075,4.165022799412167,47.77312339951597,0
2026-01-05 11:00:00,-15.479559036834853,66.26659467584257,109,26.382493225282147,6.9906471696904555,8.13372255044746,4.215667673423646,45.86667328525891,0
2026-01-05 12:00:00,-12.918463795033706,71.55638256820791,116,24.277186172204793,7.655382616357148,8.575701108847353,3.895402947917229,44.47963375202148,0
2026-01-05 13:00:00,-16.933780869372065,66.73566163771639,107,27.941648157663835,7.823857773451351,7.544222112371666,3.9999532728996647,47.075491116760844,0
2026-01-05 14:00:00,-13.139556347928854,72.53572833252808,106,24.59339993316533,7.680825144298248,8.057341368176244,3.6949735296523074,44.48595982977447,0
2026-01-05 15:00:00,-13.593185625980201,63.262654195562035,106,25.46105486655049,7.352783877003489,7.692284389507869,4.040377646653176,44.6297042979449,0
2026-01-05 16:00:00,-15.357042553395825,77.69074687535455,102,25.63255624062832,7.561120330670266,7.530491206912818,4.097647188019671,44.66622383908742,0
2026-01-05 17:00:00,-17.361501160264268,78.28890162640265,65,27.009289325867808,7.185379266963799,4.390062907199619,4.0956441778330985,42.786430729155946,0
2026-01-05 18:00:00,-15.505456378843233,86.07678324421371,50,23.910556894412306,6.769820344511424,4.113085415754445,3.5320313919013264,38.389490866330796,0
2026-01-05 19:00:00,-17.372347489506453,81.1165003541139,15,25.359247926775765,6.191328149454804,2.2124875362551517,3.4967910117029066,37.216021315154144,0
2026-01-05 20:00:00,-16.982526982653816,73.19940970205535,2,22.72045718231618,1.3921890810800086,1.7666053749183939,3.6296205202813443,29.435674996213066,0
2026-01-05 21:00:00,-18.246794552425783,81.59351647396625,9,24.30381573183457,1.1418930547433637,2.3464579534442,3.3932417450288064,31.431626292235897,0
2026-01-05 22:00:00,-16.405052426711254,66.91780603436237,0,24.274927036217946,1.5757122590681703,1.8698626462684382,3.625831822627696,31.778295672047943,0
2026-01-05 23:00:00,-20.25985484281387,72.42005551002389,0,25.525255188657113,0.7537551268645057,1.9285861260560635,3.69345038176057,31.39204588154922,0
2026-01-06 00:00:00,-22.070791876173196,81.55194909958055,11,28.64323204162496,1.9728008935708314,2.0967749339302233,3.4518068414070413,36.472248604528815,0
2026-01-06 01:00:00,-20.37572903805649,65.33229880205481,2,25.31261048268235,1.525563520672992,2.2211133336986775,3.627887805507271,32.69215752341294,0
2026-01-06 02:00:00,-20.42576286271849,78.09635743743556,9,26.00757674274526,1.1374007768207224,3.1091797995982158,3.4541683597477424,33.767498314868845,0
2026-01-06 03:00:00,-18.369878739573487,70.65582930196959,0,25.818649086591673,0.9987384535191219,1.641003800647893,3.8063138803407455,32.60261580362031,0
2026-01-06 04:00:00,-18.911157020661243,77.79121009641551,10,23.747332498589707,1.3523574570641075,2.051349324654858,3.670996913869029,30.158333971121433,0
2026-01-06 05:00:00,-19.16795015906924,70.90954447101835,4,23.58721106571492,1.381534825455192,1.711600679240107,3.519990395654945,30.40403431837876,0
2026-01-06 06:00:00,-16.562142310397235,77.96709555752906,5,22.784635998262868,1.57309189633171,2.1134605219387215,3.434278792955002,30.22609147492191,0
2026-01-06 07:00:00,-20.22652107567816,78.28585534876295,19,26.687080375471993,5.772793063194721,2.6084066006741478,3.7343724540295375,38.63049830820786,0
2026-01-06 08:00:00,-18.38733483114506,85.19269662464677,41,24.451773255398578,6.791104917721436,3.2763522141125554,3.9676903253153624,38.13843245428453,0
2026-01-06 09:00:00,-17.969069668001058,76.51720945561053,69,26.954699652690223,6.40122001163805,4.939461657396747,3.7602744136197215,42.46563793938982,0
2026-01-06 10:00:00,-16.212433890835296,70.54746858835767,87,26.50957701227559,7.403944829957581,7.04408556276035,3.882053300089213,44.40056277113231,0
2026-01-06 11:00:00,-17.1652499421633,74.39262232165878,112,29.12735715301628,8.42486937632561,8.53680731805552,3.9351788948937716,50.128875191136146,0
2026-01-06 12:00:00,-13.188911702640468,64.82626539487997,115,26.15095672794137,7.4738368387235266,8.844950314581089,4.293323885657823,47.018844853501655,0
2026-01-06 13:00:00,-14.296795418526667,76.15942009212763,111,26.10838153274369,7.338266774888918,8.00683699745072,3.7577039296548636,45.310338986050596,0
2026-01-06 14:00:00,-16.300127926125008,78.7641974224854,106,27.89138054527487,7.8852782848417915,7.1840925214207845,4.2168389834200335,47.318748482455845,0
2026-01-06 15:00:00,-15.645501271511572,89.54930217379058,96,26.5055138903686,8.113600207460411,6.882892732879268,3.927420286732931,45.36317221629755,0
2026-01-06 16:00:00,-13.735694771559622,69.57075513504329,94,24.528646923802814,7.705888407879863,6.298875564259068,3.9652577320200635,42.61434880093242,0
2026-01-06 17:00:00,-13.400068325897125,71.44328380237175,62,22.66635500738124,6.349383736091458,4.521548604706112,3.7969048025424232,37.15707500175782,0
2026-01-06 18:00:00,-12.155314709594453,68.66193488556654,46,21.844590048610314,6.1389050554338045,4.444868219753227,3.8199401322223223,36.10356734262101,0
2026-01-06 19:00:00,-11.440324375399207,72.85292548833675,19,20.908329038093843,6.276211251525297,3.087555197233158,3.566530186759034,33.84751211465432,0
2026-01-06 20:00:00,-16.595261188901297,77.73658909855367,2,23.475266213842435,0.7232651532464816,2.7912681000768096,3.766757470488152,30.371595971366112,0
2026-01-06 21:00:00,-19.887838687383482,77.59562994896655,5,34.978521606134684,1.2378402028669797,2.037607890716302,3.7848495564191156,42.183079284452546,1
2026-01-06 22:00:00,-22.674235902713715,86.52363242827347,3,39.533402063081155,1.2225982896434289,1.3539743351374796,3.4644886440334886,44.95427873836313,1
2026-01-06 23:00:00,-19.319521473638883,73.7877640827005,0,36.7930029068163,0.9285848712698014,1.7451358273102355,3.700120044830106,43.25754751656976,1
2026-01-07 00:00:00,-21.62999303599555,85.13953906434092,0,39.389914225050916,1.7351640028820845,1.6728933603989695,3.546525920965032,46.45871549701541,1
2026-01-07 01:00:00,-21.30375199503966,82.20880111812625,5,40.646309951199974,1.3966635217270023,1.8539457454406991,3.627745023509214,47.326034147764936,1
2026-01-07 02:00:00,-21.75746881912413,79.24592209494942,12,39.692370940152415,1.7400568075779617,2.6146873053636934,3.8767726346026414,47.61539615294899,1
2026-01-07 03:00:00,-20.83698915964205,76.73812202518866,12,25.417803411594214,1.6382036153950679,1.9134873619022876,3.5468948748077533,32.4143468331902,0
2026-01-07 04:00:00,-18.435826781629,91.38687663860996,0,22.87831602646364,1.0474742533175463,1.8588246447716827,3.738982415974438,29.68351665771445,0
2026-01-07 05:00:00,-19.42479543021829,72.66654466821124,0,25.45599011601651,1.0319434620312282,2.0932034695737656,3.6685687768428457,32.336130603311894,0
2026-01-07 06:00:00,-19.23658348368823,79.21503667457665,0,24.10194853295724,0.9958329871099304,2.4388819966043833,3.570895779082368,30.829676018531423,0
2026-01-07 07:00:00,-19.88338229838516,73.41122230233609,27,26.810831314792466,6.624385788375085,3.424669132066173,3.7631105351293237,40.64941704385753,0
2026-01-07 08:00:00,-20.063865266719866,88.76162344176772,50,28.144977976427572,6.572372187919848,5.019404202733674,3.8372617884975337,43.63950535263136,0
2026-01-07 09:00:00,-17.137761048288297,81.17427875901144,71,24.82964159522387,7.781761529712099,5.505246781862257,3.7102470031842967,41.88178943002341,0
2026-01-07 10:00:00,-15.558334597113603,70.59865167478834,91,26.291948113333056,7.276945743714663,6.668069376664349,3.872991423457047,43.863306827939226,0
2026-01-07 11:00:00,-11.736549673483742,74.87798221570019,115,25.506296738892043,8.045066275303961,8.731531168547038,3.9032121422561388,46.225032007558966,0
2026-01-07 12:00:00,-13.964348660973018,75.01943582338909,124,26.894553683588573,8.051821715783918,8.002787008766283,4.054507184276696,47.23310584538846,0
2026-01-07 13:00:00,-12.165506699971523,69.0243814531302,127,23.463890336455115,8.028222339964715,8.603586863989483,4.309755294410233,44.53969526461331,0
2026-01-07 14:00:00,-14.565706778239017,78.4732653870483,119,25.570188295543666,8.802321398362265,8.852800838026685,4.163154170243967,47.49133468090345,0
2026-01-07 15:00:00,-15.850568271619661,77.2237585503412,104,25.449185192939066,7.618330980505638,7.42499972836137,3.8011116383749597,44.70429818210701,0
2026-01-07 16:00:00,-15.826513843271954,76.16407766576967,95,26.56315623321537,7.503347586652651,6.896479085657935,3.938994846938102,44.94392553472375,0
2026-01-07 17:00:00,-15.974914836280321,74.72966785975626,74,25.826111903830984,6.999553240540439,5.750600547545069,3.9310437291378957,42.29683215331798,0
2026-01-07 18:00:00,-11.848505715582679,74.47270624228491,43,19.858819812685454,6.688364215491124,4.217718298681261,3.883613272045932,34.43883013753805,0
2026-01-07 19:00:00,-17.70739495754509,77.65687218711358,16,24.22962377831388,6.152542771430058,3.1687377288636585,3.5663849443122975,37.16129601715549,0
2026-01-07 20:00:00,-15.791472614370672,75.19816445892812,9,23.754629980607877,0.8702614042534935,2.710904183245446,3.450385226435366,30.426794951906096,0
2026-01-07 21:00:00,-19.657747121329226,73.89721484507153,12,25.579874123350248,1.1674705474783202,2.4651557586745323,3.639548564433838,32.77430327575451,0
2026-01-07 22:00:00,-17.383230138836243,86.20002004870214,0,23.839287016124906,1.3133902899743866,2.2915748553708584,3.6853544506547116,31.245650025032333,0
2026-01-07 23:00:00,-19.037361352495406,70.97550135428027,0,24.389674635072367,1.459445397297684,1.9538068334983814,3.6352269729949795,31.73094008955543,0
2026-01-08 00:00:00,-20.42691553809857,80.8860039668524,4,24.780458259237427,1.1804002145379182,2.406604075519374,3.4832983779187647,31.46475749039667,0
2026-01-08 01:00:00,-20.579578885276256,76.51323971014858,5,25.73751109434784,1.2106481767286235,1.6122337366581512,3.883192820522047,32.46835523299885,0
2026-01-08 02:00:00,-21.742681281064243,89.86429457749398,0,26.292429904005356,0.9736517248821532,2.5823487300448784,3.585177669015972,33.416548999593694,0
2026-01-08 03:00:00,-19.751959848326482,72.39307466290182,13,26.04334032829572,1.158145404314741,2.614095874365443,3.6810565410103027,33.506014573256834,0
2026-01-08 04:00:00,-20.93410302865914,74.28899770093236,5,26.51397969605867,0.8681494395411944,0.8382607937069839,3.5207048897416753,31.776486195445067,0
2026-01-08 05:00:00,-21.687945731391515,73.44705091897268,5,26.46269765953767,0.6451726910163672,2.8217872280612104,3.785976199754682,33.70771702909264,0
2026-01-08 06:00:00,-21.052036075177632,80.72981736208688,13,27.18110761527089,1.0881436640627122,2.517274719044798,3.737777033882661,34.87235526989407,0
2026-01-08 07:00:00,-17.7420093965655,68.06820309001228,15,24.15542571549937,6.48641850356918,2.4470277174818733,3.7071995143740852,37.10707063003169,0
2026-01-08 08:00:00,-14.44508706293654,70.96264432865581,44,22.402930840599403,6.543454070055988,3.9474426206657602,3.603251776503203,37.03290160496696,0
2026-01-08 09:00:00,-15.951689797900611,62.049572411299756,61,25.40862301831692,6.876893460707086,5.352775840840466,4.00810453399274,41.6437538039994,0
2026-01-08 10:00:00,-15.58122735322108,76.12844863968435,89,25.89321550837963,7.374080180099874,6.29522498647822,4.069535445946543,43.52938375603232,0
2026-01-08 11:00:00,-14.168764027357042,70.6252838679802,97,25.650428348410973,8.081647683041457,6.875392091798171,4.14024000963088,44.50576763083407,0
2026-01-08 12:00:00,-11.878250324687142,62.98034727992424,121,23.7528241096922,7.753066100314031,8.20620485328474,4.089554403653523,43.671789910781584,0
2026-01-08 13:00:00,-13.375851554503985,79.54554508372235,123,27.135630772501145,8.210968668436498,8.433488830333992,4.080770825421506,48.03950187988188,0
2026-01-08 14:00:00,-14.328118491251633,65.9000874781291,115,26.54371065585686,7.946036853250443,7.893156287620663,4.032686067737931,46.63272113658105,0
2026-01-08 15:00:00,-11.86811099972073,76.68274538995983,106,24.003106867038724,7.831774388783169,8.013766359244688,4.365849691646629,44.3833759928719,0
2026-01-08 16:00:00,-13.369567340204,68.82093056122616,95,23.9709865405466,7.695522642490758,7.146978037158965,3.8986330598116687,42.54600335945487,0
2026-01-08 17:00:00,-12.043883278288178,81.64234072608869,62,23.657175029752942,7.036007729093824,5.386866532254928,3.670063273486488,39.585343837724345,0
2026-01-08 18:00:00,-15.06804365555704,78.79833597522466,46,23.108049494571997,7.005557660327822,4.604770996082779,3.728011575113221,38.93550573712345,0
2026-01-08 19:00:00,-18.305272894900305,70.68066744593106,22,26.836150138875833,6.285759935212975,2.9681075784254345,3.6080309506784443,39.49005035708217,0
2026-01-08 20:00:00,-19.45541283755191,72.0890643149021,0,24.43357549386064,1.7105317376989941,1.3408608018942796,3.788977025470888,31.62807622558101,0
2026-01-08 21:00:00,-15.228831371899979,78.05477476027085,6,24.059126367386476,1.2235679786383964,2.942327615719597,3.420601140207541,31.74676711400832,0
2026-01-08 22:00:00,-15.949310473502674,73.38771407086601,0,22.74302104657338,0.6,2.2173905945832355,3.5158063727950926,28.893068279175758,0
2026-01-08 23:00:00,-19.909598595567616,76.91614390454752,1,26.487164552485464,1.3414086253503061,2.5807721562710126,3.63257847463583,33.745802418723656,0
2026-01-09 00:00:00,-20.720204286247043,86.17358638531788,0,25.069823680562067,1.2372338818409236,2.265542289432652,3.79024392819522,32.19061392619525,0
2026-01-09 01:00:00,-17.93398202227032,71.958353276483,11,24.441778675754144,1.3093907611166735,2.1978328682605333,3.7509698459895717,31.80438005462963,0
2026-01-09 02:00:00,-22.419674586544257,80.36251857296092,0,27.287210724332123,1.0091500395325994,0.8,3.8428526025923326,32.711806367946856,0
2026-01-09 03:00:00,-21.93947325130697,85.18237170039407,0,26.8945561951147,0.6,1.2469066085125144,3.6518689351181735,32.78193432917373,0
2026-01-09 04:00:00,-18.975130289344488,82.08605264732196,3,25.63118503474611,0.6,2.2514349210187063,3.5814570779882953,32.01211191660292,0
2026-01-09 05:00:00,-20.183399370084544,77.17987352243938,0,24.95639394280778,1.6766317271741185,1.7542134362985748,3.7283334792258294,32.29068420010887,0
2026-01-09 06:00:00,-18.79640410049445,75.36386779025489,0,24.609761076566627,0.8950740889152147,1.611067563487915,3.3949258601217878,30.665756362001076,0
2026-01-09 07:00:00,-18.221416512420824,66.23316960919003,21,25.94213243800253,6.615967149643273,1.832000924256894,3.4275172463633568,38.22309295342404,0
2026-01-09 08:00:00,-16.46382019411214,69.01039518959294,32,23.744811311209883,5.914938354365838,3.554092731090073,3.8744395391871995,36.97878934864944,0
2026-01-09 09:00:00,-13.739111104978187,75.21448868818203,63,24.271717289782064,6.667599596621108,4.778199652386464,3.883585023896083,39.62762212950541,0
2026-01-09 10:00:00,-15.13370258533736,73.52298380534961,87,25.28721930767347,7.703524331408601,6.259027838655335,4.092600571716675,42.992023426073075,0
2026-01-09 11:00:00,-13.468127244346755,73.55065790465743,111,25.501213086987203,7.862124637505478,8.287546843603712,3.91614413429783,45.59281575699168,0
2026-01-09 12:00:00,-17.491900585577532,82.35444709698751,124,28.192942512766525,8.320183510196282,8.156886120662197,4.288717570616166,49.24373260501098,0
2026-01-09 13:00:00,-13.73977781833979,66.18089470938119,127,25.423444614009107,8.181228601924568,8.364839812582064,4.208553831581936,46.232934783101065,0
2026-01-09 14:00:00,-14.97118838656821,72.81130947653025,116,26.1747347105116,7.915314812597686,8.263511147334553,4.059331942772653,46.991059998118466,0
2026-01-09 15:00:00,-15.728938737778758,75.92896983380137,92,26.098730269573043,7.317984660138788,7.252562941225989,3.9991021875188117,44.79830753729937,0
2026-01-09 16:00:00,-15.499467037603669,70.39964065275565,92,25.767511682840418,7.1380990704244995,6.678782347066941,4.020039184090504,43.469329183584534,0
2026-01-09 17:00:00,-15.130833042108792,82.93698746514609,78,26.40407192425849,7.794945451406375,6.750246932260308,3.7834901745255314,44.84669566945225,0
2026-01-09 18:00:00,-13.730662605065106,78.74951776347771,52,24.231748756390846,7.384558187145458,4.084598869933678,3.7502478172922777,39.085304930096655,0
2026-01-09 19:00:00,-18.386697889368765,78.53082337955911,21,25.271269174628674,5.914453965839536,2.300674979726216,3.7336683521167764,37.02032123713861,0
2026-01-09 20:00:00,-16.985623389659818,86.50460821821638,0,22.881144619827094,0.7135723142975683,1.1073213007716345,3.5362299125876646,27.934015846162495,0
2026-01-09 21:00:00,-18.766651621596235,68.08161703853631,0,23.865439467007455,0.9782794001522678,1.056517306015306,3.379587168821752,29.28385106428619,0
2026-01-09 22:00:00,-19.344741187485663,77.46219820398015,14,26.928998716966014,1.4711522552021032,2.7214470343220527,3.700233314680835,34.80670052658358,0
2026-01-09 23:00:00,-17.807882358205415,78.55393358225844,0,23.160663418901386,1.0363636272151657,1.3599948062748723,3.7254051260890937,29.583704391047934,0
2026-01-10 00:00:00,-19.057688331505663,71.80593596786572,0,24.7845469267937,1.2748320228367025,1.1654134362678514,3.7602801943385695,30.960305458182198,0
2026-01-10 01:00:00,-18.048559270525875,78.34070670380078,8,24.676923348383948,1.226762868336022,2.4109085128110226,3.7118465845307766,31.77581136737598,0
2026-01-10 02:00:00,-20.704055315891633,71.88854652419145,0,25.399293162030503,1.0598791004927683,2.1707771612358226,3.7227460876284946,32.742524940309586,0
2026-01-10 03:00:00,-21.505238493018734,83.27227277940958,0,25.311275314288977,1.944577557869454,2.2728862786119297,3.74812636048499,32.54070531166192,0
2026-01-10 04:00:00,-20.353044563109187,84.61179203110532,11,25.201848535398135,1.1141788619416426,2.7988780091013985,3.6559483726077397,32.78047016877713,0
2026-01-10 05:00:00,-19.00402485015864,78.88701904438895,5,24.40013041124879,1.7639814124885915,1.661853440280835,3.302162497650217,31.182529634542565,0
2026-01-10 06:00:00,-18.391220951795493,65.67662882345695,0,23.739313856763157,1.6064020736883022,1.9242409340023674,3.773967182501257,31.041352162412803,0
2026-01-10 07:00:00,-19.690722041822347,71.96728040437056,0,26.122795098801703,1.2764327273046272,2.023592209826591,3.4660022562235993,33.013845262254065,0
2026-01-10 08:00:00,-16.787563032399415,78.97893229357852,14,23.859485764013556,0.6778538572426662,2.3563025397099087,3.4863684676783397,30.407683183114646,0
2026-01-10 09:00:00,-15.64754084207184,74.86284749262808,2,22.366532807483576,1.1468701216270367,1.984138446757122,3.4424888820025723,29.064945250360555,0
2026-01-10 10:00:00,-10.911689797359138,55.01975164186443,10,20.404346517562065,1.0998568349115585,1.7867717965172427,4.012686689812895,27.15310701486051,0
2026-01-10 11:00:00,-11.275886087835048,78.91389686908573,7,20.95937865518026,1.2330317420041657,1.9025799207576095,3.694082152951647,27.42430936979602,0
2026-01-10 12:00:00,-15.36082044387126,75.34055437042645,0,22.273580092599268,0.7279616226642414,1.9673042875146374,3.4437575387590926,28.4010152202449,0
2026-01-10 13:00:00,-14.049206983788663,68.62245725384122,0,22.510125086738153,1.3646902821675184,2.4783941944562375,3.4974875351327395,29.59406592949246,0
2026-01-10 14:00:00,-15.929247064289706,80.91666888361726,11,22.247045877802783,1.642744759488873,2.9231478259948283,3.6438912536311503,30.274698506487407,0
2026-01-10 15:00:00,-14.56485719289299,69.85840281722835,11,23.40966007757106,1.7075085057234296,2.7023863149804437,3.725360566655951,31.835285775185923,0
2026-01-10 16:00:00,-13.373778241817686,68.89962097573797,0,21.38962950843648,0.9662374492654132,1.8358650174486493,3.6418938506898226,28.22312527471906,0
2026-01-10 17:00:00,-12.416570771503888,74.46254398471214,5,20.97820116607087,0.8192012142836296,2.0411462691611066,3.4807090338458226,27.60493421016903,0
2026-01-10 18:00:00,-16.430838185330934,86.00935939445196,1,22.65047468792006,1.2410884957647748,1.2035800207505565,3.651571981551739,28.98606057866371,0
2026-01-10 19:00:00,-17.147577951423234,85.60220653140475,0,22.60331510741474,1.7146260127520594,1.4240220597497226,3.508321828556356,29.265272795771505,0
2026-01-10 20:00:00,-20.591787011722516,80.60210925221652,4,24.389898918146745,1.196286372114737,1.658715315432839,3.773037253107125,31.27179885226997,0
2026-01-10 21:00:00,-18.123794383951967,79.3671597410659,0,23.54157940753231,1.258303980139235,2.058641691993292,3.6084444903427153,30.555874307817124,0
2026-01-10 22:00:00,-20.49750016132806,83.12211871350499,0,25.998688670052157,1.0177767939413007,2.225226497168622,3.4860998853266985,33.21466445851992,0
2026-01-10 23:00:00,-20.316316421842043,70.69533526416544,0,24.654440786824654,0.923785427936483,2.131458038786908,3.7033431189385504,31.18350208050362,0
2026-01-11 00:00:00,-21.36241917339758,82.88670440296008,0,24.79144457199115,1.3303965785115746,2.3321998971314093,3.6574867454677538,32.27967988540036,0
2026-01-11 01:00:00,-20.38165367150823,73.88179944477001,2,24.804106880804543,1.0988766314313971,1.942515898186916,3.5367701450746236,31.06619639983516,0
2026-01-11 02:00:00,-23.328805202573417,82.40747230270954,0,26.86284036348913,1.2412330190352656,1.3576814178327514,3.7095138081332757,33.34085579852361,0
2026-01-11 03:00:00,-22.715384246443566,78.67173241918866,11,26.923521884807386,1.4756274000469598,2.3825301966428345,3.7383675665470957,34.09027058559501,0
2026-01-11 04:00:00,-16.252035760064572,78.19627678273372,5,23.138066414243237,1.311630893698618,1.7488233093053844,3.8002733297614264,29.695408237881615,0
2026-01-11 05:00:00,-21.504159059585913,79.8367400847282,13,27.393497331401328,1.529249361785709,2.8110369962902437,3.7585207798234266,35.17164851511907,0
2026-01-11 06:00:00,-20.45520242064003,59.903220190552226,1,26.53842095444441,0.819447993533968,1.6934106686061732,3.5719079679396653,32.686220584788664,0
2026-01-11 07:00:00,-14.623780596979733,75.04118571796589,0,23.726162750559702,0.7800897252786091,1.7556607722444961,3.34642052359043,29.696965060982308,0
2026-01-11 08:00:00,-11.902052749558454,75.77945727596442,13,19.69826474138505,1.3190824376874604,2.8271300033519875,3.679996989227006,28.13709392033514,0
2026-01-11 09:00:00,-17.9264635484114,79.12041775133928,0,23.352641721809544,1.0935035379085634,1.4665075696837955,3.6512706337649514,29.541100834552466,0
2026-01-11 10:00:00,-15.716690163806796,74.17200194560361,1,23.349468420655743,0.9351870106481301,2.2887894636200126,3.6116795412782086,30.378259362570958,0
2026-01-11 11:00:00,-13.785148766515363,83.19183172646896,6,21.482161312158887,1.2923501037451366,1.5235816416181738,3.172368839661711,27.510679412225574,0
2026-01-11 12:00:00,-10.870792028532103,73.02133279612904,0,20.633688552428,1.417876100791914,1.9379479355724714,3.7018244937531075,27.863561597536908,0
2026-01-11 13:00:00,-15.13758357858341,76.9792274850962,6,22.795489219670237,1.6236291559537204,2.0890954512048268,3.487192461295669,30.031322158734575,0
2026-01-11 14:00:00,-13.757639275368732,79.58518082082996,6,23.0927941477433,1.7022916554265048,2.5023038083907907,3.726858421731638,31.299152251352695,0
2026-01-11 15:00:00,-12.138452665950442,74.27939749764244,10,21.864475437397406,0.8198194179299854,1.7315317171612068,3.8951027087738823,28.047760902365177,0
2026-01-11 16:00:00,-13.070475697428357,67.41475025258605,7,22.314689205755634,0.8189504992020511,1.496143994743955,3.5900803628564124,27.607995744466123,0
2026-01-11 17:00:00,-15.005258524205397,59.62391941047631,10,22.36355265708417,1.1786241122954237,2.6875199736375115,3.705772604872317,30.039820128409175,0
2026-01-11 18:00:00,-15.318165976944414,71.62589907059981,1,22.481567589853142,1.1461002893525818,1.6790850363028658,3.6089166679442513,28.464400249638008,0
2026-01-11 19:00:00,-18.272123153637292,81.26976552051467,0,23.993628663055745,1.016553698650054,1.7591390533043076,3.67883753697801,30.776093534437766,0
2026-01-11 20:00:00,-17.245562302024076,73.81559373801123,15,22.962712420254036,1.1765762344361077,2.328112877590888,3.6755167656982466,30.0058885352051,0
2026-01-11 21:00:00,-18.19939232814119,81.45661447979627,0,25.373062954718314,0.9934536159309199,2.2107646709222566,3.522452953324779,31.840174994207192,0
2026-01-11 22:00:00,-18.19597812490251,77.53935264919852,0,24.78997715951802,1.2691598378513762,1.9346472946845177,3.4642586673274356,32.13317297903796,0
2026-01-11 23:00:00,-20.259596943412387,85.9230941291324,5,25.289544527914437,0.7246321436227889,2.1832988396256696,3.858569858023659,32.051432865532085,0
2026-01-12 00:00:00,-18.965014028384957,75.45246027856474,12,26.103382142431254,2.136175010405486,1.9336707893213123,3.713782947708467,33.83448442479504,0
2026-01-12 01:00:00,-18.394664105184184,79.60168703829426,3,23.909611063609102,1.161347740184505,2.190677498941981,3.7365772377915443,31.18520738910464,0
2026-01-12 02:00:00,-19.971310746429765,81.01379344703447,8,24.032852658165044,1.6117965879800538,1.7935041865591346,3.6918594354233503,31.33387889880113,0
2026-01-12 03:00:00,-19.518295101199246,86.6483325616866,0,25.766506961010453,0.8969982867624224,1.5036511375434265,3.7463652171074213,32.198303273771785,0
2026-01-12 04:00:00,-19.676265425829317,67.51737523136633,0,24.029385760488204,1.301022357383669,1.1855935508466824,3.465604907660883,29.64836320136877,0
2026-01-12 05:00:00,-19.210270869363665,74.6572535047038,0,24.62533673173174,1.1350318754900015,1.7295563364370148,3.6124772166704457,31.236428855763382,0
2026-01-12 06:00:00,-19.712189260488998,82.87523857769776,7,25.482968203710627,1.5258829378609025,2.6640129670302897,3.703822917193801,33.30339051469374,0
2026-01-12 07:00:00,-17.103367016480355,85.10290414103216,9,24.183325145349613,5.992473578761687,2.397012745123431,3.8299004393680898,36.17245478921418,0
2026-01-12 08:00:00,-16.900927820769088,77.11612494142929,37,25.416258981009108,7.109047248481388,3.6361805920765735,4.148961414925086,40.32247644849268,0
2026-01-12 09:00:00,-12.271287820425322,70.44724087879007,72,23.74202807686069,6.673780453379535,5.809115843145535,3.9491277933063627,39.72124161574417,0
2026-01-12 10:00:00,-12.310837269258244,76.77583816399036,96,24.580199637419398,7.960280840569308,7.126626287460398,3.8848348889771622,43.78267440118358,0
2026-01-12 11:00:00,-13.60472772996719,78.41576184886549,105,24.573140657735777,7.831551914436567,7.604730907766922,3.84065353699483,43.77740803479945,0
2026-01-12 12:00:00,-15.001648946701726,72.09326663802244,120,26.776351234901128,7.70358565556947,8.47980049361692,3.944277789957095,46.78463993504386,0
2026-01-12 13:00:00,-15.245899713826228,76.41626865843494,123,25.583181857979124,8.79722305451649,8.097002540724738,3.9758820833491,46.418869870479426,0
2026-01-12 14:00:00,-11.210597583215085,78.49111176188312,115,25.416856757027006,8.617044204298653,8.172942262013596,3.624837635152177,45.7898016690055,0
2026-01-12 15:00:00,-12.908126528704281,84.02384885617492,100,23.5046615275939,6.974145239311791,6.510138233814825,3.8986517481910257,41.17276720673737,0
2026-01-12 16:00:00,-12.88820790445488,77.1217856837529,94,24.128008713578755,7.653874535571039,7.2290306237817905,4.083511105200722,42.82049667243298,0
2026-01-12 17:00:00,-17.226463047169368,76.18468066537059,73,25.131249176136805,7.460981894155758,5.318762863640329,3.9033099608782194,41.71875234701502,0
2026-01-12 18:00:00,-13.408895184817249,72.7322203323855,50,22.58302617850148,6.954596682911236,5.079919023571512,3.761206309954417,38.324609027441724,0
2026-01-12 19:00:00,-15.057159370642916,77.63724887114392,20,23.083895167318527,6.790435362897452,1.7996436813521886,3.436707102389191,34.84439155802863,0
2026-01-12 20:00:00,-18.623272766970768,76.27341752035137,0,24.018491726030245,1.5576714476301152,2.5534912241370216,3.757561496937795,31.927044256393994,0
2026-01-12 21:00:00,-18.442999433989893,77.97009256962676,6,25.462336678230635,1.300815574711014,1.3923506954499383,3.7007719936380594,31.67530661841566,0
2026-01-12 22:00:00,-18.037221356060073,70.1806584298598,2,24.35310919928508,1.932986264344073,1.370029416888291,3.606060253309482,30.91111463273924,0
2026-01-12 23:00:00,-19.121220780413456,85.12325876425705,0,24.359980269256926,1.427896282947652,1.9345756670734504,3.2696221181429315,31.123631189062692,0
2026-01-13 00:00:00,-20.15382774007692,71.27426244216562,0,25.222354545265375,0.9770049266877272,2.078421742991061,3.5263841244573015,32.19098410931751,0
2026-01-13 01:00:00,-20.18271825868921,75.54436813129884,0,26.321736955684486,0.906678341810077,1.6724765580677772,3.665057757753652,32.57805480265119,0
2026-01-13 02:00:00,-20.554409353917045,79.00136658054866,7,26.533654131899457,1.6611695260407626,2.5866727235160423,3.6237148934048795,34.379389899755324,0
2026-01-13 03:00:00,-19.74743193240288,89.75649522863398,0,24.182493805581334,0.8224660207143455,1.441550586259773,3.628790710225551,30.044182232604644,0
2026-01-13 04:00:00,-17.15560037012251,73.33060236847793,0,23.045726843359372,0.9565916021895331,1.6201386239480815,3.702816924235231,29.1962862747177,0
2026-01-13 05:00:00,-23.46424089470146,76.60208578726372,0,27.62909157387434,1.0161498379908034,1.664064925882933,3.623210846303234,34.225041539372775,0
2026-01-13 06:00:00,-18.7786932606318,73.7791184414711,12,25.234335359988073,1.4404786876466529,2.2177218638197873,3.7454512549488097,32.661499605990514,0
2026-01-13 07:00:00,-17.231843352491,85.87726552003612,24,23.634163911325764,6.264289572963447,2.2496196415239496,3.5694676364572,35.172880581690656,0
2026-01-13 08:00:00,-16.12285802849727,58.21806156033682,35,24.815558927973715,6.069060186231952,3.7138998200711777,3.5565842365395466,38.454841659471384,0
2026-01-13 09:00:00,-16.35243594135271,69.24789888312301,77,25.106713533835453,7.692727908296767,5.983246780833771,3.979604102340994,43.00075105431595,0
2026-01-13 10:00:00,-17.86247484117893,92.78458838584152,98,28.473296826968852,7.52246047292521,7.675182243669652,4.094361269230725,47.915701060455795,0
2026-01-13 11:00:00,-13.593581754498437,76.74047875682365,99,25.41283674260879,8.388977344079823,6.666325012933248,4.073846069374141,43.85313344147675,0
2026-01-13 12:00:00,-10.65846353364069,64.3579379541952,101,22.451369288995025,7.824396502540944,7.067266704168638,4.023737926808249,41.36603334184105,0
2026-01-13 13:00:00,-15.852871807311034,74.63814596243465,120,26.611404287069664,8.503522619540757,8.941571051485596,4.031393859295005,48.311248812941976,0
2026-01-13 14:00:00,-11.65754018767842,72.14788253716598,123,24.269204817230584,8.334801529963277,8.696979987577958,4.123647901082789,45.51950908375832,0
2026-01-13 15:00:00,-13.803800298262521,78.42960169913053,116,25.834105550034124,8.448269695009818,8.427220858770367,4.120894990799826,46.88177893234134,0
2026-01-13 16:00:00,-13.699210285628842,84.31141973115702,85,24.397360447254737,7.629618648692551,6.6790451305027885,4.005894617143353,42.935797014607274,0
2026-01-13 17:00:00,-15.941101545009136,77.28713624643214,80,24.769447765399867,7.422309091897132,6.406042241345549,4.3110709334943005,42.94369710576866,0
2026-01-13 18:00:00,-15.44462330397033,71.34473765989998,31,22.56747419932473,6.840631932149781,4.324472497681457,3.585879432174683,37.61936415752268,0
2026-01-13 19:00:00,-13.510105342118287,77.85508565917794,16,22.475079765946894,7.058090240107219,2.721193296091143,4.147898968622188,36.44270146617131,0
2026-01-13 20:00:00,-15.635533899586237,70.53713424351251,0,22.937599153411345,1.0055710714882937,1.3448955254207675,3.4114768362257566,28.720088605633855,0
2026-01-13 21:00:00,-14.586984739627258,67.74021357878628,9,22.499881194747832,1.5402244457037548,2.582458868802551,3.6938503089615904,30.53951824036123,0
2026-01-13 22:00:00,-16.37444759970326,64.72138246803877,10,23.70376509499626,1.278164277121448,2.0950517465978016,3.4607736128607955,30.43810799875208,0
2026-01-13 23:00:00,-18.354474190937974,67.37508527620108,8,24.070459712724,1.421120657172562,2.1905283606117694,3.6779365666095996,31.085734759089238,0
2026-01-14 00:00:00,-16.578621223602465,70.0552949809562,0,23.402794195909546,1.1147554951517868,1.9665814507900736,3.747318423728063,30.232399906705925,0
2026-01-14 01:00:00,-19.146673026998805,70.29326616404389,7,27.02087480764672,0.6,1.815390558151515,3.6328874019764537,33.216746398914154,0
2026-01-14 02:00:00,-18.604641104287175,78.83289999246368,5,25.545345537084273,1.1199346487916382,1.8453673634811045,3.765962064344782,32.50795024692215,0
2026-01-14 03:00:00,-20.397132017862916,71.10143805845297,0,25.23960980959262,1.449844275482987,2.0141318569816855,3.5364476682896595,32.4727584907638,0
2026-01-14 04:00:00,-19.430182031127064,58.710638711196836,0,24.490808180372703,0.8321776818560005,1.5531097629559176,3.2925203788516875,30.151453960421076,0
2026-01-14 05:00:00,-20.172715238605562,71.86606578141738,8,23.331823320397973,1.5663312550750401,2.678023392195661,3.726006369880888,31.25934182368897,0
2026-01-14 06:00:00,-16.579928316030923,72.60378835069469,1,24.146313745685692,1.1822632075366208,1.4112290809618158,3.6085957486772755,30.200372796737746,0
2026-01-14 07:00:00,-19.42120382199627,73.9332059392654,10,25.883582499777688,6.0129783142010265,1.9047140306147945,3.568057905717999,37.431801763806604,0
2026-01-14 08:00:00,-15.18222542273215,83.50381714290421,43,23.51562836976345,6.991035384849179,5.022725139589895,3.710415770133715,38.82952366277295,0
2026-01-14 09:00:00,-15.930461144742123,71.26659050282169,71,24.21930131764873,7.416361040247492,5.016398101283172,3.944987260276793,40.60273752857261,0
2026-01-14 10:00:00,-12.771100945947731,77.86386648865599,90,23.273024594097897,7.667191474919313,6.737977561950769,3.837820065423308,42.228433867625746,0
2026-01-14 11:00:00,-12.760869989846118,72.45675689429943,97,24.791822884094284,8.001565070973145,7.968167731403305,4.044286721434264,44.429876554807805,0
2026-01-14 12:00:00,-10.386033623597077,70.53569686366222,128,24.072426914756296,8.275084411856003,8.827133848445328,4.290295552843543,45.504149629807245,0
2026-01-14 13:00:00,-11.889163637894741,66.90459099533284,126,25.49898852406477,7.5923668884538404,9.3360468010788,4.413010521691959,46.93487168290494,0
2026-01-14 14:00:00,-15.684689439452685,74.41082117010491,115,26.831274385577103,7.837657694403688,8.418613688982257,4.27067898066434,47.484841010335906,0
2026-01-14 15:00:00,-13.245301006757378,68.34339899368354,105,25.770681649612467,7.1584591520270475,7.57175915209434,4.044261814944991,44.30350101107736,0
2026-01-14 16:00:00,-15.473544319007825,75.6253041247833,92,26.130315817338335,7.7860776891730215,6.801209632341706,4.006649764985715,44.8531495816061,0
2026-01-14 17:00:00,-14.918423002711926,72.77131945629182,62,25.125721645701464,7.329669943752538,4.256307163635765,3.7879627209282285,40.36603483443976,0
2026-01-14 18:00:00,-12.193132668271748,66.47708190205421,46,20.65027021886006,7.057595784746566,4.186399753051587,3.7141534785076065,35.25152336995967,0
2026-01-14 19:00:00,-14.522546868457269,79.84327618954653,10,21.42560072730725,6.251183144730431,2.4544983276240373,3.7708047697690685,34.14007629651326,0
2026-01-14 20:00:00,-17.700402733426042,78.83634493019808,2,23.684752249477,1.4747737952862547,2.0142483093616588,3.5618734912513594,30.90180154772165,0
2026-01-14 21:00:00,-19.141407185649676,74.66767898438377,0,25.605671195597,0.6,2.909636440719253,3.6549149461634536,32.52858196849003,0
2026-01-14 22:00:00,-18.20649144695253,77.52782686742626,0,25.704188820086657,1.0623515773719994,1.9264311297672776,3.4556235738891274,32.01264573182968,0
2026-01-14 23:00:00,-21.055246992943008,78.28850011569547,12,26.140654629997446,0.8207794039171248,2.7435653943572302,3.8535468973958285,33.41354322115727,0
2026-01-15 00:00:00,-20.566121299255617,73.21904535086207,2,25.149086302457707,1.0105846355179389,2.4342334253344555,3.5596315004524617,31.742639704019496,0
2026-01-15 01:00:00,-19.244418204810515,77.85629102773487,3,23.342787723383854,1.7196881075764652,2.2082255901875065,3.775196875599744,31.236505731159223,0
2026-01-15 02:00:00,-17.930063453054508,72.72147706094664,0,24.73028781403014,1.482633013824143,1.7612779199684896,3.4944265234088356,31.668604873301245,0
2026-01-15 03:00:00,-18.739939803666083,71.38535183902897,0,24.069012625970746,1.3317998922660477,1.7634656922572685,3.4864934261056906,30.567619245357168,0
2026-01-15 04:00:00,-23.3203749922982,70.7536772626245,5,29.707485231019476,1.1264329199897751,1.9172054829936738,3.8192047672036806,36.563297010807304,0
2026-01-15 05:00:00,-18.351544209237364,74.61201403569623,3,23.797372505330056,0.8062418254440465,2.164894963111461,3.5180988727971716,30.315282659488528,0
2026-01-15 06:00:00,-18.02163683994051,79.91805158745773,0,43.824336626520285,1.1654596893245501,1.7233556755590544,3.3648149624442456,50.13906491849999,1
2026-01-15 07:00:00,-16.59634708716114,71.2793041950977,19,41.703921197031995,6.630736541137807,3.126221375739222,3.5200089194887916,54.64400573353859,1
2026-01-15 08:00:00,-13.64653745562884,88.35915524466945,47,38.044870014481496,6.889455021240733,3.930910710351635,3.916506302149741,52.90385319802946,1
2026-01-15 09:00:00,-18.99573232714513,82.56091316727523,77,27.538239780659048,6.731008223785404,6.10108180628389,4.022093081487778,44.098546076954015,0
2026-01-15 10:00:00,-15.64896973726077,82.56270809890844,86,26.34350686885162,7.484613813990543,7.228430294633316,3.8296248375550523,45.05651961839251,0
2026-01-15 11:00:00,-12.914679431534275,77.45746764609326,93,24.205312316276608,6.904335132776778,6.8139194261948335,3.8772421948201554,41.53458902749292,0
2026-01-15 12:00:00,-16.05171548026206,86.155976459828,111,27.505381146993834,8.179464341587103,8.73435073213505,4.144952373943895,48.23912140749355,0
2026-01-15 13:00:00,-10.504240140733188,66.15616820471463,113,24.340225009104177,7.69144728817665,8.08865215129802,4.249388081778911,44.362702890408315,0
2026-01-15 14:00:00,-12.267887672844774,56.836491440681854,121,25.467445650725267,7.649907510051473,8.4295713135343,4.073680069079234,45.60797823733597,0
2026-01-15 15:00:00,-11.574160746490367,69.00386690975049,90,23.48983453852641,7.806275731956272,6.80247832603674,4.043135762315524,42.16766101949825,0
2026-01-15 16:00:00,-14.333609225777407,77.09951837261828,87,24.058541279505995,7.661782243014396,6.444859540126296,4.0790149599821985,42.02101408950427,0
2026-01-15 17:00:00,-12.535821907340418,73.31096826099318,78,23.579348405877255,7.385339636844974,5.198749768002114,4.234950484776981,40.44909272530832,0
2026-01-15 18:00:00,-12.827692269254527,74.27360486774761,44,22.760913247140298,7.459097781502868,4.616078686200417,3.6026426028199303,38.512980237736116,0
2026-01-15 19:00:00,-15.092334622343882,82.24471098277714,23,21.69771338412919,6.536249942689585,4.051720923776201,3.59169148876043,36.16880406571981,0
2026-01-15 20:00:00,-15.99561239684811,77.28905474441109,0,23.052843442964974,0.8742650745254217,2.016193171514701,3.5240289998827854,29.51358886934711,0
2026-01-15 21:00:00,-16.84037706551578,80.42376036468296,0,23.329977686151036,1.2817213536197296,2.0435944326104067,3.724128622307212,30.22957405606598,0
2026-01-15 22:00:00,-19.61178086449284,72.07145919725308,11,24.362532044777883,1.197872929811245,2.322833291498902,3.6062123416923253,31.152685056310126,0
2026-01-15 23:00:00,-19.119766404997407,70.76746266845184,3,24.56805940234509,1.5973655876639508,2.4860050944737893,3.65883687580866,31.927701732664513,0
2026-01-16 00:00:00,-19.562078761767324,87.35624260947242,3,24.841528604357606,1.25234202239065,1.9473277716931015,3.6302764429762147,31.75221937415177,0
2026-01-16 01:00:00,-19.000672365963574,77.85591348535509,0,26.204465599053606,1.232973150380157,1.9202490441886035,3.6002605688836025,33.15624808013573,0
2026-01-16 02:00:00,-18.072000323605277,72.81462514202714,3,24.402854864632953,0.6491710564316473,1.2606525896410994,3.6281094861579546,29.718232885727115,0
2026-01-16 03:00:00,-21.45195327472781,75.36059799476315,0,26.91096910039381,1.1214730668260333,1.5617961583899982,3.754485107239314,33.41253933236619,0
2026-01-16 04:00:00,-19.515305808141594,73.74174062627665,9,25.179625125129604,1.2423069510071594,2.460308916681557,3.4904121526591414,32.32909847534449,0
2026-01-16 05:00:00,-16.228100846485436,70.91732150858903,18,22.18316527749348,1.065525290676307,3.198245280562796,3.6497315713603644,30.276234303983472,0
2026-01-16 06:00:00,-19.285801532334137,69.76546433362864,5,25.538638367811096,1.1124744797639043,2.495722883958277,3.437708338130073,32.801063297605076,0
2026-01-16 07:00:00,-18.575393230605144,67.92902250963081,14,24.377178690080946,6.304513355254428,1.8593685881070128,3.689983539219747,35.66449101183708,0
2026-01-16 08:00:00,-15.927781017239747,73.77580949700331,29,23.624632886008722,6.4204776402295956,2.7299991011383633,3.686670670888934,36.71981397280641,0
2026-01-16 09:00:00,-13.93038006166891,69.89022982432928,59,22.94224343647559,6.4677651079455885,5.3078616954748465,3.9963864698851848,38.77730595056168,0
2026-01-16 10:00:00,-14.502277248899656,80.5196636493345,99,25.574535095498888,7.5863741083810705,6.9089362253978255,3.9952765169175906,43.93228295103523,0
2026-01-16 11:00:00,-11.53759480545698,73.41165602369423,100,24.68394767646301,7.536191323836044,7.702566672718799,3.933424129989549,43.7302640936628,0
2026-01-16 12:00:00,-11.784062859744147,73.42995322527601,114,25.210946945431306,8.019729733060913,7.336424305913092,4.018993492789091,44.59403132823827,0
2026-01-16 13:00:00,-11.459867037627934,67.13617783289425,124,25.895674488052332,8.161936396663048,8.57571552531995,4.354513632041076,46.86190284476827,0
2026-01-16 14:00:00,-11.829703491101817,71.14610712364652,125,26.25859559120234,8.005935428260853,8.659593432240598,3.864487908359192,46.554361451383464,0
2026-01-16 15:00:00,-8.933950880752693,71.86646978235316,105,20.859992126629983,7.632267794801827,7.791210193651461,3.925872584907662,40.03239328671684,0
2026-01-16 16:00:00,-13.589387501179514,77.48921506416067,88,23.64694830194081,7.507527905794575,6.175978001734141,3.95740120660001,41.02781492848961,0
2026-01-16 17:00:00,-17.202815705712933,75.3387608201745,69,24.586079846652257,7.479041864245297,4.709956172403562,3.7805360330129902,40.89225602795408,0
2026-01-16 18:00:00,-11.794469128773637,78.32059452252548,41,22.421336423000376,6.735524182947865,4.132072742695557,3.837602250914594,37.140511803376,0
2026-01-16 19:00:00,-16.143923918120556,75.15587879203807,15,22.974010445470597,6.66807426385175,2.861893622645465,3.651527184283363,36.71871628923868,0
2026-01-16 20:00:00,-16.08830478796962,79.8233113020833,4,22.719872511547234,1.5686168425946618,2.473354733184867,3.654397735394552,30.5090109153109,0
2026-01-16 21:00:00,-14.951332036948703,71.27438577617662,3,22.24349463588828,1.6778388736732033,1.8036517559771323,3.6296742202917427,29.501886549357344,0
2026-01-16 22:00:00,-20.745542763152947,67.68362687295286,15,26.503471353101308,1.8490196781310697,2.974056738456951,3.6445431910654027,34.70568964401532,0
2026-01-16 23:00:00,-20.874375541486128,80.26593558422573,5,24.73388097565679,1.737032330859253,2.2935981986997933,3.426376439716477,32.13633571086508,0
2026-01-17 00:00:00,-21.898341565441402,83.7757005529608,9,25.648947337848742,0.8584000163350681,2.8900822849714514,3.662413864379046,33.078016330347026,0
2026-01-17 01:00:00,-20.875852244148774,82.10897317395701,0,25.74903126683117,1.326599197268664,1.775075437780102,3.335488674615889,32.026882416716965,0
2026-01-17 02:00:00,-18.897697928864925,79.70639341527334,5,25.734661547665233,1.6164121935023639,1.2965453137426648,3.5192058527555234,32.050624651029246,0
2026-01-17 03:00:00,-18.634701218323844,74.88450411801297,0,24.427808784026958,1.5896595626498167,1.7695531468713388,3.6733807929033984,31.565439244546308,0
2026-01-17 04:00:00,-18.706502967480812,72.18939971693705,4,23.996443956033247,0.9022484154451167,2.0598028368082204,3.7944531303562643,30.862888288207568,0
2026-01-17 05:00:00,-21.021655895863752,82.0766115361605,6,24.323993475330866,1.4380831837260035,2.3631874090793223,3.976412418792276,31.767440168040412,0
2026-01-17 06:00:00,-21.82225600136931,81.92537649821664,2,27.12904894884242,1.1623210727326467,1.2202929351467227,3.5437619032393917,33.12636008532199,0
2026-01-17 07:00:00,-16.95854572178899,72.35351474627879,16,23.447211199125228,2.034471081552664,2.5395798333364565,3.534231305466984,31.69374721509274,0
2026-01-17 08:00:00,-16.947099416278988,82.36686969736158,11,22.936368128840435,0.8124479314619424,2.795646607204077,3.7223425326290283,30.119235990100034,0
2026-01-17 09:00:00,-14.458257689316753,68.54650017970197,9,20.96852927863669,0.9927486465019971,2.24816154627549,3.9164953222242977,27.952956343461423,0
2026-01-17 10:00:00,-13.201758994517656,69.400178973142,7,20.390739567906664,0.6,2.0474195280405616,3.8579117189141363,27.006438099877435,0
2026-01-17 11:00:00,-13.43519599044114,82.89494826688085,13,21.118442298092774,1.384615700461579,3.372846879002575,3.496738119213718,28.729371158074187,0
2026-01-17 12:00:00,-11.821765000709329,77.07781537693546,0,20.305544711456086,1.892344094244378,1.3184981159258016,3.578923621880655,27.095831661133694,0
2026-01-17 13:00:00,-12.37468043108646,70.1329544879687,10,20.20032128622162,1.2644804335133477,2.9049196194929414,3.7675550924718135,28.545883407852795,0
2026-01-17 14:00:00,-11.743970159571322,73.5322618775398,0,20.600069122589474,1.135361662883489,2.2595623811433856,3.737956672865454,27.083860011016252,0
2026-01-17 15:00:00,-13.962284313960877,74.40046670261368,0,21.540966710162827,1.2925835697181216,1.698675092272367,3.688779288576857,28.426723377398215,0
2026-01-17 16:00:00,-13.419330649361758,56.59081479715706,5,23.37580560797744,1.1492983302474484,2.060199251112953,3.552687712398632,30.274096513678543,0
2026-01-17 17:00:00,-13.335687060624071,67.56292159862777,9,20.32614400204783,1.390109106700428,2.2785935701715263,3.7234447826860992,27.3587662543038,0
2026-01-17 18:00:00,-13.000181750884204,72.44505661050746,0,21.30928895976274,1.237274084264735,1.8818764903545917,3.739402620731549,28.297964369519406,0
2026-01-17 19:00:00,-15.908573494016766,72.79176126115674,0,23.006176617762485,0.8040551717672657,1.5324563891529954,3.4601969886524198,29.053240141359566,0
2026-01-17 20:00:00,-15.259095824349224,75.92693725724445,3,21.77082965498403,1.1210836509576163,1.7723332981070987,3.811535384866583,28.1816276891166,0
2026-01-17 21:00:00,-17.50287276320878,82.9040484500941,1,23.902868120619065,1.3776765242715863,1.6951489610959847,3.7527939270947006,30.55168144840632,0
2026-01-17 22:00:00,-18.094901843551636,74.64196167474016,7,24.995718562385324,1.5510016407970832,2.039516034730503,3.5167057750702466,32.10946879064341,0
2026-01-17 23:00:00,-17.209771521805806,69.56139986461716,23,24.50386066869363,1.9684755796679962,2.9251596962515687,3.8307364742539174,33.472649955491804,0
2026-01-18 00:00:00,-22.433558826345486,81.77427907082539,5,27.93403442713625,1.3074026233739782,1.0666288449337678,3.7419670483226675,33.91475334325543,0
2026-01-18 01:00:00,-21.599010632046717,77.23951797262822,0,24.42527607211082,1.2245249989355544,1.8439420895682532,3.7276728979160554,31.210893375270867,0
2026-01-18 02:00:00,-22.03398245796068,78.58910583853908,0,25.745923095375012,1.3625647028251189,1.5626394989307304,3.836395958166102,32.34129981085439,0
2026-01-18 03:00:00,-23.36215507806174,78.77097399362783,0,28.370094783060562,0.8918304252500423,0.959935011023385,3.598430733139524,33.82643035960937,0
2026-01-18 04:00:00,-20.198405743817222,91.59983110792884,0,26.084696398025066,0.8774773318037934,1.6424770432900784,3.6497281973734363,32.516048524111795,0
2026-01-18 05:00:00,-17.21510338692364,62.46710197420506,5,24.232169333428743,1.1463207498209607,1.9035691348966746,3.2241907617259726,30.532724189214704,0
2026-01-18 06:00:00,-18.248570195158262,74.35642422757282,5,25.385743038407362,0.7437438051560639,2.6488600371871125,3.7873734044861567,32.476355486589085,0
2026-01-18 07:00:00,-16.583890800865557,75.41578394675882,0,21.725410361540607,1.2424152700949682,1.5573465187067628,3.752937962638528,28.269920938788736,0
2026-01-18 08:00:00,-14.162597537899536,68.93509319972799,14,22.980795102159988,1.7191787126588924,2.8705055809430733,3.859405145717709,31.22972815177768,0
2026-01-18 09:00:00,-12.851334199593985,78.03745564246519,0,21.945269965700046,0.8514847243065762,2.422265401523573,3.459497938924571,28.429920012755804,0
2026-01-18 10:00:00,-14.381801771342321,78.66589740082458,1,21.489484894437954,1.270302216459845,1.572369080940284,3.7483068078692674,28.3813175070409,0
2026-01-18 11:00:00,-11.238297535886993,71.14219544098401,6,22.471602265127434,0.9878041321703025,2.1086262555622097,3.7768123944656935,29.754272449574156,0
2026-01-18 12:00:00,-12.826563049724363,70.99587975523112,7,21.481485740089774,0.8701985743017759,2.9629112987093658,3.530362508089065,28.39708027611203,0
2026-01-18 13:00:00,-14.057103870802832,72.87108689771225,10,20.38890501105881,1.9994463653158832,2.453039269817161,3.7983946640446082,28.78531768386948,0
2026-01-18 14:00:00,-13.524747881045734,72.51484098889743,5,21.96437136935353,0.8392184023939654,2.243187428931017,3.689456106654945,28.950966675206125,0
2026-01-18 15:00:00,-15.150438961656674,73.89259105248793,8,22.131366573769352,0.7962382386692543,2.0567357342142527,3.3772982339406448,28.058717497606256,0
2026-01-18 16:00:00,-14.493005920409557,72.74175983120637,0,22.977939652981156,1.1751503889693595,2.109172873694508,3.6876721230704854,29.831996252605034,0
2026-01-18 17:00:00,-14.148021917881497,75.12571232596548,8,22.564207939084305,1.337982517461268,2.222160823841487,3.5169189704857504,29.497008686275592,0
2026-01-18 18:00:00,-12.898172749364262,77.19290195099039,7,20.88760253681032,1.4595312494164792,1.3605536779540621,3.3766102128082665,27.559534367092958,0
2026-01-18 19:00:00,-12.183091911466889,64.75575804800872,11,22.29315484326111,1.9984298187284675,2.2451453597077324,3.6989829913349963,30.648825567127965,0
2026-01-18 20:00:00,-18.363975858448853,70.46899849843776,0,25.042667042683778,0.8280045646818794,1.2675695444010975,3.590200394535381,30.498147343059788,0
2026-01-18 21:00:00,-16.252327244124846,64.6981372561925,0,22.404013811446724,0.897547106709135,1.8505084339226452,3.810572035654636,28.59782935997213,0
2026-01-18 22:00:00,-19.533191978875692,82.84827838630235,7,25.09261528329922,1.7890819240573999,1.7724224063235046,3.6552578681560735,32.50262172227768,0
2026-01-18 23:00:00,-17.682155966073356,77.76355673369778,0,24.309183892933806,1.4286933179270247,2.015157809561616,3.716777899010553,31.605799799465668,0
2026-01-19 00:00:00,-19.13323789508822,80.38153351691278,5,24.62086736893307,1.4700284682166065,2.0951435394202087,3.6963214049075224,32.193359156775564,0
2026-01-19 01:00:00,-22.37258197162609,71.20244704853874,8,26.628578020465326,1.0375459565724383,1.678395948389511,3.7851436032039194,32.86489488566955,0
2026-01-19 02:00:00,-17.801196790007126,87.06058632978618,0,23.994074160815718,1.4940608771442883,1.5783578479738425,3.4670388982439633,30.714417039298382,0
2026-01-19 03:00:00,-20.28854327946013,74.56330201072296,0,24.55471623485696,1.3811139870633626,2.079253215733988,3.6297804945169023,31.46192412684496,0
2026-01-19 04:00:00,-19.81802099415413,78.87275058828314,0,23.348239905747814,1.166338043841778,2.316596866116285,3.5788896145391704,30.565855304496726,0
2026-01-19 05:00:00,-20.172754509018937,83.25587384583444,0,25.53150550509661,0.8952752664182778,1.39391044592673,3.6980525075758157,31.509463891599207,0
2026-01-19 06:00:00,-18.741583246042392,71.13430889975537,0,22.91899832326844,1.137343444035956,1.3061517772765288,3.6383719615146246,29.476020006837768,0
2026-01-19 07:00:00,-16.057754584351013,71.76536978718727,14,22.64906669640781,6.728970410969145,3.4479432231354745,3.563894320102125,36.50172307448957,0
2026-01-19 08:00:00,-16.20101705526544,76.22579343905433,40,23.019324004895093,6.237111286588712,3.9956044240772464,3.709309969012223,36.88285110622266,0
2026-01-19 09:00:00,-14.414709613934509,90.95587066323912,67,23.02677601787297,6.826070326177786,5.526161020894889,4.115275406280835,39.52876612306673,0
2026-01-19 10:00:00,-13.514034523994514,74.94227435010804,88,24.899224163212246,7.264269147725267,6.307274025204258,3.6978473322683074,42.143485054187224,0
2026-01-19 11:00:00,-11.159303127122751,81.00764424912637,118,24.064549281683135,7.88021259539659,8.386849102843176,4.1784047060298,44.22140660161887,0
2026-01-19 12:00:00,-13.430949218897458,80.30725078532484,114,25.21323018258603,7.94649215971764,8.84179305444308,4.242216944509952,46.724955379837695,0
2026-01-19 13:00:00,-15.009219572299555,76.46497489819177,122,25.56262592503453,8.431499859870668,8.624464370985619,4.174825572875358,47.19309565941716,0
2026-01-19 14:00:00,-10.565023567501179,64.98859304584181,113,23.198034398079834,8.095494940046112,8.494233462112705,4.347651237694699,44.091338171923255,0
2026-01-19 15:00:00,-13.062091176227144,79.15509004707977,103,25.12217700957989,7.7752943676762,7.478042735441346,4.152777347061284,44.70326164274576,0
2026-01-19 16:00:00,-10.953405606646472,62.22639215509657,80,22.75130543960975,7.43694771627812,5.738388564219226,3.9776185570606546,40.41711761257824,0
2026-01-19 17:00:00,-12.752686849110432,82.16976587889538,60,23.79469762131764,7.198396836127113,4.792543498818152,3.7699905662373165,39.8648526023464,0
2026-01-19 18:00:00,-14.352235477019235,74.96420845707395,37,24.031370186371888,5.977402918819642,3.331989021112827,3.80840011707714,37.07231439144469,0
2026-01-19 19:00:00,-14.380515997936024,57.88404571466297,19,22.44392339219632,6.6170544671141105,2.943003962614008,3.7782522880282143,35.76024480502804,0
2026-01-19 20:00:00,-12.562580323458839,70.3788986724031,8,19.72449715886973,0.9547554699897591,2.7907499571425007,3.632525063654042,26.67314403784589,0
2026-01-19 21:00:00,-13.254301434140991,76.86441300114338,0,20.7221789125488,0.9447713700878793,1.8724549239678707,3.4885760086133146,27.221674176020752,0
2026-01-19 22:00:00,-17.511353745947826,74.71137207122227,0,23.718433747951586,1.2191523625962553,1.6614981816163796,3.4193666000990333,30.329162200781404,0
2026-01-19 23:00:00,-18.081851401187436,80.85142341685201,0,23.50628417108542,1.073607960198629,1.4446621114706821,3.627811032807146,29.964791817109383,0
2026-01-20 00:00:00,-16.941703977965528,70.60613297720036,0,22.622488938153,1.2704256543826689,1.9599506382803284,3.3779525688327645,29.406077866697608,0
2026-01-20 01:00:00,-20.558587480129074,70.58304637337115,8,25.899782565853652,1.2936397714597418,1.6828405762428695,3.561268596581373,32.52561816342779,0
2026-01-20 02:00:00,-18.674003698961812,76.57683035593573,0,26.415164627584474,0.9987336995284326,1.2896545147816256,3.235238929368471,31.6893387085973,0
2026-01-20 03:00:00,-19.16493056594614,77.5630919281991,2,24.435109278619656,1.6710653592816986,2.3150734704382625,3.732952779443187,32.23412827338852,0
2026-01-20 04:00:00,-18.23766828618054,74.58794510826148,11,24.60060292399129,1.5458229362035474,2.2800192219467315,3.8171070063756782,32.08563659047546,0
2026-01-20 05:00:00,-19.631824036679753,85.08761490736296,5,24.151829239489466,1.295741063797467,1.941145613142493,3.631842209039366,31.151852982340593,0
2026-01-20 06:00:00,-20.192488071038092,73.04312180244423,0,26.346363925235302,1.3423819443007783,1.7239202926592627,3.87471885477897,33.09641846876025,0
2026-01-20 07:00:00,-20.170161831456866,80.00661501758674,19,26.703488296926118,5.995134677552376,3.1716419800356714,3.878108012832441,39.87807697458659,0
2026-01-20 08:00:00,-17.63977632449518,76.63765207035314,39,25.880657579779935,7.36317010963584,4.019476202860965,3.827967857272082,41.422052602861775,0
2026-01-20 09:00:00,-15.61410465895089,65.37028278139667,72,26.304017351235313,6.8153269796209015,5.425613351250338,3.871017845863167,42.51026344232044,0
2026-01-20 10:00:00,-14.488649029715742,65.95230567027573,93,24.956543353479283,7.61360903040269,6.596808502373174,3.919590282167513,43.168665853504066,0
2026-01-20 11:00:00,-9.972056622129752,70.55050856408911,98,22.611858584958757,7.56375080248379,7.102200135118834,4.0763736611539985,41.58243990792269,0
2026-01-20 12:00:00,-10.828945690324904,83.00890925986546,118,25.41869132589776,7.910454968600534,8.42599888421214,4.050815973865857,46.24854481603227,0
2026-01-20 13:00:00,-13.995037838181874,76.97189725002927,119,26.428304428501132,7.883010135289834,8.329020525425936,4.158234530248618,46.77174859340459,0
2026-01-20 14:00:00,-11.649118963246218,61.383030271566874,120,22.821111541607475,7.789901499650525,8.343979416222112,4.173368042074927,43.2586160017341,0
2026-01-20 15:00:00,-13.05151594219666,54.12570856593147,111,25.45873602698367,8.31391977168284,7.925827601577064,4.009563112828479,46.0858546578267,0
2026-01-20 16:00:00,-13.192552943835471,77.29273626590289,93,24.081322258808893,7.152354021895991,6.898699017707618,4.136367872343448,42.436065384855794,0
2026-01-20 17:00:00,-12.95029599425378,72.13544109812113,67,24.214709136392514,7.450247364539337,5.133827693846228,3.833717311454138,40.13190718594002,0
2026-01-20 18:00:00,-12.937632433554677,79.55082014222822,50,23.22037918699785,7.026988207152344,5.048172910552449,3.803200782296799,38.91983645048283,0
2026-01-20 19:00:00,-15.411096097156848,69.27401454859898,13,21.641001525132733,6.000688103912229,2.2979598451636747,3.5053713099513453,33.63278130927259,0
2026-01-20 20:00:00,-13.931675726764437,75.55003178222448,0,21.935436057919755,1.2864125493278487,1.8581492478078268,3.5594074897510612,28.53936218089861,0
2026-01-20 21:00:00,-18.587384974713757,82.01757950920249,0,24.589185467135263,1.044735343806199,0.8728491392827338,3.923729768396312,30.79058838771005,0
2026-01-20 22:00:00,-17.47944692639699,73.42480336555886,2,24.138849206482078,0.750647781521727,1.8131715703737588,3.472942014669467,30.640091576457163,0
2026-01-20 23:00:00,-13.799051731352847,70.79277537712824,0,22.103873085715296,0.7183482208651829,1.3051848764641365,3.6656568540561154,27.645501745579768,0
2026-01-21 00:00:00,-18.248926815223015,76.83827209800761,4,25.561150320686732,1.4014045307643919,1.5794402036353197,3.5478263271633153,31.831695714645576,0
2026-01-21 01:00:00,-16.541349195221688,78.66206997577824,0,23.56509372492001,1.311249613289758,2.889983676135052,3.267914774772609,30.943946201780918,0
2026-01-21 02:00:00,-18.94148916154599,77.12011284408803,0,24.644382482076242,1.1847039950117269,1.9122866552838869,3.6838455634930263,31.320489382897854,0
2026-01-21 03:00:00,-17.99049279439153,82.33684762235058,5,25.167859864097665,1.0529692112308229,2.6267099801219906,3.5365813611589396,32.76814248857902,0
2026-01-21 04:00:00,-18.724693808153557,74.27190922051298,0,26.294514987600877,1.0333489632291426,2.184886612494354,3.647856182451201,32.90177314120536,0
2026-01-21 05:00:00,-18.361640086572507,68.80085883215072,4,25.161807853546524,1.058056394992591,2.4624592968991292,3.764457844385781,32.632388941142736,0
2026-01-21 06:00:00,-18.672193538873657,88.86599736283432,0,24.63483715399319,0.6,1.710417752283106,3.6351897576282135,30.927404148991307,0
2026-01-21 07:00:00,-15.771427812071428,71.20076843979889,18,23.76345257081656,6.2454386375896975,3.5128809053601886,3.7212448268856746,37.44782204813949,0
2026-01-21 08:00:00,-17.044686686056252,72.3728625122357,48,25.41075328543123,6.946859201423326,4.821009284359422,3.661809011428939,40.94954460040506,0
2026-01-21 09:00:00,-13.559711904848793,72.77496400220349,75,24.144447637030957,7.273663079572372,5.943600728311036,4.006023804128694,41.32718245211475,0
2026-01-21 10:00:00,-12.002085556882399,72.40465082558569,91,25.518346288196895,8.157202210206721,6.923480331005924,3.935547397931459,44.9968203853064,0
2026-01-21 11:00:00,-12.49909633798424,70.05422039855847,101,23.82523317657771,7.366403249309507,7.2934704125918755,3.7042357089049207,42.128028632791164,0
2026-01-21 12:00:00,-13.052607398239587,72.68485216698564,114,26.124436953573117,7.720613699087198,8.09350763318987,4.180086664306789,46.3557160295251,0
2026-01-21 13:00:00,-11.444591587603924,71.34487030213391,124,24.517177566649814,8.178556648489284,8.600379669210966,4.265947427939877,45.52237751202493,0
2026-01-21 14:00:00,-12.621817658869347,73.51527920627684,110,23.62631890603324,7.965318383567351,8.02169013405642,4.2621683683337706,43.41507002122354,0
2026-01-21 15:00:00,-10.625902959137953,56.82450246542957,105,23.327369521430807,7.124576981240804,8.357988210634709,4.345623450360934,43.08814748596146,0
2026-01-21 16:00:00,-15.679374894360619,86.04478901281756,88,25.376616771726027,7.694944299956461,6.097653647368569,4.068030182144164,43.19817394378466,0
2026-01-21 17:00:00,-13.692732256089228,72.38581931085957,68,24.423846563265876,7.21091089384446,6.054059643578963,3.949095817665281,41.60206413096053,0
2026-01-21 18:00:00,-17.23145385615124,79.40732610879533,38,25.037283414694574,5.842212469658419,3.724294482329929,3.9157321612932603,38.354445007472236,0
2026-01-21 19:00:00,-17.23281021796787,67.65599961427176,7,23.062408435502988,5.9851517558902785,2.7563484167191623,3.4949507279977174,35.455301924080224,0
2026-01-21 20:00:00,-13.278507673756799,70.1328791878221,5,22.693340781570715,0.9070104673214665,1.9249495866436286,3.3692045853282724,29.078777791449845,0
2026-01-21 21:00:00,-14.981125652947402,70.20194904178807,8,23.48116008229007,1.0853368574901734,2.425739154443114,3.5604486787243363,30.476230045568943,0
2026-01-21 22:00:00,-18.570189861024588,85.74598498281972,0,25.67955454507138,0.6316647253627481,1.7285200880420868,3.7915866266029523,31.75277210550438,0
2026-01-21 23:00:00,-20.626203073862886,74.95477066438187,4,25.93276951409496,1.3176660375357505,1.2412335444797833,3.5168351301723337,31.745832160627607,0
2026-01-22 00:00:00,-23.520682427727994,85.18899174243654,8,27.53340935345768,1.860621733199579,3.022539594332294,3.701841588148868,36.182002852772655,0
2026-01-22 01:00:00,-19.75457724564887,73.91341021819748,6,25.87050318857124,1.3007582509595992,1.7057608739151147,3.7099945954073226,32.93149675765273,0
2026-01-22 02:00:00,-14.835188969331066,71.41067808907462,0,21.782429585475295,0.6,1.837747287520342,3.6366397706162874,28.20147092667439,0
2026-01-22 03:00:00,-18.09133162067519,75.09519772430228,0,24.23701998376748,1.1999586130664797,1.3264101962212167,3.408355146724734,30.02195665934699,0
2026-01-22 04:00:00,-19.43225628968132,85.27726297823679,2,24.84016632855807,1.067876422730338,1.3083492568306458,3.6594058619168273,31.373595811792654,0
2026-01-22 05:00:00,-17.134131868154046,64.51148294693482,3,22.513969029777407,0.7686456128360641,1.8727770721398906,3.5487669804377964,28.613615844968514,0
2026-01-22 06:00:00,-19.853523690242202,69.99616143603505,3,25.36200814421173,1.2777683409868597,1.6979199320683778,3.8674291788308435,31.951140671480392,0
2026-01-22 07:00:00,-16.86121086459645,63.96207715430843,17,23.661728788071297,6.513917654844575,2.2090332404121082,3.8385317694402823,35.88274987511377,0
2026-01-22 08:00:00,-15.280782786024895,67.93557437094996,38,23.63881228467979,6.350027281337402,3.874055323372766,3.6940560386128842,37.28788398470675,0
2026-01-22 09:00:00,-14.690398940388611,69.14819889813882,72,24.97145934194536,6.620693516215838,5.093141974605976,4.152860471773695,40.92159275865478,0
2026-01-22 10:00:00,-12.355524083278514,62.57975553791655,93,25.079230475490835,6.869914716159996,6.971463209286535,4.023556711393779,42.87979908113923,0
2026-01-22 11:00:00,-12.389123871397446,67.88695642386007,108,23.926675772972136,7.611010217245138,7.682702931451134,3.781254520283678,42.843641473719266,0
2026-01-22 12:00:00,-11.282651346122522,59.3737016239914,117,24.00969120864757,7.9515737857590665,7.118817284474424,4.0562542075790455,42.92448772138026,0
2026-01-22 13:00:00,-13.239386977932202,66.82160789084307,130,25.256778290112827,8.059398052726882,8.71460054362757,4.365291689194341,46.124539211473106,0
2026-01-22 14:00:00,-10.42360829585372,78.02022862135149,113,22.97654834135596,7.694851267568167,8.22578450460204,3.929024224577711,42.603741136947285,0
2026-01-22 15:00:00,-9.299961287179126,72.39649938707096,114,22.548322391644074,8.150764834494854,7.591404351769566,4.045764014229641,42.59010401010142,0
2026-01-22 16:00:00,-14.068059760313519,74.6758508532703,86,24.652314434729682,7.609989116151074,6.7603064874961145,3.7400230523354296,43.21346721958061,0
2026-01-22 17:00:00,-14.484103370713486,67.84640619036043,76,25.16947728051582,7.337857690966068,6.17470564446111,3.723830055019728,42.87216073841757,0
2026-01-22 18:00:00,-11.429061118407255,62.3552860845371,52,22.34521206050408,7.121770724520437,4.202025357871508,3.6828640384144076,37.523643913359024,0
2026-01-22 19:00:00,-14.86931260967443,67.31704800405014,16,21.978715714344567,5.9582924265216395,2.674472963512307,3.479890263281279,33.96830235936213,0
2026-01-22 20:00:00,-13.063398123638505,72.53828963135278,12,22.672099170844056,0.9329042677295013,2.831245987506445,3.5552588872946322,29.824554941637434,0
2026-01-22 21:00:00,-17.108071858227184,81.04011457203039,5,24.493211522953395,1.00718321402042,1.680609996292768,3.8807424926751546,31.250782182738014,0
2026-01-22 22:00:00,-14.72631701049144,79.4589422606805,0,21.460315345597273,0.8930440299113803,1.70738524908842,3.594589115100136,27.59374418913278,0
2026-01-22 23:00:00,-17.701242335735294,80.05960592670147,0,24.886009268262118,0.6,2.317607603091514,3.7178282551368156,31.624424262974113,0
2026-01-23 00:00:00,-17.89082993544988,71.99278126717974,9,24.59323209263795,1.0710509761585603,1.9090655708583553,3.799735352536213,31.855693488616367,0
2026-01-23 01:00:00,-16.019449777025827,75.1618863271933,8,23.086116628334782,1.6306976943137788,2.4466212286109537,3.4657345302692284,30.683377226167636,0
2026-01-23 02:00:00,-19.413739833508018,75.63224969490753,0,25.1864331390181,1.380298700716252,1.314364001268477,3.4752731381361084,31.92583184190055,0
2026-01-23 03:00:00,-20.27937797693709,77.00239490173432,1,25.416422590123094,1.3018143499346282,1.782567143562247,3.7188728091191297,31.93795818857543,0
2026-01-23 04:00:00,-19.092378088746663,89.54205094831889,3,25.25464221505819,1.200066315132943,2.166027021558253,3.5168575491729683,32.2494487026813,0
2026-01-23 05:00:00,-17.004636039912505,65.1814756079127,0,23.652541321654187,1.6071144841497111,0.8,3.704938075743695,29.843028011687604,0
2026-01-23 06:00:00,-19.7105204445598,76.37482943788629,16,25.36216101602692,1.0169412367962138,2.439554613496615,3.9155983631556475,32.488234911645144,0
2026-01-23 07:00:00,-15.120896145204842,81.61116555208058,19,21.4544583568897,5.904310507312997,3.03819936723387,3.45769256688839,34.05507468471676,0
2026-01-23 08:00:00,-16.214641261803088,66.36563197615108,44,25.00623796435133,7.085503345790987,4.321629849139279,3.7224598755734792,40.518533533484536,0
2026-01-23 09:00:00,-12.441581840747045,68.46870182896278,76,23.217193244923894,7.277661713893549,5.744929726913294,3.874259294093359,40.66471143413186,0
2026-01-23 10:00:00,-17.618972540183726,73.03999841973196,88,27.561361361022755,7.249087592534537,6.142938097488473,3.8730450323394368,44.92925454769026,0
2026-01-23 11:00:00,-14.161018105377098,72.28102524670892,112,26.158730550939293,8.109173619364764,8.24280919698741,3.9568038990001675,45.99249056078809,0
2026-01-23 12:00:00,-15.134636965705365,64.77523476664172,107,25.884958071184304,7.6725365634092055,7.5399169681151825,3.9541818777877467,45.17084091949508,0
2026-01-23 13:00:00,-13.322579722659906,76.56365115402318,117,26.280486792004613,7.712866076584543,8.480406240733052,4.065712391105729,46.72496139580137,0
2026-01-23 14:00:00,-11.377697989967722,75.53099718755465,123,24.707938163650535,7.81112686549652,8.736100410982878,4.116732720245057,45.313101660972585,0
2026-01-23 15:00:00,-12.22267489310577,75.21725811993701,116,24.920065715903817,8.100542276359105,7.97866177149418,4.207011626396447,45.26006120901191,0
2026-01-23 16:00:00,-12.698382975819014,67.30154518611778,85,23.869573576564513,7.502035423820732,6.957652784347593,3.9362321996785,42.14463740327411,0
2026-01-23 17:00:00,-13.094470569046113,73.33991767150835,64,24.821637499838584,7.582861368329583,5.052575075483728,4.023726242095146,41.44737628377446,0
2026-01-23 18:00:00,-13.202970012799021,67.50558607218474,48,22.407109224146904,6.662468763689474,4.975704288368357,3.7032299884877595,38.00288401102065,0
2026-01-23 19:00:00,-16.107374635297386,73.08495101184397,14,23.21413765850524,6.04449769292073,3.164581638746389,3.475795574358257,36.24626849958103,0
2026-01-23 20:00:00,-14.09708563232454,86.49362178726867,0,20.82644155068423,1.6038717356844208,2.2725516035206015,3.5542868948382123,27.9394745542439,0
2026-01-23 21:00:00,-15.078064530056427,74.88272066311985,7,23.211662289292327,1.5709763776471566,2.103747480985166,3.697373898185799,30.45592945000262,0
2026-01-23 22:00:00,-16.394165527837554,68.17046468995512,0,22.682896801059645,1.1507144063169588,2.9461856149655947,3.729070005471714,30.11175320485302,0
2026-01-23 23:00:00,-16.827496903328694,76.70263472148001,0,23.023919738549584,0.6,1.8683300065901596,3.819035037843381,29.770865847687677,0
2026-01-24 00:00:00,-17.670803164709444,68.14232681715222,0,23.475516529805727,0.8158508262008688,1.9084754154809067,3.643530045597553,30.061067696957338,0
2026-01-24 01:00:00,-15.06474063020755,67.1044931175656,2,22.49772709837029,0.7670668209142923,1.9000723946428513,3.7209539008750747,28.38556936482271,0
2026-01-24 02:00:00,-18.791684943627892,70.84702489202817,0,23.53856959957686,1.1127581219147793,1.291605085324646,3.805316905107219,29.73211602130864,0
2026-01-24 03:00:00,-19.046406716019145,74.61894832384027,0,22.892319682409294,0.9220806099104597,2.382782956823144,3.4831129652792114,29.609431446384566,0
2026-01-24 04:00:00,-19.455710652691707,83.21359696305399,0,25.290475408475405,1.661016712494805,1.542418456651228,3.568478850091362,31.873404691663424,0
2026-01-24 05:00:00,-19.373345126973867,81.00039803333144,12,23.605694008681873,0.765996975179097,2.873824961716791,4.063636981579943,31.568222256416803,0
2026-01-24 06:00:00,-19.009226891760456,80.39489213830431,15,25.873661824402962,0.9635310990805506,3.146798898743344,3.7884583413453865,34.02579687419068,0
2026-01-24 07:00:00,-17.560446943190012,69.57678781384925,0,25.071881426678324,1.1856200747079482,2.0714946212471794,3.6766050463044557,32.072964071358335,0
2026-01-24 08:00:00,-15.263781501647149,71.19994999362147,4,22.501614227807316,1.3545026174174595,1.7086138258457633,3.7500536266488593,29.154371187339454,0
2026-01-24 09:00:00,-13.66945647653369,74.8840989986994,0,22.60787911376593,0.6,1.646514785019518,3.3996484281540966,28.09573031962289,0
2026-01-24 10:00:00,-13.306683353299952,69.21009260264448,0,21.338471209279398,0.6,0.8,3.5029760357127504,26.252428932667627,0
2026-01-24 11:00:00,-13.970161090316225,71.80742217593058,13,23.477086359645707,1.241738707400785,2.4625895546350325,3.5001553180782934,30.567285850409913,0
2026-01-24 12:00:00,-10.582222180759155,73.58481879074907,0,19.41271458314974,1.5746152710197387,2.161219584464993,3.662791247956375,26.80988532306157,0
2026-01-24 13:00:00,-10.505882917915278,68.78677610122865,0,17.841506644845964,1.7607163098259395,1.6931227144131344,3.5446550902634586,24.979521033394402,0
2026-01-24 14:00:00,-11.915026975456056,73.2926277662042,0,20.486786250479312,0.9549258784429411,1.5344638684842027,3.6143082733695633,26.207102154967618,0
2026-01-24 15:00:00,-12.8728419067569,82.21100216618508,9,22.78761886064759,1.2022735579028543,2.161013884150725,3.5893475629051763,29.550707794559994,0
2026-01-24 16:00:00,-11.180208474182432,70.35400356171483,0,20.552495559778144,0.8070969849503751,2.3469146866435584,3.356039110877155,27.054123102044553,0
2026-01-24 17:00:00,-12.349196019959333,79.33792387328472,0,20.390275108746135,1.321622239960143,1.7755354399979415,3.7327464655731033,27.611515478583243,0
2026-01-24 18:00:00,-15.855441193844207,78.2478012992273,2,23.169276827857423,1.670985354572876,2.7460622793838763,3.3436705344293087,31.1413283837453,0
2026-01-24 19:00:00,-14.353324630153292,64.96154151169438,0,22.741828156250953,1.5396072580830173,1.5431699228018747,3.490852989109303,29.314562319849177,0
2026-01-24 20:00:00,-14.69816397231218,67.41080080365299,7,22.341441952809486,1.2158497855706043,2.2827543033090683,3.4306791580017832,29.371302376469675,0
2026-01-24 21:00:00,-17.57897264772663,71.18265418737559,9,26.251916203955346,0.9685139032026715,2.099969133467838,3.5040388244689655,32.79906209816601,0
2026-01-24 22:00:00,-16.570891085014974,70.29915881216453,0,22.837182464093097,1.1028689515084373,2.7335188861910953,3.630278784422962,30.573155029677924,0
2026-01-24 23:00:00,-20.091696811929783,77.52703413230645,15,26.620192728555068,1.8532753465517522,2.705867390089212,3.845253444090423,35.13302719713511,0
2026-01-25 00:00:00,-15.744197487342621,78.4960124039979,0,23.381184331844157,0.9598190155786837,2.757634261740532,3.365850751659945,30.784188421919133,0
2026-01-25 01:00:00,-16.24385036152848,82.7138382713747,10,22.851571269928073,0.6445998397282865,2.1609426002939562,3.5564187972548607,28.874697836603982,0
2026-01-25 02:00:00,-18.913904412432817,79.0344788416751,3,24.37551234533289,1.0279967613388865,2.6524106291347778,3.3496433560586056,31.20401545684238,0
2026-01-25 03:00:00,-17.74749296180309,73.63654238503305,0,24.748024835829284,1.0023409862790813,1.853101517523073,3.509188196145885,31.181298369936183,0
2026-01-25 04:00:00,-22.1125811992231,67.09098843763809,0,26.581127405632788,0.6,2.176495017545519,3.6107838102949423,33.09178403064046,0
2026-01-25 05:00:00,-19.425289700721756,77.99250472804533,2,25.247125407800432,1.2172130661994118,1.3611300599409275,3.723061635072885,32.148614781514915,0
2026-01-25 06:00:00,-17.234049108376396,76.08015799345225,3,22.431974599894822,1.3311016321393894,2.121786277144188,3.2942157020291845,28.72714155228644,0
2026-01-25 07:00:00,-17.71311773840226,77.38241082503544,0,24.43840721240299,1.7509624151864087,1.3188958029041848,3.6825827729886784,31.182579390391304,0
2026-01-25 08:00:00,-13.770150923645657,85.96505497895424,1,21.891525010980537,0.6516680651049107,1.970693380317263,3.458103998639198,27.952509957750728,0
2026-01-25 09:00:00,-10.683354183987364,78.45609491514895,0,19.785217408599745,1.3556825009510676,1.116724476132831,3.4175713834209653,25.734655422209713,0
2026-01-25 10:00:00,-15.234869967147588,79.1365179848606,0,22.76493807139286,1.438392652911557,1.7576626411928578,3.610123154263762,30.00443167508316,0
2026-01-25 11:00:00,-13.93343899690969,67.67761646725268,0,21.39402045250822,1.2818673258273585,2.293025416707017,3.694071945674635,28.88205404430185,0
2026-01-25 12:00:00,-11.55327380474536,68.58698685837857,0,19.867376803645527,0.7476194285045565,2.0463992455473923,3.584931789730056,25.84532368704444,0
2026-01-25 13:00:00,-8.864987099656682,69.0796726831715,0,18.588184092489588,0.727275661740121,1.244722477684102,3.4360304033141853,24.379652497047214,0
2026-01-25 14:00:00,-13.562661275435612,68.51955321251458,5,21.309980997098016,1.2240188632993354,1.2207261277233066,3.604852849828571,27.736044594051936,0
2026-01-25 15:00:00,-11.180523144184237,74.38817950804888,3,21.974127072461414,1.1855621809462022,2.188625061207346,3.5032232199750406,28.917306176389722,0
2026-01-25 16:00:00,-8.857327984489956,71.78444908366168,14,19.996746814079046,1.1561981613799528,3.281539457911286,3.746604871243235,27.77664799264398,0
2026-01-25 17:00:00,-15.317741761869613,67.95845956307406,0,21.749515082707013,1.5520729547366394,1.3662242834084248,3.7613036746953896,28.39121125163406,0
2026-01-25 18:00:00,-15.41244259575569,81.74023220139351,5,24.383253507346975,1.049736946127779,3.0188318351793626,3.7717192986327164,32.340723584264346,0
2026-01-25 19:00:00,-14.798889517242378,74.71302914078495,2,21.947070630851528,0.6,1.90707802032395,3.6050377253029984,28.30832412982951,0
2026-01-25 20:00:00,-15.869625245971974,64.52779205402547,7,23.112946936635172,1.147580219923307,1.3035879098465353,3.796399102684336,28.917902221277124,0
2026-01-25 21:00:00,-14.509069412795403,73.57374490952674,6,22.98319401536639,1.3760956718859971,1.427603839478924,3.4708529570067603,29.065470346821154,0
2026-01-25 22:00:00,-16.32380342042235,76.9300913008542,1,21.56681514872687,1.2376864032213661,2.2014771172171357,3.871429949863719,29.151912721889435,0
2026-01-25 23:00:00,-20.476934179662308,84.19445480336118,3,25.432001146651363,1.2709779054989814,2.0233056183757654,3.4580126883902818,32.559738626585776,0
2026-01-26 00:00:00,-16.976668639108983,73.70764306057205,0,23.027800729909472,1.6228961550248373,2.4669994346069686,3.295482121447415,30.520810299154476,0
2026-01-26 01:00:00,-19.18433391131117,82.35588003816662,6,25.140977732195786,0.8178232999042567,1.5908438549858162,3.828815461424205,31.665588401915134,0
2026-01-26 02:00:00,-16.15521714199472,76.23926477711734,0,23.30606568896929,0.951702078077264,1.8533226591737009,3.4934798368196063,29.718390580791443,0
2026-01-26 03:00:00,-19.26941661474933,69.56173480683653,7,24.99945414428873,1.766768913303641,2.1880424776247605,3.6455108323757823,32.840547557121404,0
2026-01-26 04:00:00,-18.93511230531416,68.71033358809053,2,24.593447298539022,0.6,1.8456434646242412,3.4533787929613586,30.52875012490774,0
2026-01-26 05:00:00,-16.376727406580038,82.01790477583111,0,23.990606993924775,1.0812069434790308,1.6278267471088534,3.9545405111010683,30.77416833141828,0
2026-01-26 06:00:00,-15.27480239082203,81.63200686340713,1,22.77557413094401,1.548122390332962,1.6917852810076837,3.8772726505086346,29.587309804447507,0
2026-01-26 07:00:00,-14.965875149962102,76.16186174489991,17,22.94834759501957,6.630905687826921,2.8135906209261687,3.8999830896836545,36.47336130994945,0
2026-01-26 08:00:00,-17.687292850349,85.23970996484192,52,25.836926326370527,7.067040730496224,4.7961614625271975,3.8212536605911525,41.20829396801379,0
2026-01-26 09:00:00,-13.001252205057975,79.09059824804312,88,25.7294374769578,7.723903755616593,6.753657782546459,4.0991048844625535,44.48635791607855,0
2026-01-26 10:00:00,-14.830101098641304,78.22434820085931,97,25.77459781879924,7.281641906930703,7.677694379008203,3.9800421904511962,44.604230535943934,0
2026-01-26 11:00:00,-11.94693428694186,66.49233178280437,103,23.762663082453713,8.234611979375215,6.924424669470076,4.180330201959019,43.194527009249,0
2026-01-26 12:00:00,-14.211037037727692,84.04685028448984,120,24.55520221099321,7.639978401049973,7.584742409472869,4.0184085954477435,43.560132436812054,0
2026-01-26 13:00:00,-10.682289367959877,74.22952561921956,124,23.028577934188764,7.732855443219319,9.07763427447454,4.333705662360537,44.046871267391424,0
2026-01-26 14:00:00,-12.692995548117358,70.2047140134183,111,24.51331670184426,8.033755945907311,7.4804137315909545,3.9748691530126417,44.09434826220028,0
2026-01-26 15:00:00,-13.621515924225971,69.20651691133769,99,24.918777760887746,7.509444926498981,7.07423588162317,3.9439063643512036,43.63494784167385,0
2026-01-26 16:00:00,-10.577194265529211,72.47359838823006,90,22.480275506318748,7.592343844663916,6.47455516205275,3.890020653796222,40.71064296112138,0
2026-01-26 17:00:00,-11.93610798979143,61.92572648331284,74,23.433857815715676,7.38276847774808,5.584919455058703,3.9248678547075024,40.038895187269986,0
2026-01-26 18:00:00,-14.11553797316275,77.78469313198924,35,22.59720558882775,7.152338408781442,3.068781182798784,3.681770623561122,36.12481259904708,0
2026-01-26 19:00:00,-11.448906709600193,65.86525514403598,14,20.038774475459764,6.303803604948244,2.3137125855193785,3.7290883353810442,32.14155241833181,0
2026-01-26 20:00:00,-15.570886527463387,76.90181354854327,5,23.336229254214693,0.9735129935445397,2.3671990005257895,3.5478519524897973,29.95839114510101,0
2026-01-26 21:00:00,-15.67306102290306,71.62507374302834,2,23.89589099078618,1.3727707853651474,1.908230852175511,3.7266182781776047,31.29521813867417,0
2026-01-26 22:00:00,-16.1146245497412,73.49945613595769,10,22.450748160652658,0.9888860299712607,2.5770282078281115,3.8677550527162845,30.219469475413383,0
2026-01-26 23:00:00,-18.35008323296638,72.2211031881344,0,24.47802096608675,1.4196044335316145,1.5767631011498182,3.611632071569257,30.836866389041365,0
2026-01-27 00:00:00,-16.88528772257409,74.69658920484575,16,22.469463152569915,1.4106197718492395,3.0862806958518685,3.9967492652154775,31.39069015700738,0
2026-01-27 01:00:00,-18.942739890300203,88.54333219382927,0,23.447158631792387,1.240190335654932,1.5712371560954093,3.7691294014307553,30.34784018585245,0
2026-01-27 02:00:00,-18.854915655875992,85.45154450419884,0,24.104838418026333,0.6,0.8511492147633476,3.920735476766235,29.06932239505232,0
2026-01-27 03:00:00,-15.719378412454493,76.91640753931361,2,23.73516782512536,0.6,2.052480706816834,3.5988201609422243,29.728910610372647,0
2026-01-27 04:00:00,-19.455215710625108,77.43964618957912,0,24.301060288398183,0.6,2.145323146062906,3.3507811199575097,29.982349591345255,0
2026-01-27 05:00:00,-21.231730804841483,83.98900524778843,2,25.371523486995617,1.7470197994944636,1.658342444411348,3.502079416360892,32.25731973591139,0
2026-01-27 06:00:00,-13.666537616588215,80.0297255770865,2,21.665461643136723,0.7341458120035185,2.4496428203337866,3.51737949647491,28.370982802963162,0
2026-01-27 07:00:00,-11.227139646535353,66.44144444165633,17,20.77640788391038,6.462308430696126,2.352188515532827,3.525046182685694,33.119835974600065,0
2026-01-27 08:00:00,-15.344088259372299,74.043432988736,39,23.276466012232195,6.377332270381253,4.2468270657903,3.4266143030551515,36.820557803122924,0
2026-01-27 09:00:00,-17.041888519303928,64.84966701206947,72,27.633272595006865,7.111989465273266,6.545149173970717,4.041697011106838,44.97529851182379,0
2026-01-27 10:00:00,-13.43295326764154,79.81332761229653,88,24.29882219673979,7.468347910725759,6.656528942967197,3.672997125735338,42.16173489512437,0
2026-01-27 11:00:00,-12.666835788684658,84.89027238771862,113,25.032632743371565,8.509322449734023,7.913082611289639,4.191331892576047,45.8019253185088,0
2026-01-27 12:00:00,-11.946912124600738,72.44067984118907,115,24.27278540210007,8.174576935776999,8.07744774603667,4.3878324954204775,44.407689755276714,0
2026-01-27 13:00:00,-13.167149787363838,60.12530159110479,114,25.61892412639197,8.086761599112123,8.802732924128309,3.9392500091468463,46.12738565432106,0
2026-01-27 14:00:00,-10.169876565898424,74.28075052388601,106,24.236494455984378,8.261844451238918,7.811252158206029,4.082135573670105,44.64732992407934,0
2026-01-27 15:00:00,-10.38272757811035,65.36251068668828,105,24.66791295286766,7.568381097683447,8.539891204748402,3.9602051563057916,44.430302107295766,0
2026-01-27 16:00:00,-14.164531148555719,69.64330171143003,83,24.15061552595121,7.767920041933002,6.49066312457481,4.0560613920162165,42.461585293024264,0
2026-01-27 17:00:00,-10.99162233007421,75.00317508630168,61,23.03077709248401,7.313455908305556,4.860791503043315,3.6648383820242305,38.53997704058907,0
2026-01-27 18:00:00,-9.41556603880042,71.58899928217666,48,21.22077295814506,7.075464777135236,4.177421879154056,3.772231338061421,36.45376144096077,0
2026-01-27 19:00:00,-13.45693128510661,70.16404581179835,7,22.469649432929895,5.971744153980973,2.212723269471826,3.796177039559787,33.946048255829126,0
2026-01-27 20:00:00,-15.228583283624895,70.52380366710868,10,22.749074886348197,1.1269397864779,1.4314048228136413,3.6326694205258203,28.86397416471858,0
2026-01-27 21:00:00,-15.802402630460044,75.60681830417003,3,22.760760907041078,0.8495617241907047,1.7512545734757177,3.3677058468365995,28.964359658588688,0
2026-01-27 22:00:00,-15.35919400426188,72.0626021881222,2,23.366904239043084,0.8534861722617118,1.7062409746776044,3.794248012557599,29.87338654978388,0
2026-01-27 23:00:00,-20.07214597162362,71.39868667709968,0,26.045598668386727,0.7790453971295279,1.90790538993849,3.405603613445047,32.022124976247696,0
2026-01-28 00:00:00,-17.236358335316528,73.93188966261722,7,25.13466428557309,1.3543967166391266,3.0588181991806525,3.639810121482133,33.01301878718529,0
2026-01-28 01:00:00,-18.529262723230925,78.9345027819543,2,24.615810423834326,1.056082290355475,1.934667419784131,3.6953966445288513,31.243732647315557,0
2026-01-28 02:00:00,-14.843431095107128,73.06395252041254,0,22.16365833305433,1.250990069188007,0.9348034107931357,3.617977547735274,27.645091590072358,0
2026-01-28 03:00:00,-18.161567656612576,68.14012415297032,3,22.310826376839927,1.3247587068784816,1.5537415575553675,3.9926155713250377,29.156940359307296,0
2026-01-28 04:00:00,-14.680413591474759,79.94469792185932,0,20.86563145265909,0.7290853809990836,1.9180295378419112,3.7100720116607917,27.202099391983396,0
2026-01-28 05:00:00,-18.835966537514736,60.69410628147604,0,24.249459307611833,0.7185810137617699,1.8418476418554137,3.569647481887948,30.27504813100737,0
2026-01-28 06:00:00,-15.236393033567659,71.74910384500512,0,21.596260814472267,1.0199688658893407,2.5310049850406626,3.6903994356896894,29.087721004708936,0
2026-01-28 07:00:00,-14.847619826546142,70.41452414258612,20,23.602923951743357,5.9887077467351775,3.3320347842671185,3.711491694291104,36.36753727107546,0
2026-01-28 08:00:00,-15.962113938502538,75.86065872110538,44,23.390009315068305,6.3838557511658,4.638551963199972,3.782655411890791,37.76897558701066,0
2026-01-28 09:00:00,-13.277293564390787,76.3279410201095,75,23.564786804666422,7.843490453176205,5.82729010853137,3.9365680790599087,41.04080560214428,0
2026-01-28 10:00:00,-10.673451594518687,77.76567754545522,85,22.435980730310046,6.893325829842905,6.969604466447895,3.8748869536881836,40.20479739077695,0
2026-01-28 11:00:00,-12.560305780266711,68.14580009508707,110,25.738771819274245,8.588072549547304,7.446834593211219,4.071935249544486,45.81893214739064,0
2026-01-28 12:00:00,-14.32998120747547,77.26697992960749,116,25.524798101120055,8.089106734175681,8.615732439182182,3.9881763292766164,46.18002309976837,0
2026-01-28 13:00:00,-11.133850030132326,72.52529784988802,114,24.44956271191514,8.297183399056275,7.942911493579185,3.771570561326353,44.179637037623074,0
2026-01-28 14:00:00,-12.518852878279679,62.11990340761041,119,25.222499571420386,8.345916486065581,7.6934029673177635,4.2470300916144055,45.26321412078187,0
2026-01-28 15:00:00,-11.685972820849267,83.16772114824161,106,24.850495024450396,8.023935712043112,7.896956515276694,3.939182825884809,44.5884835324299,0
2026-01-28 16:00:00,-11.592343912351579,63.06160717082249,86,24.053731510857098,8.029641129700115,7.1588946283764745,3.9652080555999194,43.06567599303284,0
2026-01-28 17:00:00,-14.90946865020587,76.6990851215127,69,24.675739726823764,6.763154159033126,5.412029157907816,3.761936640523081,40.887381075659626,0
2026-01-28 18:00:00,-15.48135279397756,76.95077426066966,44,22.80214901042124,6.637267567777557,4.923242787609557,3.666464575672709,38.095102904851885,0
2026-01-28 19:00:00,-12.759353338880192,74.2233356981346,17,21.450032227234004,5.907503580624739,1.9898265885553044,3.5121516294096646,32.726373152677624,0
2026-01-28 20:00:00,-15.373355400620865,71.562555257496,0,22.54058161673438,0.6,1.2614430434506372,3.742244543681025,28.4180224682751,0
2026-01-28 21:00:00,-19.750665656086195,82.77651514890766,0,25.324193467052215,0.8685656085046218,1.7339732812115378,3.778458239609125,31.816760243518708,0
2026-01-28 22:00:00,-14.900498754898576,64.81316922251536,2,21.762245161664524,1.7913917223783375,1.7431562513325378,3.611890184684841,28.569297419261442,0
2026-01-28 23:00:00,-16.496578767319114,74.9774613434458,0,24.120736579771975,1.0392866559037999,1.499789976273349,3.5195013404852604,29.36889634796479,0
2026-01-29 00:00:00,-18.555313344250564,73.53323694887317,0,24.412977274317317,1.794230499666746,1.8601549734682006,3.3460394903473216,31.081843591316776,0
2026-01-29 01:00:00,-19.929988980953752,73.88370408331313,1,24.497995730703472,1.8480395072051214,1.6171342939763405,3.723314677625774,31.835217864109488,0
2026-01-29 02:00:00,-16.38976380640863,77.86480957952774,6,22.98948073672366,2.256295627293629,1.9684614012887696,3.5225164396261057,30.959625468577695,0
2026-01-29 03:00:00,-17.097481563802013,82.28798242916962,3,25.20437343017863,1.8209225566844072,2.090291281657667,3.4444108991346662,32.144940513981695,0
2026-01-29 04:00:00,-13.291302262825617,70.90894212609801,0,21.880457626796055,1.9253461528668325,1.4996084028878873,3.6043895132256316,29.074462749719043,0
2026-01-29 05:00:00,-16.071190346463528,79.73747929940231,0,23.800055645400363,1.2138086393695036,1.752291827406462,3.5498811463299473,30.471222219546355,0
2026-01-29 06:00:00,-15.40154188999758,74.84960041016578,6,21.949624720427863,1.2879148817903359,1.8395074291381845,3.396291870092119,28.82209934282837,0
2026-01-29 07:00:00,-15.50028136918639,69.26881777146174,4,22.219099440381065,6.075193776425373,1.4774708124579865,3.4088919099093054,33.41825447567594,0
2026-01-29 08:00:00,-12.92211825590166,71.14387613247986,49,22.304690743717963,6.7820217716136275,4.838665978603167,3.8464814759151693,38.10983058685053,0
2026-01-29 09:00:00,-12.342125730162321,70.45967895287205,58,22.975947913565047,6.99638209730864,5.758507498378906,3.7336462996673303,39.58657528682277,0
2026-01-29 10:00:00,-10.432704715582174,66.64456906165395,82,22.421767270169216,7.639263897803697,6.789057397783262,4.004538786204456,40.96835782441073,0
2026-01-29 11:00:00,-12.722012457673474,75.1124069151901,103,24.232171696444997,7.590963750646212,7.614272236837592,4.033979695971509,43.38706623308507,0
2026-01-29 12:00:00,-12.019741020902206,73.42268289190521,130,24.870194118120516,7.757831516766951,8.661312200768815,4.277131294945435,45.77153322144772,0
2026-01-29 13:00:00,-11.744372228681634,62.264380981894725,130,24.36650774329529,8.367266579150385,8.820886574117768,3.9951782374025084,45.21673745382828,0
2026-01-29 14:00:00,-9.466274304138723,60.19054975666789,121,23.22156766687933,7.835518307986313,8.930659567210299,4.118907674125751,44.07198385901046,0
2026-01-29 15:00:00,-8.382660289626823,71.83510193645465,108,23.172515435050556,7.637754275885031,6.7133309548394635,4.127741188481094,41.78631273883732,0
2026-01-29 16:00:00,-12.05957715525128,67.15296429367126,79,22.18904326880594,7.27203636939004,5.981532899022767,3.8220673771145224,39.61673362964891,0
2026-01-29 17:00:00,-12.557878833238343,74.2306560555307,70,23.650753270186417,7.029749873163144,5.980352163884921,4.049080488345418,40.590451251208,0
2026-01-29 18:00:00,-12.026705949564347,76.70561893082838,41,23.154563606651017,7.026514872380842,3.542773828016973,3.5140583462628032,37.47955591639588,0
2026-01-29 19:00:00,-13.822565122306115,65.74120681729623,13,21.965538092085087,6.07564046116683,2.7055247279104915,3.527058850453054,34.22446748219109,0
2026-01-29 20:00:00,-12.692146019805191,64.04988598739678,3,20.683343868170294,1.5601573732568512,2.1346451718445603,3.3564468343294633,27.98135798168631,0
2026-01-29 21:00:00,-19.044525282054206,87.32998405591242,0,25.425209852351912,1.1721056871297537,1.1455504063818787,3.489618754001369,31.032146673430727,0
2026-01-29 22:00:00,-17.466035809901726,78.20895155520105,7,23.227923268247924,1.1950148493225154,2.2241401495643203,3.6048123916839216,30.433383551654458,0
2026-01-29 23:00:00,-18.115618732030377,74.07127010898316,0,24.12890564062663,1.1553771702003781,1.5221496293993162,3.724725107853935,30.507323105337008,0
2026-01-30 00:00:00,-21.10858706995898,73.22779758659165,2,25.121105220267626,0.6839295475927434,2.09724440414759,3.5847064494131917,31.190710324905883,0
2026-01-30 01:00:00,-19.151818683095705,74.3012189188781,0,23.25197406017608,1.2183270163147437,2.1014049086510687,3.5106939421668666,30.04407552386497,0
2026-01-30 02:00:00,-19.18865833259507,70.24805973276645,0,24.6478344210693,1.3972162537102362,1.9795225201979179,3.367616580572299,31.722617580804776,0
2026-01-30 03:00:00,-17.85551124035075,81.6921064748066,4,23.125480468789846,1.5187976493961788,2.0526665459093936,3.433873203188748,29.87601663737186,0
2026-01-30 04:00:00,-15.271939833080086,69.79344795317215,0,22.488388692523113,0.6267390701177464,1.9299920725901576,3.6465308925767803,28.320571368338495,0
2026-01-30 05:00:00,-17.02436977683411,82.32948486192319,3,24.511158170068345,0.6223569292149584,1.435770709987798,3.744218214177581,30.41318965426504,0
2026-01-30 06:00:00,-17.635276260117962,73.8226836764684,1,25.386864556212114,0.9301135162217073,1.8411616972615494,3.5411167083692576,31.27980695249503,0
2026-01-30 07:00:00,-15.135582313578821,68.09158563348024,14,22.98346116903028,6.636631825297507,2.211582538975098,3.8376521784236926,36.06016645195099,0
2026-01-30 08:00:00,-12.349297779206704,69.70416380632221,42,23.087965377520366,6.733341387753087,4.574192439069173,3.625512390138127,38.405551685705206,0
2026-01-30 09:00:00,-14.886156265193515,58.41961653388664,68,24.973140753897543,6.85285666608813,5.847457170191648,3.8134189071795714,41.74644357928601,0
2026-01-30 10:00:00,-13.930870238323461,72.72354121869854,86,24.42341384712756,6.939471186574368,6.836180607553942,3.8980781630329,42.09433580710791,0
2026-01-30 11:00:00,-10.708485970737902,70.01064933127248,106,22.021100779883266,7.568603743441234,8.401071200093792,4.253412068245663,42.660353208611824,0
2026-01-30 12:00:00,-11.478415419153825,76.55726804365318,115,25.623674804774915,7.7069571050204235,7.976510140839843,4.0800488690201435,45.72355278781878,0
2026-01-30 13:00:00,-9.651428569439153,58.92074185917909,116,22.45854681884981,8.315466201525838,7.932946691505117,3.7942350816113475,42.36801508188241,0
2026-01-30 14:00:00,-10.656092481709004,77.96326752646304,126,25.336750368525433,8.522390487285465,8.57087877768415,4.246748145788852,47.03647678603619,0
2026-01-30 15:00:00,-9.559324341892996,75.09308902640568,109,23.42885422170774,7.4945343447331725,7.0739936164728086,4.312889136494183,42.08235294402686,0
2026-01-30 16:00:00,-12.861436816280554,80.1583389944024,88,23.39882312524483,7.74760812155356,5.954387595619297,3.9145388916847965,40.96609950090306,0
2026-01-30 17:00:00,-11.678563107844138,71.44259407485829,70,23.11316529200476,7.3877649145364,5.929496354035651,3.7454376512430674,39.72749822079796,0
2026-01-30 18:00:00,-12.741065960074366,78.6391804746723,38,24.06614710587139,6.171111714832975,3.262186941084277,3.881638612202662,37.41756531511143,0
2026-01-30 19:00:00,-15.294040848775198,65.64306642713997,15,24.264065756980628,6.140663455410234,2.1412893457454736,3.9546396955076366,36.42703112949353,0
2026-01-30 20:00:00,-16.79080544703377,79.87138947650253,0,22.968496714372023,1.219286995855096,1.754226055302768,3.7273097630929377,29.556269543143447,0
2026-01-30 21:00:00,-13.872986233548897,68.77776310256199,0,21.116747408910612,1.1571323965510758,1.61449757876805,3.3565490469806094,27.203512892303987,0
2026-01-30 22:00:00,-16.47951198542756,65.45122299453305,4,23.418283381400844,0.6,2.41854356100823,3.729202272305862,30.021142902488602,0
2026-01-30 23:00:00,-18.34564314861037,70.01438925247162,0,24.148062043018143,1.1459138590808167,1.8272075872506728,3.6606311081665526,30.79223313308407,0
2026-01-31 00:00:00,-17.146146509160083,75.89279671364568,0,24.544554883827033,1.3226927120010867,1.4406890943725101,3.456805451484116,31.085634414576273,0
2026-01-31 01:00:00,-15.414661737662808,69.61520105394149,0,23.172175116981872,1.6528579591036334,2.237234854384386,3.7933226768923944,30.59012740262784,0
2026-01-31 02:00:00,-21.328807740277153,81.25304699538266,20,25.35691520813801,1.225923079948498,3.2279561231774525,3.7457526723168733,33.772178936790176,0
2026-01-31 03:00:00,-19.876579567992277,67.0580093459701,0,25.53535635377465,0.9090913952148879,1.1650574530917455,3.79724378888489,31.4605595444047,0
2026-01-31 04:00:00,-18.551549267612373,64.15107668901412,0,24.25662580652128,1.0268966319445865,1.9135199900970148,3.4407785774829187,30.73135261436547,0
2026-01-31 05:00:00,-13.94242306387324,81.69114190276639,0,21.756291885868933,1.2019255724609115,1.4782154446866833,3.659816661654754,28.088572349007613,0
2026-01-31 06:00:00,-15.22115553218208,79.83866742554517,7,22.912424620074134,1.2599562186679993,1.8513529932399244,3.4937357872392485,29.33811959246664,0
2026-01-31 07:00:00,-13.552980752219622,66.86895454868187,10,22.80971204050866,1.4915077957884817,3.1912815975906295,3.677150046773342,31.28086740501499,0
2026-01-31 08:00:00,-15.889826965659475,74.89937236342136,0,23.638334010919312,0.7061847102247003,1.8559221248033047,3.821583817538234,30.15173448784143,0
2026-01-31 09:00:00,-14.948897733245955,80.32871566114241,10,22.060566492732818,1.4188987912537923,2.252107680168724,3.4260373402556095,28.957492968607703,0
2026-01-31 10:00:00,-11.440270084716275,74.09540621328082,6,20.438467074983706,0.9482246169210213,2.168228051383029,3.418649825743122,26.63894093185275,0
2026-01-31 11:00:00,-11.377613306401708,72.42254855690216,1,19.915198603427218,1.0678331342805476,2.2484081182731823,3.7473212014806347,27.000088047505518,0
2026-01-31 12:00:00,-9.987608497830333,77.06163086124833,0,18.087336153616313,1.697804769539672,1.4842779858209503,3.5978815837605826,25.055980703726355,0
2026-01-31 13:00:00,-10.889853695711512,66.78311542057631,3,19.973618737431803,0.6646150169318972,1.7261175137515492,3.787689483922883,26.403313264573764,0
2026-01-31 14:00:00,-9.978709068172018,70.67110249311679,7,21.148454801587047,1.1281863860462202,2.4805021561658473,3.506907283755575,28.564881433386443,0
2026-01-31 15:00:00,-10.302010566794458,70.61941609534149,4,18.385531413740985,0.7258739796912814,1.337624819279334,3.6236785889174077,24.165556510159252,0
2026-01-31 16:00:00,-9.598259928454976,68.56212266031498,0,19.187741323575832,1.1535737910931205,2.245847328409181,3.7032193229872887,26.22457859610828,0
2026-01-31 17:00:00,-10.104765589686366,68.23974112374026,1,19.49085352569035,1.4848815203865062,1.1326691193293978,3.635530028506036,25.743395571045575,0
2026-01-31 18:00:00,-14.955335793610892,74.65371127217911,14,23.03428313770577,1.4113792915954946,2.459404936141066,3.3876879007006666,29.98196107239409,0
2026-01-31 19:00:00,-16.866043289365514,75.8559774429373,4,22.792125141916852,1.1311494513325182,1.3005252070746973,4.039389738432842,29.09252817614757,0
2026-01-31 20:00:00,-12.248586227137322,65.89587381514585,7,19.849091539099682,1.6909408151682181,1.7096867521295458,3.6598486722853774,26.896256369719136,0
2026-01-31 21:00:00,-12.838287402458414,77.4394910112465,5,20.158328567990175,1.3056758521702507,2.6589500863722293,3.4189374371695225,27.475232215219176,0
2026-01-31 22:00:00,-17.436612536317554,70.21914815564061,4,24.957982277729364,1.4588481197091339,2.490006043225624,3.6631299838810363,32.59296874789138,0
2026-01-31 23:00:00,-19.588147328425368,76.38170982903598,3,24.31997667099722,1.4043400853957972,2.4830950349001473,3.676371756515925,31.540074237393096,0
2026-02-01 00:00:00,-16.62940208495706,73.70036872739749,7,23.130403455952557,0.6,1.5329552724077176,3.7770885361872946,28.75257993911659,0
2026-02-01 01:00:00,-15.564987774639608,76.82236250693501,6,24.56139898818135,1.1811659180326681,1.6570247288092514,3.763071735158833,31.356559793348968,0
2026-02-01 02:00:00,-14.210761679285431,60.943447618160064,4,21.434837248564385,0.7946739358915269,2.1729426559740093,3.5839233181905215,27.778040990243273,0
2026-02-01 03:00:00,-16.26970688686304,80.54773905472403,0,23.350349672741302,0.8097390870450984,2.1218928705807065,3.3416880467045984,29.45462417172909,0
2026-02-01 04:00:00,-17.429679664864985,72.01031766297575,4,24.740263546922098,1.6881051375638527,1.660218841705619,3.685204454770587,31.797550912620505,0
2026-02-01 05:00:00,-17.75986815827095,83.63968088736554,2,24.82329968138054,1.004818059137093,1.6494853778552354,3.361637591850542,30.60644390734986,0
2026-02-01 06:00:00,-15.497205171583655,71.7539143315908,0,21.563117913883577,1.7623988685321028,1.2908935592736142,3.782286690477837,28.675279514062318,0
2026-02-01 07:00:00,-15.181289021887526,74.09290525201159,18,22.504465674533563,0.9313090529052006,3.5362103807616934,3.5620863051727474,30.21986388174221,0
2026-02-01 08:00:00,-15.492287807162755,86.1019320957826,0,22.867418109155984,0.7207152269029213,1.5862698904259176,3.695244050198327,28.870028273954453,0
2026-02-01 09:00:00,-9.377921103097357,68.36941157456101,8,20.9024082057031,1.5108227313331897,2.2540815366257445,3.5335746782234208,28.013740894386714,0
2026-02-01 10:00:00,-8.981886083901145,77.16951387096661,0,18.24028540174971,0.9805199680845221,1.8376400710001823,3.5261946506815165,24.623686965383776,0
2026-02-01 11:00:00,-9.360515871226623,70.25465741680732,3,18.779208818022582,1.2615645678103675,2.4625292040632143,3.4918545275108683,25.870791026476027,0
2026-02-01 12:00:00,-12.301029130453749,74.71828482960125,17,21.705256432783976,1.3666926107705877,2.3063900459154163,3.7754122290441052,29.147838352226312,0
2026-02-01 13:00:00,-8.932399124106654,70.11905087954823,0,19.31651807386056,1.0500983167118974,2.3257173754017693,3.506797952892065,26.504451947817753,0
2026-02-01 14:00:00,-9.179307471277335,74.97159036125875,0,19.508201536783044,0.9935173759437734,1.2245756779702388,3.715279813228672,25.26971279198872,0
2026-02-01 15:00:00,-9.633604414265138,66.11201363358055,2,18.620405868405935,1.1988226761427079,2.434574115999976,3.5187214461907868,25.598581511092668,0
2026-02-01 16:00:00,-8.611152500203811,63.55407323703774,0,18.208829940570684,1.324573400634766,1.028115186702864,3.5652872621241967,24.047830567268516,0
2026-02-01 17:00:00,-10.21166769040668,66.82729362554288,7,19.98016822027745,1.7910477528403668,2.137949956659353,3.6333347409938863,27.911005515966973,0
2026-02-01 18:00:00,-10.758648165706397,71.66724838222434,0,20.88986498621233,1.0291206126300139,2.5314467497663022,3.6230732408872504,28.051069918797797,0
2026-02-01 19:00:00,-11.778065027832188,70.50863605757218,6,20.490490450447925,1.0702265965274438,2.4437652487105446,3.4853693498170326,27.798402297851943,0
2026-02-01 20:00:00,-13.187326973820188,77.1521444891922,0,21.27080812474865,0.9171384552393038,1.9895590298885621,3.7055711473952035,27.838848901626303,0
2026-02-01 21:00:00,-17.704677945796703,84.10689865827665,0,23.08797045885056,1.6144243492613746,1.3282131862691224,3.55929911910859,29.887316369311417,0
2026-02-01 22:00:00,-15.37451653582582,68.67585737845931,1,24.08280105629277,1.3596137139898363,1.5243394401242392,3.6855851105958264,30.754187209834768,0
2026-02-01 23:00:00,-17.187072431620194,71.48661157403154,0,23.731912368053077,0.6,2.4049781194640216,3.597565759543086,30.47309785786209,0
2026-02-02 00:00:00,-18.78512315396817,68.471405855599,11,25.782575252946934,0.6179077540212664,2.617552771065642,3.731968085063735,32.39106182597529,0
2026-02-02 01:00:00,-14.099956751934936,85.75720550850583,0,21.841892682576344,0.8094797421756702,2.200612161150254,3.5382987378029775,27.994246451100846,0
2026-02-02 02:00:00,-14.139012533228902,75.43227639465263,0,21.90884092146749,1.1805509054190313,1.8332072156163335,3.481560286518844,28.671709707028754,0
2026-02-02 03:00:00,-14.648369984243796,76.86509140849232,4,21.075807478179755,1.1602854512734584,1.8932208321939317,3.680028735165838,28.07378535031681,0
2026-02-02 04:00:00,-16.17553071732515,67.09039772780758,0,21.301198320294528,1.2801724931452885,2.1449977337139443,3.5259399246301117,28.857672281267355,0
2026-02-02 05:00:00,-13.757115641267998,73.31081679690975,0,22.620651241404204,1.038594795235852,1.9167088655051865,3.8188179674619165,29.02328461673811,0
2026-02-02 06:00:00,-15.307814205711495,77.53634856076214,14,23.0709788107226,1.8410965699826298,2.493517999510381,3.666148505331757,31.1931917402574,0
2026-02-02 07:00:00,-14.139415899867197,72.08801578169384,12,22.426003720312266,6.386238982570906,1.8236968245563694,3.4419553083307752,33.82193959284906,0
2026-02-02 08:00:00,-15.43720594251997,81.03213820584836,43,23.09933644490125,6.70115181249049,4.594258733793809,3.6841801069873976,37.89377681646502,0
2026-02-02 09:00:00,-11.997552737227748,85.8691513067778,68,22.256129245357194,7.524868800686937,5.738011840237723,3.722104319002461,39.115552663426456,0
2026-02-02 10:00:00,-11.72564853441309,66.11185943824611,94,24.580717750867574,7.014882821489673,6.697182077883466,4.136937817057246,42.52530922752832,0
2026-02-02 11:00:00,-13.317939477200273,66.85593113204003,109,26.571519913449308,7.832223850567171,8.325663730357622,4.152031088928794,46.71543206503032,0
2026-02-02 12:00:00,-10.634250789577278,65.7091516990115,112,23.230846246936782,7.964129307144796,8.069715624579981,4.0388435055995044,43.31194873227866,0
2026-02-02 13:00:00,-10.333104479279434,80.38702331955851,118,24.300387228672516,8.234712774983379,8.408529477592786,4.115511055510045,45.26714909613279,0
2026-02-02 14:00:00,-7.02245062943871,74.52096987425713,115,21.890041311219736,7.369691899009983,8.522753009310176,4.046848083566768,42.111327632283505,0
2026-02-02 15:00:00,-8.677401562250065,68.69488426492566,111,22.46146975404286,7.806857582593931,8.205917979137384,4.173060307602708,42.820452953238544,0
2026-02-02 16:00:00,-10.52775845303357,71.11517682618042,83,24.132667118902123,7.534161278722876,6.497153515608881,4.009974746423549,42.286923680043905,0
2026-02-02 17:00:00,-10.680492451919841,66.11110758175955,81,22.307124305295304,7.525006744239068,6.170136725904751,4.02899635563339,39.99585571123827,0
2026-02-02 18:00:00,-11.753143569957462,77.1550206239272,40,22.849393380189316,7.03514544450897,4.892648869405538,3.7312231029730683,38.36617782384062,0
2026-02-02 19:00:00,-13.017391729028207,70.48363285211984,18,22.125225856469992,6.4905268663423605,2.4597896306111937,3.577266029294629,34.78756126546793,0
2026-02-02 20:00:00,-15.418430848294687,73.00336389949102,0,22.569178434119063,1.0787038827197857,2.1356873275473363,3.6997594627536308,29.220601843050446,0
2026-02-02 21:00:00,-14.7409594625252,77.70845822606945,0,23.287370226691078,1.3362408121320641,1.762263375132453,3.83270105230713,30.248357646873924,0
2026-02-02 22:00:00,-16.59667164904387,74.31953410828358,0,23.498177155183864,1.0295227275558787,2.004621132358427,3.7659015658400157,30.029303256243484,0
2026-02-02 23:00:00,-18.178714763056863,75.22424011130556,0,24.106512538643152,1.1513708834669987,2.355040493266623,3.837248805582023,31.43985317428584,0
2026-02-03 00:00:00,-15.548517785023122,74.72483957194179,0,23.76169405369904,1.378180822551577,1.6597897078640438,3.6243047773310977,30.16054179732281,0
2026-02-03 01:00:00,-16.102096426633633,79.84870480273369,0,23.97862573046502,1.0841447223841851,2.070826353960149,3.454501336148437,30.487957258407807,0
2026-02-03 02:00:00,-19.923908725834128,87.82188999727859,6,26.367437717906892,1.3346963878361433,2.2495007762293975,3.4918219260593286,33.274468554535225,0
2026-02-03 03:00:00,-16.97581023226185,79.24477506767289,0,20.37572646141614,1.4364580692609545,1.5114143275747574,3.806935476827059,26.93139482773555,0
2026-02-03 04:00:00,-14.72490251372406,78.86356222703866,0,22.53258475855068,1.3492577012586686,2.3661445494236437,3.3207084717194606,29.546856226433018,0
2026-02-03 05:00:00,-14.060699334537563,72.34640012829642,0,21.96489936848776,1.5317151495584795,2.120034508053251,3.8257135058509397,28.836412156313912,0
2026-02-03 06:00:00,-13.392583323603489,68.79765031369031,8,21.659807724421633,2.0589569042835185,2.044452530819749,3.5138547995689526,28.8264522599444,0
2026-02-03 07:00:00,-14.226220162634736,77.59358251538674,19,23.044031401506285,6.48802472067493,3.3416171997571356,3.964508495253409,37.03910997693966,0
2026-02-03 08:00:00,-14.823083014055952,75.14475720814539,44,23.985833646156074,6.530547607008336,3.845861157467135,3.765409731247844,38.16452184000663,0
2026-02-03 09:00:00,-14.322927305158274,65.20642358637022,60,24.589543770853545,7.159138066736931,5.08697958170169,3.948385623338453,40.603205390095646,0
2026-02-03 10:00:00,-11.050677618432786,69.31959047327099,83,22.740023572487022,7.558086445771647,6.171849274449748,4.289756959739936,41.00319209321667,0
2026-02-03 11:00:00,-10.266856163934701,70.2027599820617,99,24.258321079223318,7.896728742728634,7.583090395058996,3.946477829841652,43.52482367936377,0
2026-02-03 12:00:00,-8.166954153534249,66.06246841297983,124,23.339988762468124,8.65525568653308,8.404142490010091,4.043960046534314,44.298423656672576,0
2026-02-03 13:00:00,-8.135800158915114,77.9922636864391,123,23.097785364582638,7.524560971855599,8.90631740263247,3.9877741201388917,43.32059154043477,0
2026-02-03 14:00:00,-10.111294672611386,73.46250522587185,111,23.784515097080096,8.427843296965406,8.172507064165066,3.8937325096201474,44.755252660511886,0
2026-02-03 15:00:00,-12.120915558560133,80.32973617625198,103,25.20095606995973,8.40164590382034,7.2961378836640725,3.9625263518147116,44.92004164290189,0
2026-02-03 16:00:00,-10.897898258181383,72.753975263549,85,23.753131219293596,7.628824732144575,7.298372916155336,3.8567738706462094,42.58603045678526,0
2026-02-03 17:00:00,-10.542339191177586,71.39508141193366,64,21.90433908804597,7.259247278428097,4.984644407624441,3.6684614553801658,37.933292475883945,0
2026-02-03 18:00:00,-11.98004747367038,66.3654486995913,47,23.025675839387457,6.661424317459176,3.7509436612744573,3.7564278337733046,36.73129427911574,0
2026-02-03 19:00:00,-13.463059282381586,73.16887166096559,16,22.147816175814953,6.190213396435848,3.06524461150091,3.7314679854147617,34.98624005210263,0
2026-02-03 20:00:00,-12.956601771059566,72.79577488234732,14,23.178370460414808,1.5962832557018534,1.6027664266456436,3.5216141898607156,30.012781048008662,0
2026-02-03 21:00:00,-15.149100774765255,66.15914227686855,10,23.654660698201422,1.5017433374696134,3.0213175718487877,3.615632529291009,31.79232701580134,0
2026-02-03 22:00:00,-16.20421829884153,71.91599890550877,10,22.88795915847873,1.5322484055011856,2.395789244436865,3.8509756711847816,31.21832715468187,0
2026-02-03 23:00:00,-15.331909872345461,72.55923681316092,6,24.60707627752058,1.4273340000611494,1.4878567163376428,3.411070328822637,30.79953942897627,0
2026-02-04 00:00:00,-16.90580953229154,78.16023441355297,0,21.763737659937227,1.4144364909498295,1.3731909738851829,3.8897500880904916,28.676910974590353,0
2026-02-04 01:00:00,-16.157096163574895,77.88592279459542,6,23.73099956740867,1.4833270344949767,1.3946600960182438,3.52289646405435,30.333384234578936,0
2026-02-04 02:00:00,-16.226886393977743,71.68225390369207,0,22.49459624495086,0.741477967158954,1.9722973287165941,3.6301356151788804,28.874212381296275,0
2026-02-04 03:00:00,-18.50910292669377,79.69504481027163,12,26.3010239324208,1.607293815227758,1.8628886230534838,3.839874474854479,33.69218170604176,0
2026-02-04 04:00:00,-17.04053205664309,74.68792546639122,4,23.86575344508922,1.8225053157456796,2.245940063813177,3.8536510321584254,31.715299756987303,0
2026-02-04 05:00:00,-13.221986169121285,55.69876947771122,4,20.81371560602065,1.1626806368156093,1.8828291318458916,3.6864731055420283,27.052406381281028,0
2026-02-04 06:00:00,-16.91686840447464,72.77943911164672,3,23.343587904819625,1.678817981793867,1.7510861369045576,3.507824172333754,30.36861209629595,0
2026-02-04 07:00:00,-17.69551245393508,82.74556618130559,28,24.31225205634987,6.082946645030943,3.569205685087717,3.5945783090844317,37.666089790489885,0
2026-02-04 08:00:00,-16.356469993338624,65.17651795523788,36,24.142131013280338,6.537583083136348,4.060580098332641,3.657766137216853,38.5444717330119,0
2026-02-04 09:00:00,-12.235979665787193,72.85313195183363,80,23.273950113444965,7.115594646866549,6.715611292420455,4.203388481519668,41.32431861669336,0
2026-02-04 10:00:00,-11.388773860170765,81.0531476802398,89,22.7595641439382,7.98472743834833,6.409799748696222,3.89852817408759,41.295219774676745,0
2026-02-04 11:00:00,-10.916397952896142,66.62362074660922,98,23.61756186194586,8.238166794043098,7.1765857418025805,4.040544111898391,42.856361010074124,0
2026-02-04 12:00:00,-8.096121610402367,69.08498569036789,112,22.56872986475876,7.881281357969353,7.674102790360865,3.8914364159003174,42.382647331065996,0
2026-02-04 13:00:00,-14.354411377089608,65.94171098944967,110,25.018513485691194,8.289871532931647,7.9233443639960575,3.8665484154636247,44.851299029107494,0
2026-02-04 14:00:00,-9.018245646293954,79.5270710847019,120,21.743967464415295,8.637719319766168,8.04976964162844,4.083958833607646,42.4884554605878,0
2026-02-04 15:00:00,-7.156147897748539,67.86711516133171,100,21.53933094241381,7.688478399713416,7.109156471274767,3.951288348543235,40.45847260036817,0
2026-02-04 16:00:00,-12.077471619896732,72.33786477168667,91,24.255469980435734,7.583413064128944,6.616449770603022,3.9262441512464745,42.25283869271872,0
2026-02-04 17:00:00,-11.362130568716259,79.64740071957092,76,23.474209139424417,7.524765379369445,6.112012424812244,3.6821395273080264,40.98037774705782,0
2026-02-04 18:00:00,-12.72124949211501,76.50980748695915,40,22.859264210702005,6.325111706467901,4.001329735255561,3.7489769090540976,36.84898620133723,0
2026-02-04 19:00:00,-13.80585485329933,68.10061874499405,16,23.4655692355032,6.226534158325097,2.9078357225959244,3.8963905249950215,36.52586289810017,0
2026-02-04 20:00:00,-13.745978641365522,69.42581643650024,0,22.41032192153701,1.8499754871706784,1.7518515380343367,3.4720443000429864,29.438911108040866,0
2026-02-04 21:00:00,-11.670474908421518,74.72244400845592,0,22.55273800401694,0.9249952679123963,1.5391112999357397,3.734615281163011,28.607255871704236,0
2026-02-04 22:00:00,-11.817775884497568,68.11860558299553,17,23.56982777047494,1.70483918424728,2.8210773037658634,3.148345491870508,31.806858536129447,0
2026-02-04 23:00:00,-16.23730364954752,62.47451786443749,7,21.89615404662179,1.409331556147954,1.7722672254741232,3.507648220687008,28.375464148449602,0
2026-02-05 00:00:00,-12.785330824914606,72.26955332685148,0,19.29778097346179,1.0426819319539669,2.056121017100709,3.3134414018135816,25.138497290443834,0
2026-02-05 01:00:00,-16.313104656716547,66.35355252578856,0,23.095687662618225,1.1775792825182871,1.6715406654158214,3.785430558341448,29.529329104134174,0
2026-02-05 02:00:00,-13.511569530186831,82.83136766902248,2,21.95009627141262,1.7494169735888003,2.002033734364791,3.7398166587443717,29.474187610254873,0
2026-02-05 03:00:00,-16.532192372001347,76.45987010557992,3,23.2729635685562,1.3477590013027554,2.064010802225368,3.456850009480354,30.047370106344598,0
2026-02-05 04:00:00,-15.80113488454576,69.41980082294786,0,23.367522589882746,1.3484365181414422,2.5206954679734928,3.6433915726803936,31.134690063310163,0
2026-02-05 05:00:00,-14.846411406238769,69.94301406670435,5,22.209724955299784,1.7503018036881148,2.246712665703251,3.8002564143936484,30.25254178912856,0
2026-02-05 06:00:00,-9.33879302065386,58.66770923824687,0,18.501339341247938,0.9987063470506412,1.8329485288813974,3.803578753434862,25.056975191405506,0
2026-02-05 07:00:00,-12.451525456201352,65.741872771468,12,20.84757207671595,5.749579781556755,2.148433131062795,3.5871314008540174,31.91215941198592,0
2026-02-05 08:00:00,-14.195193976496158,79.74433469761631,47,23.358077811116406,7.364921587056598,4.746073319718727,3.4566715730501048,38.60495703237823,0
2026-02-05 09:00:00,-10.43968123825089,84.22047780164252,62,22.539824993433637,7.063782623916451,5.088407515814366,3.7132190050305622,38.397183543026244,0
2026-02-05 10:00:00,-11.857959588622052,76.25184877066029,94,23.418224004068126,7.904760297552155,6.283533934333097,4.090921689238637,41.306312529835616,0
2026-02-05 11:00:00,-11.35054585235781,70.96065415754218,106,23.702141632034166,7.541184785033224,7.5422102999824014,4.3388341260787575,43.03242379718291,0
2026-02-05 12:00:00,-8.417133050516547,66.72109353396391,106,22.688110644535083,7.9439842068361575,7.716170407465696,4.01585124976428,42.719442205293646,0
2026-02-05 13:00:00,-9.55925838435597,64.4304689068088,121,23.26033274489031,7.694073525298349,8.086672436056292,3.9929767321431227,43.11976372375951,0
2026-02-05 14:00:00,-9.0192652209086,82.1230443117199,106,23.4745422686433,7.830308943904832,7.57681886270062,4.383904223139851,43.27699128104649,0
2026-02-05 15:00:00,-9.588329006395934,69.0587545436107,110,22.31562583792159,7.653226885187602,7.8178327235079035,4.100859898200595,41.62735219001705,0
2026-02-05 16:00:00,-9.389564047103898,82.73595201570295,89,21.291856142147868,7.194820982780608,6.669841447575882,3.771834799115701,38.97378778644199,0
2026-02-05 17:00:00,-9.7955285157843,78.7077634444986,80,22.365109766369564,7.233907065721927,6.755588841371955,3.902163856987626,40.192138497157,0
2026-02-05 18:00:00,-14.535688061177877,63.456987457805766,51,24.179129845295005,6.015313274961128,4.01479896246688,3.9539891470024027,38.222890411887846,0
2026-02-05 19:00:00,-10.953804081083641,67.21963868625699,12,19.72123877176178,5.710034146777864,3.375211106633504,3.637443872351478,32.62570235446253,0
2026-02-05 20:00:00,-14.662277289290182,69.9824372219247,0,23.218997148850242,1.373844954691115,1.7852241059139564,3.7191540878507836,30.321751211903027,0
2026-02-05 21:00:00,-16.350619463888492,74.78388641328193,0,24.663308736871503,1.2216832363417045,2.0610950552786083,3.359248894950569,31.33755857630622,0
2026-02-05 22:00:00,-14.842143390138428,73.76972202392129,0,21.746159796007717,0.7240345685630875,1.8575263199420349,3.3848738786215415,27.84057529537735,0
2026-02-05 23:00:00,-15.324950304097014,92.47114730046162,13,24.173311714561223,1.5257557493127734,1.7382893927056642,3.541771593378449,30.85113328514982,0
2026-02-06 00:00:00,-17.00114729434554,69.2874932239106,2,21.664959693119837,0.8286254247468403,1.434540055256356,3.5656709916282114,27.77693847921749,0
2026-02-06 01:00:00,-14.75908413530331,75.44313271546382,8,23.34115861185034,1.4966873546446964,2.004075854162995,3.682092323130752,30.302233201578638,0
2026-02-06 02:00:00,-18.57279568415767,80.62864321792507,0,23.72601127990871,1.059526324288361,2.247173918152634,3.695514036724447,30.676358471780432,0
2026-02-06 03:00:00,-16.863642666252215,75.63829997287398,1,24.236770892003996,1.0042068973626856,1.2320554889126285,3.9739170718826764,30.756104778662053,0
2026-02-06 04:00:00,-16.816472843958763,76.27343809965723,2,22.69453346073075,1.104127731695391,1.524918157831513,3.497216481030056,28.70038022537752,0
2026-02-06 05:00:00,-15.345169995056919,68.24002413045316,9,22.80040856943158,2.157834959832998,2.369182878125215,3.588901650134144,30.581131640654814,0
2026-02-06 06:00:00,-14.067028617426821,74.1891886306862,4,21.290784120874083,0.9064194681671774,2.2327854015023214,3.50940171354921,27.83670314191663,0
2026-02-06 07:00:00,-15.410382573545977,77.62618090720571,12,22.826917334431,6.195295533193233,2.6592243945741756,3.8099082516159513,35.8392790834925,0
2026-02-06 08:00:00,-11.559817349651539,73.63546651786542,54,23.698633285942247,7.14547904832233,4.327197698824328,3.9860925589296974,38.589718526849346,0
2026-02-06 09:00:00,-11.778127217299314,75.25480083644703,67,22.729963548758874,6.769155502818872,4.765903887913897,3.800851672120498,38.09147290637086,0
2026-02-06 10:00:00,-14.257406531957376,82.16870230278542,87,26.642537087675944,6.908009756907924,6.8275768394458645,4.257861874830519,44.47748467701023,0
2026-02-06 11:00:00,-13.645829615849165,78.85617146337293,89,24.360931128318242,7.29161564996324,7.3399057736928786,3.849665150513012,42.800209177076816,0
2026-02-06 12:00:00,-9.780951786061422,70.76348152053068,120,24.706363798961064,8.325812120388104,8.244614273080941,4.234487682632044,45.424141870881726,0
2026-02-06 13:00:00,-9.78600194955219,63.30895135086447,121,22.250327045530028,7.958298791895101,7.939891081982186,4.302178384150068,42.69081611648723,0
2026-02-06 14:00:00,-9.466912094404003,66.50015242253629,117,22.996601770451765,7.925112924023641,8.04155385489082,3.8637630309434967,42.84048359375973,0
2026-02-06 15:00:00,-9.45792768541676,68.77565885255807,104,22.336710069281434,8.090769377952228,7.6973281580231285,4.102644843680135,42.48008614084994,0
2026-02-06 16:00:00,-9.376557260914284,71.5464929337344,87,23.353567691968,7.183779922176799,6.480085579450515,3.539243093811692,40.87770915524334,0
2026-02-06 17:00:00,-8.705219830432101,66.6589183038277,67,21.182226530479475,7.074935641098859,6.118237138681666,3.9916318533450337,38.37450541500288,0
2026-02-06 18:00:00,-12.929976232886975,67.08308297955912,47,21.11391967935645,6.216155635539113,4.801236823731929,3.6227591268942403,35.66419680494685,0
2026-02-06 19:00:00,-13.877582951399656,66.27899507882772,22,21.410894388032947,6.408251671254029,3.092952129791913,3.7731204420994726,34.779514605846266,0
2026-02-06 20:00:00,-14.649748459735678,64.08024479046857,1,21.36172430714317,1.1983274760989437,0.9755546951667871,3.7172483001955965,27.395401516825558,0
2026-02-06 21:00:00,-13.205806224999149,71.49465044610194,8,22.32660784578924,1.5224377043585262,1.928481367021496,3.8000207719334433,29.28922499900492,0
2026-02-06 22:00:00,-12.42468735762817,63.50052286579929,2,21.560324654349355,0.735160353915015,1.6633899531444505,3.7415323025101515,27.759423216030022,0
2026-02-06 23:00:00,-15.99924868048721,68.99628240542104,0,22.679244688313688,1.0328393467296542,1.4640228082584028,3.6083842488677416,28.721101185813986,0
2026-02-07 00:00:00,-19.870132540193403,75.53918816807924,3,24.830869038418115,0.7065353738396347,2.0508695723392165,3.5549285233265326,31.038115391913422,0
2026-02-07 01:00:00,-18.86368215032583,69.13225775639577,0,25.15404623986902,1.0138626598454705,1.8951489364658536,3.588841600499611,31.479163192266377,0
2026-02-07 02:00:00,-17.502316320629674,78.40525037146443,3,22.992724992019642,1.672625826404429,1.2116663093301516,3.4445997728074293,29.165186861661695,0
2026-02-07 03:00:00,-16.915033392630058,80.12761342610666,0,23.81685455008571,0.9877365354091061,2.162069127927518,3.5682468075781073,30.848817233803135,0
2026-02-07 04:00:00,-16.311503471455023,71.93706548493887,0,23.398686410940098,0.6219280615142839,1.8072556678468494,3.5563956527565375,29.29326766066517,0
2026-02-07 05:00:00,-14.995439716961808,71.62441594206135,0,22.117683361384437,0.8620422572588144,1.960938636078875,3.4817672259245875,28.708371107789045,0
2026-02-07 06:00:00,-14.866122654274614,77.37417061154042,1,22.615493511515844,0.6,2.190171850690836,3.342821017286221,28.781243024877114,0
2026-02-07 07:00:00,-11.708143211811484,67.49713682545054,12,20.932398545310406,0.8624794924174732,2.114863626296925,3.4564595823593627,27.083022590742956,0
2026-02-07 08:00:00,-13.735383311534779,68.60513401406732,1,22.039457916495405,1.35284543162339,2.4215075601921185,3.131483267425161,28.992986192319968,0
2026-02-07 09:00:00,-13.146227765126053,80.03866169296228,6,20.407530256989038,0.7018008669232639,2.066192899310772,3.5778181212160725,26.456362254536685,0
2026-02-07 10:00:00,-10.022065476391669,75.82167553957048,16,20.504399560730125,1.4973150066242074,3.360646251955121,3.718074797244955,29.232222024752822,0
2026-02-07 11:00:00,-12.72187167659794,76.15070377151197,4,21.97996663602862,1.1810099365589009,1.6177304041234712,3.2136150643035415,27.94037870302896,0
2026-02-07 12:00:00,-8.892589079586914,75.22330953805474,0,19.054462802611962,0.9139651128173332,2.4472109731189007,3.6355072169756926,26.26494156579803,0
2026-02-07 13:00:00,-9.03107308753006,57.90963246344337,0,19.358995071560635,1.1795724930202218,1.393207189034599,3.581628875833746,25.871790091949087,0
2026-02-07 14:00:00,-9.336806124737338,78.12561787431164,2,19.037412098419846,0.8078184717284607,3.056951578972516,3.4314866357423797,25.899832501670872,0
2026-02-07 15:00:00,-6.505344117710969,70.23138078778568,0,18.126165641282796,1.3942955402894663,1.3716748064771558,3.5353192188627927,24.31216881419952,0
2026-02-07 16:00:00,-10.612817635631938,77.02430153075836,0,19.847631931050405,0.8555808954996842,2.275464024204927,3.7576206247826,26.433932475202703,0
2026-02-07 17:00:00,-6.608773267832603,70.27955062557263,8,16.834735469379222,1.1087715889875895,2.076922599338374,3.4858716408904766,24.04586660292222,0
2026-02-07 18:00:00,-11.219387355564223,71.70808946475411,8,21.08341759013386,1.0671271481110125,2.561760072649947,3.6438276613627583,28.246054373735152,0
2026-02-07 19:00:00,-13.851215190467018,71.73655611867792,0,20.366387812464648,1.3413157475427182,1.7817637197934497,3.651989385755294,26.81267860215285,0
2026-02-07 20:00:00,-12.46729060418525,74.55333421445616,0,21.09725234585815,1.290555369728115,1.308946331086779,3.476668904036285,27.73350760833018,0
2026-02-07 21:00:00,-15.321637390277182,72.62074058928057,0,22.21917140632318,0.6,0.8,3.751240650838688,27.188893847166973,0
2026-02-07 22:00:00,-15.614138833159403,79.91786072526023,6,22.547699923468684,1.296985027697363,3.2584124832868016,3.6845761417178413,30.382208409955975,0
2026-02-07 23:00:00,-14.386071016003033,64.27081339468907,9,22.43651218922272,0.6513925088610467,2.3278609015267557,3.5982133592466816,28.724379149375206,0
2026-02-08 00:00:00,-14.464672339100025,70.59904908355935,18,22.092079404023615,1.3045374007337929,1.4654114649301244,4.026486070787625,28.92431213695238,0
2026-02-08 01:00:00,-16.816498459003682,87.88131333511264,0,23.8033339175244,1.0621390923886551,1.9361738729092082,3.7518867655777726,30.564970505582767,0
2026-02-08 02:00:00,-14.19948422998082,69.89313039105126,0,21.921138159486475,0.9767796196638572,2.110313995438422,3.347075867146825,28.146306992294182,0
2026-02-08 03:00:00,-13.791050179935514,71.91118529657076,6,21.35497394323284,1.383286727734621,1.8082136474187007,3.565626389330064,27.990838768628272,0
2026-02-08 04:00:00,-12.967448903647643,67.43010107763527,0,22.23166402015269,1.3520267981278362,1.4812404579433776,3.969996391166608,29.04819792379489,0
2026-02-08 05:00:00,-13.95294391859889,75.47978197626412,1,21.931533561026953,0.8472869725132484,1.8460711688320075,3.456672778548857,28.412542660588112,0
2026-02-08 06:00:00,-11.810244166014014,67.44009378365735,0,20.994582363027714,0.8165710491259378,2.3411674038429786,3.609950068924737,27.84559062003924,0
2026-02-08 07:00:00,-16.481296961974422,74.24730711263852,0,24.3324232215407,1.087410656221619,1.844982053920362,3.784649006493944,30.908673474861615,0
2026-02-08 08:00:00,-12.918514109228088,77.78208479813149,3,22.357881011987786,0.6136937718018456,2.6234513869541187,3.7098482381557694,29.247768136325174,0
2026-02-08 09:00:00,-12.946115254450703,68.51700592794913,1,21.647575210666357,0.9510577086843126,2.3640486276386086,3.7234704018581177,28.878579431606706,0
2026-02-08 10:00:00,-10.425389012643135,75.55070847507368,10,19.794599066525176,1.7518272416855751,2.2470468515814206,3.7506387052775056,27.96412858679081,0
2026-02-08 11:00:00,-10.874662915041238,76.08937307964307,2,18.873541460694145,0.6087948021762497,1.2032643083630732,3.6118089089984386,24.021257327522452,0
2026-02-08 12:00:00,-9.629452394628712,76.5518258642873,0,19.39043494926845,0.9809589242403073,1.697998122541641,3.481152841089454,25.82907222258185,0
2026-02-08 13:00:00,-5.797635288201079,68.19147243565905,0,17.878295919810533,0.8926947154744593,2.036917080177759,3.6652146288734317,24.39492775998185,0
2026-02-08 14:00:00,-9.166596630474345,89.32250193471647,0,19.240077901189746,1.8018437584857154,1.8269520643707613,3.5395835059361636,26.002400522222157,0
2026-02-08 15:00:00,-8.293885645324599,75.54761641324595,0,15.694786434473947,0.9117485776656213,2.0854911742610827,3.5277973198710137,21.764264827656486,0
2026-02-08 16:00:00,-9.741841924185367,72.25564718957999,6,20.196318039888684,1.0400661901245267,2.518538989267374,3.8463707830704883,27.934837658925623,0
2026-02-08 17:00:00,-9.774486652880167,65.07531850516972,1,20.08940158249109,0.7572322752693944,2.0938863490371484,3.5468506012634737,26.850710143487596,0
2026-02-08 18:00:00,-10.617844619818381,70.38102870961893,8,19.83737212451361,1.2472626312485378,2.1161021506764537,3.8879195603609946,26.946385837474477,0
2026-02-08 19:00:00,-10.710055406546507,79.59050341631009,0,20.64252147599979,1.1945584692582907,2.0339475637464055,3.6385149511723207,27.456506297931533,0
2026-02-08 20:00:00,-10.397050166129501,81.05499531835473,1,20.20766142786981,0.8079630533331421,2.8609679041880227,3.5801278402788976,27.011130487054185,0
2026-02-08 21:00:00,-10.483369838492866,79.73250198151102,0,19.171949072500237,1.4460529802526878,1.1295541976980448,3.327365741413656,25.26543222829382,0
2026-02-08 22:00:00,-13.601718837314117,77.91244296836331,8,22.826037818616335,1.3388722545009781,2.4592793601011573,3.949978359190764,30.567072671533328,0
2026-02-08 23:00:00,-13.850717004452093,65.85407651556564,6,20.86943432409732,1.5061647440678136,2.95440147827508,3.6231045667118345,28.565035801009895,0
2026-02-09 00:00:00,-17.15447539310384,78.7888274517819,6,23.753799991169075,1.0931525652560286,1.601434501762002,3.2833830308243854,29.78295527844935,0
2026-02-09 01:00:00,-15.697047668361131,67.32437148295286,11,23.00368579743179,1.3831145158119666,2.8554950413306623,3.7921588448212034,30.687095260380026,0
2026-02-09 02:00:00,-14.068424723940737,64.626491382671,0,21.1393358181346,1.0254162267940714,2.310622760054982,3.592471228194435,28.207220203196187,0
2026-02-09 03:00:00,-14.075510520945416,74.9915849981725,10,22.396831196267513,1.7901885423219022,1.6854192302910116,3.5003011821850345,29.10203858280272,0
2026-02-09 04:00:00,-14.838269181736788,77.2678985699211,0,23.294491245065785,1.140692448079872,2.120562771488186,3.7396775122258776,30.37969126895918,0
2026-02-09 05:00:00,-13.134920817130235,78.2714532037325,0,22.256447571424648,1.1030638819102496,1.6779078444774918,3.217690140444727,28.09185131981034,0
2026-02-09 06:00:00,-13.082613408953346,75.79477749903157,7,22.051847148986475,1.06561530034268,2.157799391570566,3.520885720851069,28.204722763554607,0
2026-02-09 07:00:00,-11.032262833060816,74.46371303925211,9,18.996974437671035,5.881412729334743,2.148770373651135,3.5910896410996282,30.867287508240285,0
2026-02-09 08:00:00,-11.67500624741575,65.84833917560755,48,21.022741782799436,6.84720272618834,5.030710091145584,3.9198281920666185,37.083216389477506,0
2026-02-09 09:00:00,-11.865737292854774,71.26944286153308,70,23.105062925662782,7.44685561078045,5.599545540820258,4.216037731709726,40.23705596728661,0
2026-02-09 10:00:00,-9.845986677456699,61.341789294285604,97,22.718284240058054,7.406404665731469,6.926508909407215,3.951284678037652,41.071088754584956,0
2026-02-09 11:00:00,-14.674053519039642,61.985325362878555,106,25.46248717904434,7.852302747011644,7.429131018996006,4.092991629220258,44.94645706214227,0
2026-02-09 12:00:00,-8.48492214914272,73.80754787091549,117,24.18051340446664,8.07045932185669,8.08155451984991,4.480258244218973,44.93040785342553,0
2026-02-09 13:00:00,-14.988478225096234,69.72261230607641,123,26.723005493092725,8.239427230731465,8.079209016031259,4.092710521184092,47.56575188592319,0
2026-02-09 14:00:00,-11.59680460683205,76.93259446798236,113,24.755076864915246,7.336376259348748,7.802539674093736,4.122229858403494,44.12042219179128,0
2026-02-09 15:00:00,-8.018169800631428,75.6637128177538,102,22.650853589124985,7.412343555101155,7.462951331116539,3.8223972753741697,41.2591314688446,0
2026-02-09 16:00:00,-8.32402802764375,65.52711707299363,93,21.766903015771337,7.095954417957334,7.09697163899213,4.265875074246295,40.33268318787703,0
2026-02-09 17:00:00,-11.668172006327804,75.29299557207764,69,24.89538949800002,7.153509549328112,6.136817576029262,3.769053548267153,41.84728316978111,0
2026-02-09 18:00:00,-11.627490285437034,67.75367734239593,42,21.101646523604913,6.340659320538392,4.218440504793791,3.8082856942770085,35.202643543484804,0
2026-02-09 19:00:00,-8.931130475739991,58.62307460904404,18,18.965198404013893,6.050315608550639,2.5764886216814094,3.7080353680679696,31.60497308737883,0
2026-02-09 20:00:00,-12.989768037916388,73.48218245509204,12,20.8398048873655,0.898001816631204,2.0050320027832687,3.66080074830227,27.53717957702602,0
2026-02-09 21:00:00,-9.259818941016587,67.11962092746788,0,20.260821614931462,0.9588672119912691,1.9325190963629708,3.534852948314487,26.221655988236567,0
2026-02-09 22:00:00,-13.920180564642628,70.79960135995918,0,22.35537342686764,0.706563739573431,1.7471831486589728,3.6361989367509917,28.27440288470478,0
2026-02-09 23:00:00,-13.9481290476976,85.31315549284636,0,21.29459331748973,1.3652679547115327,1.7620572401936214,3.863602121281545,28.474930880073615,0
2026-02-10 00:00:00,-12.235150410851782,63.0212209117428,2,20.11528613833021,1.3037297894284523,2.028138282716644,3.9501400963869475,27.006338160468587,0
2026-02-10 01:00:00,-15.110742269536807,76.63028351438143,6,23.72214291681343,1.2605802485160236,2.3637250865601285,3.597728568911359,30.75594352267521,0
2026-02-10 02:00:00,-17.156732742228243,69.89870613380268,7,24.12525516276347,1.120320324611801,2.306380850861412,3.5605805066483103,31.77791424941825,0
2026-02-10 03:00:00,-15.520025034945913,80.08958723181338,3,23.8749488951617,0.6,1.8882668535398845,3.49068533588589,29.771130113036207,0
2026-02-10 04:00:00,-15.04437513982257,76.07386877191732,8,22.597618100471845,1.083627681076804,1.8793781881804559,4.034920340955847,29.86621775770554,0
2026-02-10 05:00:00,-16.747682517949457,77.83682798354577,6,23.972884118357562,0.9414902097094193,1.854246854005784,3.6433252347445233,30.787063166381312,0
2026-02-10 06:00:00,-14.137662496333279,67.9339091666364,9,22.3950263720685,1.3485459760429326,2.6767169213064435,3.8032563854355783,29.99642129749343,0
2026-02-10 07:00:00,-14.120341192708345,68.99672841480131,24,22.170508824271582,6.548897509081531,2.9293861927214757,3.8004990961918743,35.515882944215704,0
2026-02-10 08:00:00,-10.381339787835241,76.34950788495175,54,21.43586174989723,6.9856214318725804,4.164280743403143,4.147260254802406,37.24772928541819,0
2026-02-10 09:00:00,-10.988041131080122,81.86581717867547,68,21.445621180587793,7.566063408194307,6.061808606680505,3.8348449582876345,39.02321933786888,0
2026-02-10 10:00:00,-10.683500748604748,73.89447246479868,82,23.10171589317255,7.177090017965219,5.885929678496131,3.76193975364606,40.51805501592778,0
2026-02-10 11:00:00,-9.658383522959342,64.8592633175909,110,23.700861440393904,7.666578441537775,7.865861196713159,4.318917762753058,43.39299593719525,0
2026-02-10 12:00:00,-8.542351630517862,71.4403948576608,121,23.621692905784617,8.441257380115902,8.676023388344253,4.219495966696219,45.40774391032163,0
2026-02-10 13:00:00,-7.523423443569515,83.20739984870279,129,23.05182151180712,8.280175738088346,8.896448268992,4.184442465348187,44.417056481312365,0
2026-02-10 14:00:00,-10.152258763791828,71.22873093715734,124,23.76574197379684,8.045550440810224,7.50483794692981,4.32627889396209,43.56053923874696,0
2026-02-10 15:00:00,-10.342706558498302,79.52807507523532,118,25.0103463199906,8.670282400713175,8.465719598473028,4.14899957283224,46.45535806489724,0
2026-02-10 16:00:00,-7.043704395624044,63.84080210168577,94,21.729195339645578,7.794205691583939,7.566908462556436,4.211485103595956,41.273929981693215,0
2026-02-10 17:00:00,-10.178846923649004,70.38161888291843,70,23.104568257042104,7.093309539123071,6.003939502599936,3.916988784326351,40.097663890999065,0
2026-02-10 18:00:00,-12.611379532468565,76.17592588610468,36,23.375629492408045,6.307919315223445,2.8242027081020398,3.8792923237052825,36.50834199422074,0
2026-02-10 19:00:00,-10.292399711243778,73.10326963301002,20,20.209112108275875,6.724279435054354,3.857259945351216,3.758958698816673,34.097676676671504,0
2026-02-10 20:00:00,-11.165019304798312,66.77543239793177,0,20.426014762297612,1.1724489573113843,1.2033668016295611,3.551207439745466,26.153373914628403,0
2026-02-10 21:00:00,-15.460830570249104,69.73851818490323,3,23.331933877542458,1.1625809218384495,1.4797112431599546,3.5811914334993764,29.73607824116357,0
2026-02-10 22:00:00,-13.312629058765747,78.91417821269026,2,20.512011424056592,1.3726967496092817,2.261844917091781,3.549070667703472,27.9435063638551,0
2026-02-10 23:00:00,-13.17713045207856,80.03215271495979,5,20.556157124302523,1.4980307498988912,2.2787786529015426,3.65982306429745,28.082096518500403,0
2026-02-11 00:00:00,-14.130261867186904,82.6705577491217,1,20.83110256617234,1.310454494571814,1.8911507973579138,3.535629639040224,27.637305134688713,0
2026-02-11 01:00:00,-14.042001791459384,84.35508424311175,8,21.97788096823053,1.5533914514711804,1.983767191011601,3.6973849346155774,29.313010076029308,0
2026-02-11 02:00:00,-17.62288738859629,77.0248821593828,0,23.59462103801657,1.2579810256159387,2.3988855277034173,3.6602852350008983,31.151222431133025,0
2026-02-11 03:00:00,-14.553602050360224,72.04800607238062,3,21.037552686572738,1.3482117042005795,1.947303367418262,3.642773120035953,27.619283877262657,0
2026-02-11 04:00:00,-15.281172426187311,82.5668249523113,9,22.937566589347583,1.0059267508047978,1.5903823456689512,3.669377800460583,29.075884988770206,0
2026-02-11 05:00:00,-15.03124692582683,78.55185088547964,13,22.73662808360628,1.9676238585661459,3.0695349774903087,3.5670762366332043,31.322255885663754,0
2026-02-11 06:00:00,-12.005685385828482,66.10953248736581,6,21.759089659842115,0.7762131693532541,2.2286782468352286,3.5817035448234416,28.394632044779446,0
2026-02-11 07:00:00,-10.12672991155465,64.3932334405525,28,22.10388661200766,6.512282165074116,3.841753018279586,3.4614086760980785,35.39192078362218,0
2026-02-11 08:00:00,-8.685200829021408,72.46548182990391,45,20.617576753163803,6.242131529637487,4.532646880555121,3.76201959805469,34.840026369084946,0
2026-02-11 09:00:00,-8.594589882423156,68.38229444291338,69,20.48255771471244,7.107654941407416,6.671230235792559,3.7281283154818285,37.98540608837158,0
2026-02-11 10:00:00,-10.17217803061333,70.47055379451581,93,23.312242759633385,7.37404722674617,6.775513377693498,3.9869778646174696,41.70206640829057,0
2026-02-11 11:00:00,-8.661131910544317,75.9310491211694,106,22.380898846772084,7.855514554970394,7.637241958594548,3.9168266316379805,41.68572200541759,0
2026-02-11 12:00:00,-7.400942126563268,73.10492946483267,112,21.6604462303815,8.035615188475177,8.283923789781907,3.7403990802326708,41.55366176535662,0
2026-02-11 13:00:00,-8.148887016021192,77.09090475252648,117,21.77207357234844,7.671283203951893,8.098293471386981,4.405866446950272,42.07968380635494,0
2026-02-11 14:00:00,-8.013330802392392,57.42078146355409,110,21.766355834009985,7.869704940766948,8.21118696897363,4.005285593998148,41.770515594765406,0
2026-02-11 15:00:00,-6.954509205640768,69.73626940755777,110,21.381382530252584,8.367785977859699,6.523664120305546,4.257058679252555,40.75011592480875,0
2026-02-11 16:00:00,-8.805321506840567,73.77212226451367,90,22.540363587699886,7.060707215874489,6.717247534878446,3.880951545214697,40.143938445261306,0
2026-02-11 17:00:00,-10.500543979524325,61.71589284451714,67,22.4841359724504,6.8070811807932765,5.438653389100095,4.122717463646238,38.57378404114285,0
2026-02-11 18:00:00,-10.690234133762976,67.0883017524624,41,22.73579671192532,6.939264126770367,3.9923531539303374,3.5912453204872627,37.61380838179402,0
2026-02-11 19:00:00,-9.752115621835832,65.27117574240336,21,20.57069751974196,6.305144184636247,2.5603828731711995,3.710404736378333,33.455944547124474,0
2026-02-11 20:00:00,-11.730541326802092,71.92809502146108,7,21.0281499091951,1.2789042254385976,2.5927552773458347,3.464156587052869,28.125096129631665,0
2026-02-11 21:00:00,-12.063139619024666,81.81447852643288,0,20.391636686656245,1.4578058220423147,1.5729998293026286,3.9901114782941782,27.51147971595578,0
2026-02-11 22:00:00,-12.346495210098293,84.39540783556312,0,19.97099683637964,0.8220759543705978,1.8901234800323938,3.562610778789228,26.164139705182738,0
2026-02-11 23:00:00,-14.847734142920869,69.25007528875095,8,22.07577104941159,1.0622326694658415,2.2232763621285407,3.7562678829433653,29.272313995636956,0
2026-02-12 00:00:00,-13.26109402644708,76.10516402279676,0,20.771563605129764,0.8750753467366066,2.025163893534209,3.6675866139478264,27.120467346408496,0
2026-02-12 01:00:00,-14.252334957504683,77.0420383309824,5,20.032628821007272,1.0681289334325532,2.7189323595067494,3.616172655982203,27.653823320541733,0
2026-02-12 02:00:00,-17.114809239121726,78.16186155842979,12,23.179683932631264,1.7848327297316875,2.547796734846015,3.7256579796874534,31.536709248338227,0
2026-02-12 03:00:00,-12.444449238367339,74.72721473721091,12,22.559548367345833,0.7206219665664209,2.8386286618716716,3.851875940799788,29.73383925189812,0
2026-02-12 04:00:00,-15.397981969004507,76.37094149146135,6,23.075709712389806,0.7900234161814746,2.1951915773278143,3.7242308896648417,29.80208063224343,0
2026-02-12 05:00:00,-16.804162808939942,85.72854283154348,6,23.29519534490909,0.7300109264473875,1.9022963127330794,3.6483682309918395,29.8798620662607,0
2026-02-12 06:00:00,-15.042201297668928,80.89645005946005,16,23.24326061035999,1.8785928827400888,2.6162991085480267,3.7418984406967524,31.229710392805668,0
2026-02-12 07:00:00,-14.157270422384183,67.25702943119853,4,20.428493224399325,5.7569600228550835,1.8924059283597345,3.903255802829918,31.813908325614538,0
2026-02-12 08:00:00,-11.426932349654408,76.3445257475241,42,21.963298935969494,6.541664223870251,4.365672959363791,3.705478444038147,36.74154906483231,0
2026-02-12 09:00:00,-11.075306192941994,76.66071989177522,74,23.675671402424342,6.666878037727672,5.9179934190211325,3.6179169643027715,39.83828754096106,0
2026-02-12 10:00:00,-10.338241336361222,72.64348472518165,88,22.619287217418005,7.392164887341928,6.282580937847099,3.7875248544032094,39.68773920446726,0
2026-02-12 11:00:00,-7.987259915899083,75.7789911599407,114,20.84501913022261,8.255282602294688,7.970116981149059,3.9026814738341646,40.89304528564415,0
2026-02-12 12:00:00,-7.906749964099083,70.05850667886854,116,21.95476255135611,8.076534966895537,7.493337485415761,3.9318080545440024,41.89305317537213,0
2026-02-12 13:00:00,-7.597605219265187,69.9010102409064,121,23.305020623160303,8.040247582045481,8.371928565107313,3.9569639527725995,44.18988280802765,0
2026-02-12 14:00:00,-7.318918613913437,69.21663222849733,115,22.11687652158793,7.422290066091891,8.125587640556912,4.056460063727647,41.56194268902823,0
2026-02-12 15:00:00,-7.087457663756669,56.20612873301949,103,20.221077369144016,7.639216769442211,8.278801690173673,4.04911268933407,39.959883085448226,0
2026-02-12 16:00:00,-12.068058759148332,71.56865370592601,87,25.57857742365313,7.517420167374059,7.191803427380014,3.98350075881883,44.15679878800923,0
2026-02-12 17:00:00,-9.660298286068882,66.23572026782423,71,20.724926192923842,6.830861300038343,5.239666431059128,3.774458312971222,37.02038734230098,0
2026-02-12 18:00:00,-13.47198410100432,65.9853002065979,40,22.65941111329193,6.849211905292258,4.0907962386993,3.909085010169221,37.71902769306962,0
2026-02-12 19:00:00,-10.548458457957139,79.51545355190498,24,19.768197105093375,6.641773991325775,3.2186896413549366,3.7761683732667803,33.770850394188784,0
2026-02-12 20:00:00,-11.523503044153601,74.66787239432195,6,19.704830153678206,1.0229729519710669,2.0263031912558445,3.8611962956186217,26.86497303174829,0
2026-02-12 21:00:00,-10.64408878208858,70.80408010089916,9,19.76685060102325,1.5160412678200965,2.2199901638034523,3.7630141560670074,26.936055142657544,0
2026-02-12 22:00:00,-11.246648523746307,68.04616628619517,0,20.67197627164972,1.0615911408805885,1.6407226155185117,3.5475702362116843,26.68464830685502,0
2026-02-12 23:00:00,-13.645783143496104,75.01135486539452,0,22.58697937940342,1.5014982935525847,2.6427188190974875,3.7958232455448746,30.352976451476792,0
2026-02-13 00:00:00,-15.174507120081081,80.32949689996589,2,22.202279592021057,1.8479527310203283,1.7227170859547252,3.6490379129469286,29.291493649209283,0
2026-02-13 01:00:00,-13.848770875944798,68.42478309567694,19,21.52917226470004,1.059217081323364,2.9984217146196706,3.7956967928320826,29.212931105237757,0
2026-02-13 02:00:00,-15.690264358712147,74.73872803537445,10,23.47326478138089,1.5493195412413332,1.2119364398218748,3.7480644602046005,29.842094005188848,0
2026-02-13 03:00:00,-14.675912274726246,79.21533319915173,0,22.55839998248457,1.5567375981569547,2.1706057725299353,3.581352025008039,30.027217960686244,0
2026-02-13 04:00:00,-12.647461549673045,60.86958938775,5,21.342828767253124,0.8502618808768588,2.6079146632635966,3.635490557064591,28.47044495560493,0
2026-02-13 05:00:00,-14.715889397595749,73.69149847376438,6,22.605807700930917,1.0067077661234691,1.65658648690472,3.6042938051918703,29.178340278693582,0
2026-02-13 06:00:00,-11.673150688548564,69.17911479312619,0,20.320374242283222,0.8947680156197788,1.5696509624602113,3.4720580567637707,26.319810855916216,0
2026-02-13 07:00:00,-11.047088706342723,70.48233738322683,26,21.03583213332348,6.3215265665123574,3.433176584056871,3.3822957833066503,34.00376195317165,0
2026-02-13 08:00:00,-12.915950464383211,69.67719151005599,43,22.490930366443404,6.549272072822783,4.173757312485601,3.6679291670849477,36.92900440670794,0
2026-02-13 09:00:00,-8.73131769943241,70.37423590581808,68,21.940359247300496,7.054600394180722,5.749866315733651,3.9018748484699577,38.26887318990078,0
2026-02-13 10:00:00,-8.355241588129257,80.80819451363325,90,23.41880772167967,7.81329591489736,6.620741520941354,4.122837731883559,41.39772358761739,0
2026-02-13 11:00:00,-8.644656632574382,67.53995763085949,113,22.752623368258895,7.270465897339846,8.853469424173186,4.171398498267246,43.208760228864875,0
2026-02-13 12:00:00,-9.55766534066229,71.91851506006135,112,23.098188099207043,7.575137302425519,7.658616940537446,4.006058035751765,42.59257789262032,0
2026-02-13 13:00:00,-9.372714214827544,81.99801417157533,110,23.130863337152032,8.114474826673453,9.061208620871696,3.937973504926956,44.2625526448891,0
2026-02-13 14:00:00,-8.706830755995952,66.23002959676163,118,22.29362439769102,8.217471652017307,8.848865762807112,4.045018871306067,43.307154281352375,0
2026-02-13 15:00:00,-6.989653395652744,79.13029214031337,94,21.595981666362448,7.221510232088314,7.3444518793229445,3.8297490304632325,39.65622525672825,0
2026-02-13 16:00:00,-9.886278246597655,70.44664672471089,88,22.806982510291544,7.6798956826062845,6.171785064539215,3.634709555897514,40.58510407086072,0
2026-02-13 17:00:00,-8.074159818454119,79.74699721903015,76,20.646636528269237,7.732403434886923,6.389357072662738,3.6722283062537877,38.56375787490393,0
2026-02-13 18:00:00,-11.653788774354082,76.24154833044348,48,22.80085094435935,6.7468407199370715,4.711772293806277,3.998211203724223,38.33046854898866,0
2026-02-13 19:00:00,-10.733854310948034,72.89304090870556,24,20.720827315026167,5.9792136422776405,2.1661753187971833,3.9745927358157735,32.839603065942946,0
2026-02-13 20:00:00,-11.106403192485,70.93601830304424,6,19.515668540861796,1.5142339897099868,1.497929861750449,3.737091146089709,26.147530858716554,0
2026-02-13 21:00:00,-8.04194978651948,65.28721370061434,16,19.145614432519665,1.9910659008398057,2.840932566886974,3.6552771062124823,27.354569283631072,0
2026-02-13 22:00:00,-15.38424098964544,74.99293004202019,0,22.752453776713814,0.7898508937961526,1.7400151252503857,3.391052944102494,28.73654877819996,0
2026-02-13 23:00:00,-11.265253346380502,76.83310876390551,4,21.082181457789194,1.185738225882512,1.7875848057021262,3.5918301961712698,27.512703457446758,0
2026-02-14 00:00:00,-13.843584910125042,73.30402009661375,0,22.334516807932403,1.4815544722104572,2.285527137504958,3.691775887151057,29.687384044224878,0
2026-02-14 01:00:00,-13.748976232042482,71.41199534366072,8,21.80702515008163,1.2843755502371152,1.842299320211304,3.756482190874098,29.119643652688342,0
2026-02-14 02:00:00,-14.366036647897934,72.2698322808568,2,21.664631706649974,0.6,1.7051415756427735,3.71132165012225,27.66907558406127,0
2026-02-14 03:00:00,-13.691932901737724,79.22380935780161,12,22.002716083054118,1.4711962015750295,2.16883659539237,3.82943521015369,28.858945218985472,0
2026-02-14 04:00:00,-14.359581691318848,81.12065499908827,0,22.259204484699858,0.7574169772869854,2.0295761660458775,3.891442839631682,28.803775856811406,0
2026-02-14 05:00:00,-11.070216526333118,67.29975931213961,10,20.797729087485248,0.8352470903520952,1.576243810080546,3.579246647238983,26.53810369813674,0
2026-02-14 06:00:00,-13.59322904583991,69.183394639695,6,21.97520261309604,0.6032882031549719,1.9060476666673178,4.044796807215465,28.49453036499742,0
2026-02-14 07:00:00,-10.048295985811984,72.81237550736166,2,19.465402116993534,1.5526425526079883,1.1347556507017913,3.3050093677448875,25.101701588563458,0
2026-02-14 08:00:00,-12.16265220502002,81.28718154230855,5,21.66679189493019,0.897851038343901,1.9342060361411475,3.5032532831667207,28.110510159405187,0
2026-02-14 09:00:00,-10.263789581681246,77.5737840361363,4,19.193556442100498,1.2886676630867553,2.345372054390884,3.646000038012213,26.399579565807137,0
2026-02-14 10:00:00,-11.139564439551254,63.84356005658397,4,22.224470136663584,1.3746340507027912,2.3534034228612,3.6983538883927625,29.53193335852397,0
2026-02-14 11:00:00,-7.818814041914183,67.27965471148447,1,18.820368448433236,1.1746366464353202,1.5275807502546384,3.5767546519410116,25.13674515740769,0
2026-02-14 12:00:00,-5.57942506063724,61.60094746734086,0,15.974078212633591,1.20379977299089,2.039994878812168,3.5256351090380034,22.724343761527994,0
2026-02-14 13:00:00,-7.817993214341595,67.25841977926466,0,18.322619529067254,1.233366830589824,1.7166764599897777,3.9303878121007445,25.169373122998223,0
2026-02-14 14:00:00,-7.901933788454528,78.55291031755303,0,18.84126841172933,1.148334190325888,2.4124882378852837,3.5184716135857785,25.86451578078885,0
2026-02-14 15:00:00,-9.58133654586162,61.650398516698104,7,19.16267991218397,0.9599441699893916,2.126516712336723,3.4750939061154345,25.719156146474628,0
2026-02-14 16:00:00,-8.425936698451268,59.60626076415731,0,17.330928047040366,0.8027319932469439,0.8,3.85362384793233,22.873077906126813,0
2026-02-14 17:00:00,-11.300104608031562,66.50375353542205,1,19.397809519379187,1.081256459538426,2.257606453919938,3.73137290367394,26.522537910758665,0
2026-02-14 18:00:00,-10.869120678079888,72.87570412401587,6,20.587764348762775,1.1638425831828443,1.92340536034241,3.788207583262156,27.74493977018691,0
2026-02-14 19:00:00,-9.77582516441353,74.05639779715469,7,18.151285417305147,1.3762619063493011,2.0616100215327546,3.65738068563633,25.1098656374426,0
2026-02-14 20:00:00,-8.824905664497509,72.24336985754232,0,17.598969627931734,1.485577523507806,1.9511655625082256,3.393601996375814,24.488846183840174,0
2026-02-14 21:00:00,-7.19743629442655,75.45218964020602,1,18.27898084831454,1.2383668761993218,1.2138814391163684,3.6166929572248883,24.959447639929262,0
2026-02-14 22:00:00,-13.814422745278414,62.78230349355524,5,21.649325818784014,0.9061906983089938,2.1085941086953923,3.392946860793323,28.046819079829874,0
2026-02-14 23:00:00,-11.102091568513549,78.45658790653879,2,19.59258879805402,0.6,2.1505236476984826,3.6443460598392106,25.986913582411372,0
2026-02-15 00:00:00,-13.455674707244649,71.21918411015574,10,21.398505612343868,1.0108719779422368,2.5138288852583814,3.7380104400670615,28.34537037018369,0
2026-02-15 01:00:00,-14.47682640216249,78.24658566045107,0,20.859908262978784,0.6294283734657162,1.5304809370349606,3.7613129531374323,26.602827905831873,0
2026-02-15 02:00:00,-13.603554442747456,65.26211327148137,0,21.91762432115748,0.8443697291737204,2.24636938358456,3.586141785029864,28.56791369102839,0
2026-02-15 03:00:00,-14.11444738043772,73.61557571738271,7,21.426144636639922,1.310796946102824,1.7361268228393252,3.7402134466578874,28.34664526102631,0
2026-02-15 04:00:00,-13.682381190386677,74.67941051632408,0,21.147179342757177,1.1295366777435367,1.5185152654297498,3.4644231689495295,27.42194525554667,0
2026-02-15 05:00:00,-14.008005121640167,80.44051006622064,0,22.04207107982104,1.7503621659283737,1.738799354012785,3.74499471862016,29.357795811822122,0
2026-02-15 06:00:00,-14.96575143233996,64.71278583860838,1,22.1498338023938,1.2870785432287652,1.987960761672332,3.705186690411988,29.331084301178016,0
2026-02-15 07:00:00,-14.368994512828277,73.96126117583063,9,21.725294169732933,1.9302085491601457,2.148955506739804,3.5159613604070166,29.070583846918506,0
2026-02-15 08:00:00,-9.728448709103828,63.78492478497502,0,17.690949511501074,1.3502987913964744,2.3528641045507173,3.679554396536504,25.1958959628392,0
2026-02-15 09:00:00,-10.403488505968804,73.83559264472625,16,20.527964010156154,1.7679973601567622,2.8128787961205184,3.8274581815090896,28.939636606118547,0
2026-02-15 10:00:00,-10.102316140097397,75.2400363238098,0,19.56253773534321,0.9743842049326646,1.8340460836649408,3.6117968886272473,26.01398879503884,0
2026-02-15 11:00:00,-8.349631711099638,76.98524523837325,3,18.173876426291095,0.777921750834748,2.0820612716054274,3.488623105666411,24.431902853891838,0
2026-02-15 12:00:00,-6.456491267479812,64.63219172475961,0,16.55484565076481,0.9428640382196922,2.129807668932765,3.626663370759886,23.01592314378725,0
2026-02-15 13:00:00,-7.151605915525298,73.9270633507767,2,17.868141413927493,1.1318456642627006,2.0183487019134576,3.6908676120326005,24.4054151501031,0
2026-02-15 14:00:00,-8.454258402971558,77.50610332709098,1,18.962847282144118,0.8981443905982427,1.0407174250829132,3.479497082407635,24.461374130334313,0
2026-02-15 15:00:00,-5.373526594066961,57.170663126417416,0,16.83485252961828,0.7496001514352022,2.2902789888129917,3.448853409175797,23.448047997409546,0
2026-02-15 16:00:00,-5.123260742367604,70.5165150773664,19,18.586943646966933,1.587893192347266,2.8988538436342437,3.754243351278395,26.79554146520092,0
2026-02-15 17:00:00,-7.523344962480147,74.39357624454075,0,18.567359680322507,0.7481109918309619,2.108183763249786,3.723497692766252,25.143448747080527,0
2026-02-15 18:00:00,-7.433737041396961,67.0229444627231,0,17.865741012271005,0.6,1.6173254132850783,3.9224636021614847,23.825477345702154,0
2026-02-15 19:00:00,-7.821766358239612,61.60168330352905,8,19.04724749265623,0.8512698601358415,1.4179775542608914,3.731858993352969,25.174119338340493,0
2026-02-15 20:00:00,-8.91779617279424,75.34608166625367,13,19.306251602933518,1.2519755791078633,1.4894906710565488,3.4706377448535926,25.533511994784384,0
2026-02-15 21:00:00,-10.700863067449276,63.82859433524041,9,20.197654782738706,0.9151783122824169,1.8700344947890035,3.9419675307487534,26.833431662423227,0
2026-02-15 22:00:00,-11.571775030654614,70.60872266592554,0,21.388720555628492,1.0201685338385216,2.032782406585898,3.7582480721969125,28.41644041752842,0
2026-02-15 23:00:00,-12.430415770145775,72.08206748078935,3,20.236194844172132,1.3641555068477236,2.5490509297339248,3.311209331749733,27.62186547353703,0
2026-02-16 00:00:00,-15.504645704588304,78.92171258866522,0,22.651342227105182,1.301055066402173,1.9358870513741628,3.445456498159717,28.94977360621565,0
2026-02-16 01:00:00,-12.797593769963237,68.83840597039723,7,22.25937238869836,0.9947109318187412,1.711497665781626,3.5542662368642595,28.532134842615992,0
2026-02-16 02:00:00,-16.412966495527936,71.20222273867883,0,23.406713013946117,0.6436204445363678,1.4471441353603587,3.7257147288242187,28.98363323594654,0
2026-02-16 03:00:00,-15.339642210337125,75.0982245303315,0,22.241750093700507,0.8985317871977775,2.4123523943930296,3.2430817553373146,28.830596431886683,0
2026-02-16 04:00:00,-11.42311104258458,77.60567614765692,2,18.97047659239972,1.3654756834242427,1.3201486082563028,3.590133137587035,24.458272486522528,0
2026-02-16 05:00:00,-11.654582202185573,85.46563665555806,5,18.758380123512662,1.5012186801655991,3.020797796681464,3.737157328318321,27.06683994733346,0
2026-02-16 06:00:00,-9.829505652146828,61.327242040437476,0,21.00205823005376,1.2235114723616736,2.6442168866210833,3.174883137673633,28.222665681920436,0
2026-02-16 07:00:00,-11.975795854740014,73.87389899777449,27,21.777771052749856,6.806502617848397,4.245624931441449,3.8200137628932547,36.6222145083489,0
2026-02-16 08:00:00,-12.566905774783299,65.90596917368173,49,22.176546838105303,7.387220741866781,4.666315669368,3.9260415177837813,37.864945140744325,0
2026-02-16 09:00:00,-10.110959321773555,76.69608695057063,73,22.33892191793253,7.044870225154666,5.661313832080677,3.7650021195177574,39.29920067489938,0
2026-02-16 10:00:00,-8.684629539303819,63.882204870622466,83,20.823945822153537,7.914297138895272,6.525355819768191,3.7590069097506356,39.31159582372934,0
2026-02-16 11:00:00,-7.998928192681863,64.95130683541745,117,22.109417329838468,7.91480766772289,8.643863227973373,3.9386559666263214,42.473978845760094,0
2026-02-16 12:00:00,-5.6497370174808665,63.70167760872667,112,20.08409515574453,8.272947044041024,7.667150842394356,3.6471853173626902,39.60612240567526,0
2026-02-16 13:00:00,-7.841502075106913,68.42393292401137,130,21.607452335910406,8.488000364035466,8.454458542978228,4.071071515881895,42.12572505071936,0
2026-02-16 14:00:00,-6.509624142547823,69.82140368806311,129,20.246594046007395,7.530029553261581,8.7672285776862,4.1489394383629445,40.81114178124046,0
2026-02-16 15:00:00,-8.908008506639886,72.583214741631,109,21.34351902006807,7.5238205027756235,7.4474615001104345,3.853099480406034,39.82559082953197,0
2026-02-16 16:00:00,-6.8114544586927765,68.07398556692289,96,21.76767379719178,7.200549229291375,7.638398915392662,4.129807437383764,40.90302073826258,0
2026-02-16 17:00:00,-8.127924475144296,61.116597221714734,51,19.34969062661567,6.194283538930939,4.327606718821809,3.8193850770983047,33.94745144238565,0
2026-02-16 18:00:00,-10.132765419696474,74.9662909666335,43,21.449917632866256,6.98176024418848,4.208038659968804,3.811002662223018,36.43315327251051,0
2026-02-16 19:00:00,-10.103126002451221,70.25959251986025,25,21.140130993297877,7.074070149292023,3.617368234273529,3.639700500567353,35.20515643571482,0
2026-02-16 20:00:00,-10.921181513688671,78.1612948753547,8,20.267549026105396,1.1538146233553315,2.815929039655628,3.743456592203359,28.293003464917657,0
2026-02-16 21:00:00,-11.973213122344681,67.73347716487889,0,20.34560984110306,1.3989548328782329,1.8938516768346245,3.7935841028783828,27.43254281787769,0
2026-02-16 22:00:00,-9.346802632757733,60.39645361046233,0,19.167563863421616,1.6196188611917606,1.9729333064759633,3.5388722036293485,26.3222945796998,0
2026-02-16 23:00:00,-13.250314682689105,72.73357999591838,0,20.991886222740387,1.1729160950639659,1.342354217623436,3.7141547656342437,26.988427850173814,0
2026-02-17 00:00:00,-13.820362018395814,81.14098764350244,4,22.758937380314872,1.1631404272797363,2.480375491115757,3.7318041186742104,30.182520901972538,0
2026-02-17 01:00:00,-17.321056737797782,76.95644537304464,0,25.18744000723831,1.0140092252902677,2.3685854590337705,3.6626805914762293,32.18198713990847,0
2026-02-17 02:00:00,-15.394802216213915,73.3480828671233,9,24.04383474970084,1.4501456087717408,1.4533411174113957,3.887558129115977,30.502757653930665,0
2026-02-17 03:00:00,-14.202614931436342,68.42987909263266,9,20.471266072414224,1.5681429175114032,3.0883256192410298,3.527026549094903,28.9897592294997,0
2026-02-17 04:00:00,-14.57168818059463,84.4753649355309,0,21.741957737656797,1.2616317171137132,1.4847032399083582,3.5367677527444576,28.464841723752482,0
2026-02-17 05:00:00,-10.500620543259465,64.69784983813592,5,19.908687226115415,1.3396120765359036,2.342583899660873,3.503456093545625,27.34888987782535,0
2026-02-17 06:00:00,-12.405043936022375,67.95141740624733,1,21.240371851231007,1.1000789845772159,1.8899027761671494,3.712753246711156,28.160315155192418,0
2026-02-17 07:00:00,-9.090161151866598,73.23782604040409,19,18.195441837920985,5.684465916224529,2.8178308692502405,3.635127060287571,30.774141723830954,0
2026-02-17 08:00:00,-10.26975183996318,59.56618974065164,38,19.53170113888347,6.898200736064809,3.797066909775411,3.6476376291579724,33.61273197662606,0
2026-02-17 09:00:00,-9.4054957380733,77.70166579584301,73,22.695619327782826,6.764381208134804,5.368346500589399,4.141472144011681,38.70494332742762,0
2026-02-17 10:00:00,-8.775603678960056,73.32686144452417,80,21.08255467890901,7.5567849747300375,6.43572260479159,4.191425872109113,39.162889592875935,0
2026-02-17 11:00:00,-7.893322355939408,74.31537819782122,95,20.35320189568227,7.874507827497534,6.896279899059942,3.930696064060763,39.129149278140325,0
2026-02-17 12:00:00,-4.421609299418509,69.66490904626181,116,19.38162074748437,7.5888487634282455,7.590759955404024,3.858888789494059,38.34696229616002,0
2026-02-17 13:00:00,-10.937247561314136,70.23619456624738,119,24.460983300211968,7.829269723288196,7.879247890197934,4.355527617552343,44.27003045385175,0
2026-02-17 14:00:00,-10.277277483394558,64.3290658516134,118,23.072782791198048,8.76651609298641,7.708399181338878,4.142609580661968,43.69172173073801,0
2026-02-17 15:00:00,-7.917299738632459,68.09752215662458,102,21.995334362154065,7.708181216745717,7.173934252364092,4.071108356341939,40.924963250928045,0
2026-02-17 16:00:00,-7.3188634053094015,62.63772968346624,101,20.636958884882247,7.290925213597919,7.573294688794562,4.019750151439337,39.73125991268112,0
2026-02-17 17:00:00,-6.726598461597066,70.9618807066561,70,18.596067005819084,7.440307733899564,5.329996877230505,3.7599523406948636,35.13745900960303,0
2026-02-17 18:00:00,-7.820401481202096,73.70598009419018,46,20.925336989674275,6.457563678049388,4.76894870053148,3.7220071816091957,35.39771626363097,0
2026-02-17 19:00:00,-10.12200111188695,79.45235262110445,19,20.49431257392561,5.569816592141066,2.7913534842621863,3.777658006365671,32.72950767890638,0
2026-02-17 20:00:00,-8.642275439337809,71.71231242282053,8,18.665519065825436,1.4259193418162635,2.1097677851713836,3.5648659459198755,26.16151848882349,0
2026-02-17 21:00:00,-9.529184190347985,75.6943402823321,5,18.924837453056544,0.8691837644759053,2.0825444436332314,3.684947529237733,25.568745013932435,0
2026-02-17 22:00:00,-11.811751404687143,70.07594513013451,5,21.837736109978728,1.3024159197778535,2.7028197192903454,3.6220048365735247,29.711716241740582,0
2026-02-17 23:00:00,-11.213005578774089,68.5400913560314,6,20.82676727211195,0.9235584866641727,1.5128975886259615,3.465466952849776,26.602409385652756,0
2026-02-18 00:00:00,-12.706327067044588,75.37177664518424,0,21.92712012419447,1.3475214679943897,2.545365137138615,3.843169596420923,29.80461359084349,0
2026-02-18 01:00:00,-14.473996639176312,71.53666024308079,0,21.567963908730903,1.1642244136120776,2.232072049016086,3.6891049391342934,28.467218005680067,0
2026-02-18 02:00:00,-12.452446475333662,73.9544495894662,2,20.972952187837183,0.6,1.9002545772331707,3.65759715138495,27.069179160533626,0
2026-02-18 03:00:00,-13.331433185261657,66.6314217529337,1,21.728990380248987,1.251704389246606,2.387361558146551,3.6872531831214093,28.995652606889774,0
2026-02-18 04:00:00,-13.167546275396578,67.58589361168963,5,21.01212155227894,1.0885940350493637,1.9298872165665595,3.35106624369675,27.500841571672733,0
2026-02-18 05:00:00,-10.10958776306431,74.39464662840797,2,19.497135215374385,1.6318511747667819,2.038555268897139,3.5340230596919575,26.495525515807202,0
2026-02-18 06:00:00,-16.055217720151816,80.36155374255044,5,22.66013800578145,1.328322747155548,1.8313634716062204,3.390904918935974,28.844507947340194,0
2026-02-18 07:00:00,-13.454664848763763,67.17706162277274,11,22.147952970284756,6.362655245313556,2.839913823748382,3.6627029329686978,35.13075301747246,0
2026-02-18 08:00:00,-12.1567548264701,76.14125198289109,44,21.17380246827219,6.443310719642676,3.901734977643949,3.82488683066506,35.451866348109576,0
2026-02-18 09:00:00,-9.850411544641817,67.19139462026972,61,21.9458147112899,6.721476287213713,5.131884494949217,3.865200823737101,37.692497949765325,0
2026-02-18 10:00:00,-8.821568990235923,69.7152077998788,92,22.225080575731162,7.547022734128802,7.165612468246338,4.144788373000394,41.31572624064298,0
2026-02-18 11:00:00,-10.226314968694936,79.17140272126508,95,22.733615859037204,7.483784355622153,7.496685338669682,3.7553971678696474,41.418823103859104,0
2026-02-18 12:00:00,-8.782414843316541,74.4317345366251,119,23.258414325645262,8.510303168273529,7.975480231204004,3.956112354144468,43.77064743873121,0
2026-02-18 13:00:00,-8.221425563112001,73.94130110046716,111,22.001474455618578,7.844338329446835,8.243912205804165,4.1061521999219,42.10839750483864,0
2026-02-18 14:00:00,-2.4611141451046548,76.29857775957029,114,18.52134161109887,7.523312387505695,7.62810671349322,4.095590498587272,37.703698301861756,0
2026-02-18 15:00:00,-3.6950333984517827,61.547999002540045,112,20.13810029493298,7.626346680208969,6.992351128475982,3.8506853900673237,38.69253759895746,0
2026-02-18 16:00:00,-7.807620198452039,62.94046529888375,91,21.823030919225683,7.8757678796149015,6.468371358746145,4.143479480196896,40.87730202001217,0
2026-02-18 17:00:00,-8.281952961002313,64.87873109938019,59,20.102716526334117,6.903459929507975,5.420596989234343,4.067483318372762,36.679831164760635,0
2026-02-18 18:00:00,-10.342381896853771,69.22978010220064,40,20.564139666380736,6.542750881217584,3.994502404459969,3.82383805109157,35.062383315568546,0
2026-02-18 19:00:00,-12.476690146257802,58.23021392394199,9,21.045101497821157,6.433065649226229,2.054250912709713,3.4096392902160457,33.13541720174018,0
2026-02-18 20:00:00,-10.337431418528162,69.50850414371526,0,19.19410570049512,0.7798328838970605,1.8249652455709537,3.623958786808276,24.835918149973068,0
2026-02-18 21:00:00,-12.740950131007338,69.28828820688602,3,22.35484636389007,0.6,1.97507985285754,3.66305138488741,28.67277206132361,0
2026-02-18 22:00:00,-12.032981005459087,76.7272943584811,5,21.047309554521632,0.8914966737751754,2.354854346988947,3.5792236525447994,28.100502650792848,0
2026-02-18 23:00:00,-15.333958779160497,76.6149853584306,5,22.72037627875086,1.2747311809912196,1.3497305340084584,3.8220866942121656,29.188031340955643,0
2026-02-19 00:00:00,-14.22685429493261,70.06596095458343,6,21.355395512109688,1.1206709678816689,2.0839411694244667,3.6066092009043524,28.15582284283156,0
2026-02-19 01:00:00,-13.02848313255656,76.31112742159483,2,21.857711774512115,0.6,1.965924772193686,3.9236813531084733,28.112333177084448,0
2026-02-19 02:00:00,-12.777852486326942,76.92296772368782,0,20.56187052211409,1.455620835973043,1.1855834262655844,3.7174675821800305,26.81218976840381,0
2026-02-19 03:00:00,-12.571446864709948,67.817310409784,0,20.409241332666937,1.1572239311295571,1.179412910444414,3.641412019494306,26.17891633035211,0
2026-02-19 04:00:00,-15.176328988872132,71.42410120935959,0,23.060362544007102,1.2361551431497222,1.6358812114579246,3.738064107600063,29.920339717543342,0
2026-02-19 05:00:00,-10.922316795482095,57.839558474023676,0,20.284801918173134,1.2468635909241796,1.8038359274715563,3.8296327909697645,27.540551174675294,0
2026-02-19 06:00:00,-13.01076868678278,66.21411666887137,0,19.183487751025567,0.6455165139525368,1.8054207112749883,3.7348578026165677,25.85304929648703,0
2026-02-19 07:00:00,-9.730417005586038,65.84299539164805,19,19.822425252228452,6.348007620750322,2.5946431833955392,3.6646247474974256,32.21720220922856,0
2026-02-19 08:00:00,-9.918494552810564,70.88386797424405,44,21.03314253706822,7.009608824120702,3.9511994331647937,3.677011959911394,35.50385963915613,0
2026-02-19 09:00:00,-11.334400893133324,65.82850459369111,87,22.9872755933924,7.865108580629729,6.407170655334329,3.7796838994102826,40.85181493775224,0
2026-02-19 10:00:00,-8.687944900347654,66.4352467529661,82,21.677298974753484,7.628442163754534,6.444334792606934,3.5618921335220235,39.05732903173241,0
2026-02-19 11:00:00,-6.804416706898315,60.751328440678144,106,19.848811287673815,7.987595380507209,8.190079453056994,4.050135007044623,39.826016580264735,0
2026-02-19 12:00:00,-5.827278742507282,68.39714244806808,108,18.535005191181646,7.2359025573303555,6.740821401100146,3.973849554282165,36.35670498482409,0
2026-02-19 13:00:00,-6.759347836203408,70.623798444662,118,20.91004715430176,8.018772871527887,8.570350954585823,4.021880719007101,41.739671080974325,0
2026-02-19 14:00:00,-3.7963846885378456,68.26148060692232,114,20.05770081676567,7.617198977697244,8.019981752462934,4.210328630150031,39.725751364951876,0
2026-02-19 15:00:00,-4.806900099870746,66.67934186633461,111,28.48652647469663,8.346758758681226,8.141575026494476,4.027189123405213,49.26531943821844,1
2026-02-19 16:00:00,-7.305631887193679,59.232785936386904,87,32.525671607390706,7.861632822331968,7.118494501767445,4.232265547236885,52.079931441383856,1
2026-02-19 17:00:00,-6.150327987773913,63.89302400747333,68,28.994062661353095,6.7913149162479325,5.200193265882541,3.786035025269121,44.84287999147616,1
2026-02-19 18:00:00,-4.862959877739717,64.20337987439389,42,28.49195664774342,6.639907635702895,4.5349371050537615,3.622357325636906,43.59644142711666,1
2026-02-19 19:00:00,-5.661718323369667,64.8265168650035,10,30.264949084211747,6.166978305227487,1.7856807110524322,3.451354543847412,41.328647570506774,1
2026-02-19 20:00:00,-11.988008599957881,72.44089375790743,0,32.8017725899723,1.4152769401211618,1.857419654745265,3.708412658654645,39.643335200681044,1
2026-02-19 21:00:00,-12.381381749385614,80.83928454626533,0,20.73519913837896,0.6,1.6908674537988075,3.7727229083745097,26.84614363760874,0
2026-02-19 22:00:00,-9.12604686511209,74.71711242494166,2,19.674491934395597,0.6,1.9308257606033248,3.518840765561192,25.77996696568034,0
2026-02-19 23:00:00,-14.174360323136533,67.70566356326023,5,22.053174233667644,1.2033519787942877,1.6299345718177252,3.460402594680966,28.704171510174696,0
2026-02-20 00:00:00,-14.939150281694005,78.2747799630503,1,22.167713747231048,0.6,2.0515975552225907,3.833541433309125,28.403141398311455,0
2026-02-20 01:00:00,-13.867011856052734,77.24207309803396,0,22.424183615826585,1.1555003434342226,2.5138292694816515,3.382439717952671,29.34171405329848,0
2026-02-20 02:00:00,-12.445356035745819,67.49761218909997,0,21.235816221142017,1.3072727207539598,1.3626644081326298,3.751533026680004,27.636040609025933,0
2026-02-20 03:00:00,-13.214556235103219,78.00411271214006,5,21.710343225613027,1.6226279679147209,2.1603404847484504,3.5343527959515733,28.89800967545017,0
2026-02-20 04:00:00,-13.796788509787657,72.38533156666915,0,21.531113213622866,0.8821011120604026,2.185142904485556,3.6595643035665284,27.997264962101596,0
2026-02-20 05:00:00,-13.280776360937198,64.50086133061623,6,21.275998525561924,1.264413576147305,1.9964666723255473,3.785538258348094,28.203279421122545,0
2026-02-20 06:00:00,-12.62071445135422,75.19675218633851,10,22.043751089970776,1.5080284438811136,2.962176814700496,3.7114384284531137,30.1640131613085,0
2026-02-20 07:00:00,-12.06077446843164,73.34735179301089,17,20.96107909578701,5.794497997054975,2.5416402463615784,3.623711590581646,33.282815046104986,0
2026-02-20 08:00:00,-5.780965550483311,65.96965838774751,38,19.30796232276513,6.90437172921306,3.837667383560542,3.961414589182118,33.75635804753597,0
2026-02-20 09:00:00,-8.248105962978348,68.96136096233396,69,20.001184365496016,7.238019813829678,5.148080611608043,3.9193652077394474,36.51044613676273,0
2026-02-20 10:00:00,-6.40225104936456,63.487175413692654,92,38.27632833805795,7.3440937842529666,6.916965660681404,4.520376425897331,57.37579804342643,1
2026-02-20 11:00:00,-8.01629940350187,72.67300757540906,104,39.31032485812284,7.8214832002789585,7.521360325474536,3.760226799901209,58.285246521502664,1
2026-02-20 12:00:00,-6.944778879823364,67.94788035281397,113,36.73932651721053,7.885232930187091,8.30115556018019,3.7940109540145532,56.784699237020305,1
2026-02-20 13:00:00,-7.49204281817048,69.61772517731724,123,39.99844590252026,8.387025882586753,8.278707281809968,4.241139085190059,61.049302231310214,1
2026-02-20 14:00:00,-10.667645611215258,73.14358575498468,120,41.424841813754185,7.933838968448574,8.093101968952242,4.075237325090175,61.62977123278827,1
2026-02-20 15:00:00,-8.621616820482249,62.53869892880373,104,22.307280199357685,7.851481672682601,7.7281214530549915,4.134891409296991,42.04231053971525,0
2026-02-20 16:00:00,-9.70670428457375,64.91433008213801,80,21.680586775336575,7.1226739336463405,6.828735720533554,3.7552428665185857,39.21753281706313,0
2026-02-20 17:00:00,-11.00950013021743,57.997458339965824,72,22.439180344219647,6.867755006457894,6.043054611433942,3.8961199123820967,39.4117240224021,0
2026-02-20 18:00:00,-9.94185169815939,73.84484232456198,40,21.559418619980335,6.680036477168447,4.831335511875015,3.828597622167425,36.80577375860601,0
2026-02-20 19:00:00,-6.50145012904502,60.60282745430317,19,18.49065039656346,5.9281313165435,3.0948883620498786,3.5944433734427452,31.115276182039242,0
2026-02-20 20:00:00,-9.735282926950017,71.09688045458643,3,18.491171784215744,1.4342031020070882,2.198681785134466,3.646774455876489,25.814785704021464,0
2026-02-20 21:00:00,-8.371649703765442,71.50466662746139,0,17.641079674857203,1.3072813862619934,2.1056817963014636,3.3957710728682717,24.66381123664922,0
2026-02-20 22:00:00,-10.711071061121125,74.64742032919597,2,20.139041703662517,0.8682099402796397,2.579676840100624,3.667223428722248,27.7361372142145,0
2026-02-20 23:00:00,-10.80426517228976,63.87909739620096,5,20.35602350144468,1.264823151155614,2.631906529752734,3.836817203655581,27.9051241058913,0
2026-02-21 00:00:00,-13.97941813970893,73.09359389593754,6,21.4185065375215,0.9386050348830943,1.6418047951010535,3.438363305322302,27.45042335305888,0
2026-02-21 01:00:00,-11.906828104329813,81.95180360297385,3,21.92401268689692,0.6,2.325261849424532,3.4173069983973234,27.89547728905554,0
2026-02-21 02:00:00,-11.677990136519227,82.04438068229533,0,21.064030228996828,0.8909711913935372,1.9194104276093287,3.7784881595556246,28.023260488527956,0
2026-02-21 03:00:00,-13.77784512325463,79.25732240660268,10,21.48068907917985,1.2623891097545514,2.2626842428499825,3.442654328590581,28.459379121841973,0
2026-02-21 04:00:00,-11.496674617643666,73.6474647961458,4,19.87026702558053,1.3544930537197368,1.2221818800441606,3.7420901467712637,26.114112723671614,0
2026-02-21 05:00:00,-10.929158879021314,65.16623082619373,0,19.796661578861762,1.1523179756646187,1.1069275903828748,3.608302272891965,25.6772659327374,0
2026-02-21 06:00:00,-12.101043790366756,76.3875125951214,0,20.39312186955339,1.41768611525988,1.6359897509491055,3.5373267085758657,27.00981532233695,0
2026-02-21 07:00:00,-12.231377327165129,71.22540562289281,3,21.84412484474119,0.8105918400041991,1.3059338212043652,3.8319787242008987,27.609669364485974,0
2026-02-21 08:00:00,-11.429822498672678,74.93553652564157,6,21.26691542762606,1.0761555642307443,1.9753094315607385,3.7632221712625538,28.378595149793863,0
2026-02-21 09:00:00,-8.363878255320307,65.47584796237753,0,18.51910499888689,1.675528345618214,2.1214535637428806,3.6419573442437807,26.11922918471807,0
2026-02-21 10:00:00,-7.11088755750378,67.29556699108826,7,18.551639232063565,0.6,1.9235696544447296,3.305100022218433,24.576351494926058,0
2026-02-21 11:00:00,-8.289224512071154,70.20180254451192,0,19.106130398076907,0.941815992925902,1.8375581712380566,3.7068380574601574,25.422340213375655,0
2026-02-21 12:00:00,-6.340520340945713,69.23305880467244,0,17.36411038036174,0.7249771182830731,1.3185216187744198,3.4393710111271485,22.663451696292775,0
2026-02-21 13:00:00,-5.066150980998451,69.76194952251032,0,16.900462512474373,1.0316105585110724,1.9344452782368742,3.5667927076155137,23.40492337793679,0
2026-02-21 14:00:00,-4.865880119514603,63.17424018248656,0,16.93756051259229,0.9479433793973593,2.028660926161305,3.601100110264428,23.715254400863902,0
2026-02-21 15:00:00,-3.3978677382256457,57.48869409100802,11,16.38584786708998,1.508754403331529,1.7646795843436363,3.928591598183745,23.713297403567097,0
2026-02-21 16:00:00,-4.214848006463406,75.90984624424632,14,15.95156878096814,1.4414322307933267,2.2316511665309053,3.618013691307618,23.048244709366923,0
2026-02-21 17:00:00,-8.644126035978823,84.41861954112426,3,18.216425294990866,0.6970338498314022,1.3947733796666901,3.398584224592051,23.87375701575636,0
2026-02-21 18:00:00,-4.804707778230977,69.2880551008875,0,16.195854782025123,0.8941432743873196,2.0291466585680333,3.820446556248528,22.696561040272343,0
2026-02-21 19:00:00,-9.413597734331507,62.11624573236796,1,18.569555262674765,1.1179590328060098,1.9288029522466812,3.712859832249733,25.163772308769172,0
2026-02-21 20:00:00,-7.640520553273088,64.09121971389754,5,17.068021462789872,1.448783309413655,2.0526296925939893,3.734446370740749,24.34331167494669,0
2026-02-21 21:00:00,-10.207093728017588,73.710025710319,0,20.100875931009433,1.9515346996379743,1.7422733078364063,3.8232627005293773,27.325078334444378,0
2026-02-21 22:00:00,-11.86745827782246,79.94728737845456,0,20.800252302632224,1.345978526134396,1.945275945944666,3.858481327294947,27.709105970052022,0
2026-02-21 23:00:00,-14.964762730215917,66.94622824041079,11,21.633069122491197,0.9436250278076801,2.5592831714051325,3.51023989042257,29.0342475989347,0
2026-02-22 00:00:00,-12.494418048459899,71.62481661125152,0,20.69402909872471,1.0671541606102812,1.5769901277839058,3.3913515370887426,27.071091418046564,0
2026-02-22 01:00:00,-15.203361359877842,75.57811340657219,0,22.310520934927048,1.1633416682618332,1.5139814382583132,3.726370386528257,29.28664339829627,0
2026-02-22 02:00:00,-11.027260766913857,76.45791628290064,2,20.251366787617986,0.9542131953797677,1.8834521622334093,3.5686299024789405,26.770305273741954,0
2026-02-22 03:00:00,-9.973862342721587,68.41879019063892,4,18.69930219986039,1.3365902320770904,1.934619295900121,3.590233299545519,25.721936116447864,0
2026-02-22 04:00:00,-13.557507062896478,63.78524214924081,0,20.420158707684422,0.6,2.7273070012721936,3.4317495910651763,27.140475891206282,0
2026-02-22 05:00:00,-11.133192939716723,75.07708006150496,2,20.583031501862827,1.3296023674647999,1.7372473974330138,3.695584492368149,27.25785513454006,0
2026-02-22 06:00:00,-12.154835055260127,78.86490208247253,6,19.672634722235976,1.0412644021493347,2.2603493904514704,3.6843196760716213,26.876547069519624,0
2026-02-22 07:00:00,-11.145960166937936,70.86392135473248,14,20.408526102380268,1.3136031689065664,2.7796669197274175,3.6326752870028196,28.474965762969134,0
2026-02-22 08:00:00,-7.855028471275439,71.32271190129516,1,17.97005476473317,1.6310030286592752,2.485235930776386,3.395748662854671,25.67870576113314,0
2026-02-22 09:00:00,-8.331317855121549,66.40154101477874,2,18.443536901389066,0.6944689885368774,1.5449669337142395,3.789372504320968,24.262391872319547,0
2026-02-22 10:00:00,-4.464267796563851,61.27356407906752,11,16.81644941894932,1.3934517475113406,3.0078415231137523,3.6823556762361362,24.998004371344997,0
2026-02-22 11:00:00,-7.51659094748862,74.79599729389977,0,19.278479243792525,1.3778725526522566,1.7336719915556216,3.7676765595234363,25.965162700630785,0
2026-02-22 12:00:00,-4.441708789394403,68.65625667893256,0,14.936597337376034,1.1596177604002054,2.925605353340881,3.2845481215680654,22.225243608808288,0
2026-02-22 13:00:00,-5.625326273806602,70.16120630176626,4,17.743954504994026,0.6070326930679385,2.183170998651767,3.624523472944492,24.567738331491427,0
2026-02-22 14:00:00,-4.318846851281373,75.2518260264287,8,14.415204848838094,1.7166388195554645,1.6869818917921098,3.524465178700038,21.04339551129467,0
2026-02-22 15:00:00,-6.55109709329574,61.58426881406037,4,18.694605233165383,1.0980260823577757,1.9312785973107018,3.621422093053698,25.88750615474647,0
2026-02-22 16:00:00,-6.224830578438725,64.3564653248725,1,15.651106263064735,0.9333607024726902,2.4563212107977144,3.7454815848170844,22.923653348809417,0
2026-02-22 17:00:00,-6.8931438285018425,69.11745796438456,0,19.5871391309589,0.9913309912324781,1.8366935194850522,3.655492104929494,25.9541275551325,0
2026-02-22 18:00:00,-8.842966563084408,66.24634549574584,2,18.527106343007233,1.002248763148046,1.8831685665813032,3.6107183351130554,25.04029603821065,0
2026-02-22 19:00:00,-7.140264201198767,73.05401736253377,9,19.128659685313714,0.8454371145375783,2.618548723740458,3.6379170652544603,26.059321484225727,0
2026-02-22 20:00:00,-8.06624615836335,67.92528929334861,0,19.18574759057943,1.1577327051270616,1.6447510391996008,3.3660352233439936,25.217538054135442,0
2026-02-22 21:00:00,-9.06849314436593,63.846173013291306,1,18.585534750688712,0.9089684472300998,1.7601700708976784,3.4680147919278106,24.74101200912592,0
2026-02-22 22:00:00,-8.308827856186575,69.6262509432659,0,18.171320782038134,1.3348108952524405,1.3748964705308027,3.7681931316812523,24.56699103808249,0
2026-02-22 23:00:00,-9.18265703989777,70.90902540476407,0,18.296213912634887,1.2811584227653132,2.5779693514348754,3.5241694752214725,25.446269253990163,0
2026-02-23 00:00:00,-12.592904366795963,78.05277065247496,3,21.678780665897087,1.7229842941173334,1.4148249243386108,3.783062856715489,28.544300119063458,0
2026-02-23 01:00:00,-11.670960931480536,74.11206611749495,5,20.245382856883936,1.115928399819562,2.15125999689357,3.7439556403220777,26.927873199426866,0
2026-02-23 02:00:00,-13.48453065254586,75.8802763375684,5,20.980840956036012,0.9088625871343144,2.29094804663687,3.7518807665551397,27.61457869097106,0
2026-02-23 03:00:00,-12.265445835423895,74.12083448061128,0,21.183779394110783,0.6,1.7938569960366921,3.6499371584694775,26.907060100641917,0
2026-02-23 04:00:00,-12.975072457554504,71.60196921541429,0,20.447800872257012,1.8676701851261845,1.2357617420295797,3.5345987650118245,27.50366271465447,0
2026-02-23 05:00:00,-8.645163689428529,65.18655807640381,4,18.531009106466943,1.403737798780647,1.57055618752999,3.5933271909771842,25.200036284695244,0
2026-02-23 06:00:00,-10.056122625223862,72.27512207887416,0,19.558235814527592,0.8576530275870732,2.0351326132604783,3.696057885088005,26.296043603567746,0
2026-02-23 07:00:00,-10.20092565644324,68.65194564703059,29,20.057593289328064,7.014604281243498,3.0440543111317306,3.397157881359611,33.51622500493262,0
2026-02-23 08:00:00,-6.895257908651058,78.3103791541344,56,19.206010642281665,7.3826568343601116,3.9475922498801905,4.010566458894171,34.67339671891272,0
2026-02-23 09:00:00,-11.708589019600275,79.83453553333952,81,24.493968192279727,6.885052874140703,6.429140245255095,3.8489820835199287,41.95110488051578,0
2026-02-23 10:00:00,-10.59838389207789,74.74582271316807,84,22.56367449717706,7.148283793720609,6.027377079019899,3.9230573761196887,39.764347600274334,0
2026-02-23 11:00:00,-5.096610032780367,69.0932591603432,110,20.158332251185726,7.83368630419387,8.134048673106612,4.028350619068269,40.56450035418594,0
2026-02-23 12:00:00,-5.790524205761838,66.81513884843432,122,21.128403928886886,7.721470216399314,8.419270415799073,4.0820251129856215,41.34187332284352,0
2026-02-23 13:00:00,-5.117910378351867,59.2716903956811,125,21.346952010243335,8.116197187981202,8.562584452168789,3.9029537473912717,42.07841553744508,0
2026-02-23 14:00:00,-7.679282856448432,67.46242880240453,114,21.256893110601002,8.201186681253926,8.093507182357683,4.078758755051844,41.80634901247658,0
2026-02-23 15:00:00,-5.583166397240783,67.79577499836213,114,21.210008830766363,7.4713586995871974,7.557678001472829,4.1451546948001505,40.15118893949509,0
2026-02-23 16:00:00,-2.487354569879082,66.24225477407728,90,18.43732180257726,7.622550191790879,6.378546110581075,3.6533322732905855,36.10243561951719,0
2026-02-23 17:00:00,-5.048396393001015,69.60351549684572,70,17.587145600681293,7.568974291401447,5.533034178060402,3.6848821363581536,33.91368088006735,0
2026-02-23 18:00:00,-6.885908354064118,73.6924124528142,35,20.294231328084198,6.670077083744683,3.2100456838532434,3.87437980344437,34.016265241798315,0
2026-02-23 19:00:00,-8.76493447012647,65.42077642243765,22,20.662312841283917,6.2695342758269685,3.331217946757739,3.7944695716146994,33.98775524322818,0
2026-02-23 20:00:00,-9.595183328984868,66.09793385348459,0,18.564755984615353,0.8661643841483104,1.6616794587803594,3.6448111852936167,24.652673898063593,0
2026-02-23 21:00:00,-13.449912550305752,81.79257449118826,5,20.71800804901951,1.480794655234773,1.422753529257092,3.5176777857091492,27.037355543285678,0
2026-02-23 22:00:00,-10.236420765240924,75.30320510908959,3,19.864565241459925,0.7420779607831878,1.7134369595449372,3.71934189153901,26.16741561666303,0
2026-02-23 23:00:00,-9.961961930540662,68.12684579510557,3,18.38224728944855,1.2389771338832931,2.0105411542148586,3.431564896371633,24.841872731750865,0
2026-02-24 00:00:00,-14.384739411232651,73.14528754471107,2,23.144575221476742,1.1449305065686606,1.709259295919651,3.5873995935550336,30.05116218906754,0
2026-02-24 01:00:00,-13.180246750730396,72.26890138299841,7,21.154780126821713,1.619963859173398,2.3649171488780603,3.4320260594652106,28.71355748529956,0
2026-02-24 02:00:00,-14.142787516593888,73.79653537113373,1,23.175262302271506,0.9140379336258886,2.113316357280687,3.5796997085767672,29.581574908540315,0
2026-02-24 03:00:00,-13.696935064983705,76.10879985216947,0,20.924699641381533,0.925792465837409,2.880765124178902,3.4454413691441976,28.33850262942933,0
2026-02-24 04:00:00,-11.615267789445374,86.92140731868302,5,20.46209364942494,0.7553472952790021,2.592789890612327,3.733371629121538,27.792315706786084,0
2026-02-24 05:00:00,-14.693455039430392,75.15863064654872,0,23.175974008131515,1.2530494961101433,1.0636333450364979,3.6649772746177676,29.249913496994512,0
2026-02-24 06:00:00,-9.38083789659006,74.01121732499405,0,18.82229439631117,0.951664454938713,1.6378953817505966,3.5144136629623888,24.6748163108769,0
2026-02-24 07:00:00,-8.299410680768633,59.105697773435615,12,19.0913315893864,5.814274107955552,2.340011418398415,3.811544882470912,31.616483748676796,0
2026-02-24 08:00:00,-9.10197204145982,66.91707907442185,46,21.403270788557105,6.459614306662952,4.588781915091087,3.6405526964896526,36.25208831068023,0
2026-02-24 09:00:00,-11.986435450911967,79.36271660448361,68,22.52729460086161,7.311986923762019,5.11988626818423,3.8667073297297874,38.5139802315014,0
2026-02-24 10:00:00,-8.619009306001132,71.87814932764054,77,20.324634125042504,6.899963825096928,5.795936526110748,3.8157768008778405,36.888590049408705,0
2026-02-24 11:00:00,-4.10429061966957,39.74353045556316,104,18.493520082362288,7.417041912257111,6.960014655840805,4.127355765206673,36.94285304029342,0
2026-02-24 12:00:00,-10.366599005790107,74.81908846823976,124,24.45937362290856,8.445726498931084,8.348980424428822,4.192516368338702,45.44820372680179,0
2026-02-24 13:00:00,-5.8851470505143135,78.92284665565836,117,21.4594079988964,7.947857798459685,7.980765503736564,4.263293480921406,41.35289566029437,0
2026-02-24 14:00:00,-7.18109896519141,56.41037870717481,116,22.71436793827589,8.322405780094506,8.039147384214624,4.076447667286594,43.165950394801555,0
2026-02-24 15:00:00,-3.9265877370911086,75.06126685669142,113,19.653185112326774,7.808225464641792,7.4810692683861095,3.608060486260703,38.34272714117374,0
2026-02-24 16:00:00,-6.791702447195418,51.462043051641004,95,19.759597613292907,7.609605935211179,7.466911582730401,3.9153697295398575,38.66409999897372,0
2026-02-24 17:00:00,-5.513502072393614,72.76312022461569,75,17.580629356963033,7.304704745177676,6.137496238275023,4.134788955801433,35.254480293041716,0
2026-02-24 18:00:00,-5.963814929209612,67.42096944083376,28,20.373382686422936,6.889550193501388,2.688026602278497,3.663250803664513,33.495052126700784,0
2026-02-24 19:00:00,-4.647647056397211,52.385908000830206,28,17.737173707540386,6.861055489173594,3.3516878226253426,3.424369568731353,31.30168114298799,0
2026-02-24 20:00:00,-9.020098946045199,72.4419011729726,6,19.19109079357205,1.6116329633673177,1.4256353041158527,3.691399778156937,26.12481675312134,0
2026-02-24 21:00:00,-8.941688871297453,76.61130514838544,17,19.64409135360357,1.185913395522613,3.339015076711985,3.7466089058517267,27.693479448490717,0
2026-02-24 22:00:00,-12.94969195631371,74.89559099016472,0,20.005750176076,0.7546096507158739,2.5263487679204824,3.4909201532211243,26.615523520488495,0
2026-02-24 23:00:00,-9.12626831835062,73.35366706112065,0,18.297338031872922,1.3662770120713175,1.7749182177501546,3.5629876342361713,24.687873525062038,0
2026-02-25 00:00:00,-12.747761782262426,70.09076466266245,2,22.4983659361052,1.617865895805286,1.5263096746903997,3.480905609431478,28.917731259841695,0
2026-02-25 01:00:00,-12.757830298256474,61.400034192366235,0,21.566219401670526,1.506986556241558,1.5010788025819906,3.6783854548674175,28.28495127273153,0
2026-02-25 02:00:00,-11.961629078539227,76.1224059429268,6,20.1768667394504,1.2125672400666971,1.9258160629758878,3.6324899174950764,27.10760592711454,0
2026-02-25 03:00:00,-14.461451606385051,84.34461222146656,8,21.32618966923674,1.4987329907059523,2.19192774383393,3.457133725469588,28.272442340990516,0
2026-02-25 04:00:00,-11.06598769136191,78.07697589388619,1,19.680717573834254,1.3788856785797954,2.4717113413328473,3.6025684259166684,27.2863360898081,0
2026-02-25 05:00:00,-9.253988897475965,58.013236695498904,1,18.789969042757757,1.1701299769827918,2.285020814639079,3.494046344144924,25.765470001570897,0
2026-02-25 06:00:00,-9.675820327350173,61.167498802247025,5,21.066292618540462,1.25733076865795,2.5119520266803432,3.8391591040693136,28.329083849177703,0
2026-02-25 07:00:00,-12.030800344258225,66.94729380740962,16,21.027250298897002,6.222368367880982,2.756760221802782,3.7980546599812612,33.84807364044595,0
2026-02-25 08:00:00,-8.634283627655991,59.91786001306114,42,19.166243076734062,6.380166213352385,3.5908747242262278,3.7496580984109356,33.185531419564235,0
2026-02-25 09:00:00,-6.256492034371612,67.95750854311494,75,19.846883489047467,7.009881646855416,5.578474480665767,3.912159623189193,35.874365453058445,0
2026-02-25 10:00:00,-9.866388729437613,72.76028637816134,98,23.003976237776214,7.418478373471626,7.217324568418594,4.144066434190697,42.285146984669986,0
2026-02-25 11:00:00,-7.776036316632767,60.25050753802037,113,21.08066380157711,7.374267128126124,7.474504956420159,4.025958441591265,39.80276476626104,0
2026-02-25 12:00:00,-3.9025947871114504,70.58971684598676,116,20.285237404086732,8.038000974571943,8.316792327748448,4.177758878669524,40.40551318059494,0
2026-02-25 13:00:00,-4.583905197148443,70.0445525619814,107,21.010797776163354,7.8117993195068545,8.047305584634657,4.249607919430303,41.1541164917293,0
2026-02-25 14:00:00,-4.223456137680087,62.87863735419784,116,20.260541586455062,8.254687447489296,8.425405426381246,3.9903676901226057,41.13877390914218,0
2026-02-25 15:00:00,-1.8819262623242006,63.37631278083924,102,17.663865110668294,8.17725104904269,7.63733526281325,4.254921765137895,37.66326483041692,0
2026-02-25 16:00:00,-4.596179190589489,54.74832733902393,89,18.99768758048578,7.965503027696286,5.8551728075196205,4.1592675335758775,37.05553076642683,0
2026-02-25 17:00:00,-4.830524475406247,64.62932041883224,65,17.389635414406133,7.566462910408413,5.975010108501993,3.8972838203571394,35.35832645082982,0
2026-02-25 18:00:00,-2.0655404310244148,64.59346516805026,44,16.270945262712132,6.427021640448848,3.5146766014855935,3.709413199715963,29.973470179192052,0
2026-02-25 19:00:00,-7.881408918190579,69.92354226001207,12,18.87984113801447,5.614814252704493,2.3912628537693794,3.6834167307130725,31.314956871378378,0
2026-02-25 20:00:00,-9.78020852544701,72.60841786620631,0,18.59521487686688,1.4257602523229016,2.0783445947037333,3.5633248656183296,25.978802234251962,0
2026-02-25 21:00:00,-8.602420608134267,70.91726591548414,9,20.496164073539976,1.7457467033703151,2.4563688866931703,3.5170842216094322,28.22824771498309,0
2026-02-25 22:00:00,-9.427523077334447,68.4845801244068,0,19.741786981214897,1.644597356523649,1.2249736528293174,3.6798412792990525,26.364083583388446,0
2026-02-25 23:00:00,-11.794097727757038,73.56274295114369,2,19.116354810940326,1.3057486733923316,1.415753469693337,3.454471355101154,25.21246963428564,0
2026-02-26 00:00:00,-12.956778346386491,78.72977571965136,8,20.01712139409812,0.6,2.369182230083052,3.5812168115020784,26.629914924651914,0
2026-02-26 01:00:00,-7.624619374356318,68.14547609090937,7,17.52006019496361,1.3539633122017574,2.414880256196271,3.579189745928915,25.008482966672254,0
2026-02-26 02:00:00,-11.114980600238074,73.2418047951686,7,21.5902370735455,1.4204043037682934,1.6867582699242276,3.4232110814843586,28.01957324251589,0
2026-02-26 03:00:00,-12.796240040292979,71.48015365423502,4,21.914556591811817,1.6102262574405064,2.1966666875342393,3.71477080346733,29.09122750943365,0
2026-02-26 04:00:00,-9.64462189926793,66.35291292557352,6,20.74285045802203,1.708370042894132,1.448126934137671,3.5897492939353817,27.81941639929869,0
2026-02-26 05:00:00,-10.831034991704897,74.2605542452843,10,20.280167724439043,1.598371691184867,2.6309751657867055,3.8348264965141587,28.587711651342534,0
2026-02-26 06:00:00,-10.350512958638026,67.43152905395728,5,19.65070605364023,0.9844523855964509,1.6772711802048366,3.58330204956901,25.54145943951336,0
2026-02-26 07:00:00,-8.120617275501898,71.40734436257956,7,17.596950430942602,5.6658089399065705,2.2212310560631923,3.5670107236713755,29.093748919815006,0
2026-02-26 08:00:00,-10.366814355891586,70.94464299597895,41,21.367499466350555,6.824886403135707,4.015671038467022,3.628303592772871,36.093128666957604,0
2026-02-26 09:00:00,-6.665281595379697,66.17535313741392,73,19.90392879178661,6.936654711351053,6.3372957975600706,3.897854380904394,37.30666583132325,0
2026-02-26 10:00:00,-3.1685913267537344,63.40758650218534,86,18.300045217131675,7.96429798739483,6.638958512915152,3.9507017348308526,36.680510906115934,0
2026-02-26 11:00:00,-4.903238740009369,63.6287031005129,116,21.83831914204771,7.391404371926827,7.910404165411768,4.175265010285025,41.56092187725411,0
2026-02-26 12:00:00,-5.7790861630840675,57.459507589778966,116,20.950793492297112,8.186410314338133,8.341816717494877,4.074052848550001,41.55684768815165,0
2026-02-26 13:00:00,-5.651953084613986,69.53633538443064,121,22.21791794431426,8.18983724115987,9.41908595764944,4.3980876543331835,44.322098084681784,0
2026-02-26 14:00:00,-5.368192454584399,68.41542529260822,123,19.78809189474486,8.041631666364093,8.898055314579075,4.160432589618114,40.65833849409897,0
2026-02-26 15:00:00,-5.221610660567202,72.01422951011635,105,22.494023969419313,7.466209303993341,7.548374843819837,3.871974452316589,40.31633024748708,0
2026-02-26 16:00:00,-5.781796692341239,64.14760610541515,91,19.87982571215362,6.816378294144928,6.42987416289791,3.803278548555157,36.73502458920875,0
2026-02-26 17:00:00,-4.138011315918033,77.47581023979853,74,19.19579378185168,7.045999959874561,5.592578824726528,3.976219620326857,35.94473646211957,0
2026-02-26 18:00:00,-9.367069975352985,67.74688679441694,36,21.02591891526194,6.368140886568105,4.085996814735854,3.591250782814947,35.01994932645127,0
2026-02-26 19:00:00,-5.799347756338261,62.09885296408552,16,17.16573631437584,6.57710783059696,2.281388842455247,3.7532266576810986,29.9400073673592,0
2026-02-26 20:00:00,-8.816081592640067,63.64995167542406,7,19.653551395778482,0.952000526601956,2.1862099424856107,3.762345856750963,26.830645133645834,0
2026-02-26 21:00:00,-8.435669922074403,58.92321802217782,2,19.299491096068145,1.2944697147473272,2.5569285105527353,3.7459613264266,26.814220483057785,0
2026-02-26 22:00:00,-11.836493947239182,81.07313781478815,11,20.319650888562112,0.8457160687953718,2.472676576860645,3.5136219124661494,27.044428218636536,0
2026-02-26 23:00:00,-8.386815420406586,77.5165159099169,0,17.943312764490305,1.2680868679292558,1.3143906939161558,3.7382206762421295,23.71729687951712,0
2026-02-27 00:00:00,-8.829102167204121,73.22629760271164,0,18.79712471576618,0.6,2.7800315337026746,3.648388385752478,25.43862621799514,0
2026-02-27 01:00:00,-9.665029184487382,64.87223904171086,7,19.398321768854412,1.9593536622757433,2.9781017340756595,3.5368193408928135,27.537614112818023,0
2026-02-27 02:00:00,-13.990675805099785,84.36061294317956,7,23.1140960436375,1.1766263656207518,2.410529451270592,3.6040898281251432,30.444501488222524,0
2026-02-27 03:00:00,-9.886827257450218,68.30480547395773,1,19.971494357277187,0.6,2.4290899351025894,3.674691963927135,26.59514364204383,0
2026-02-27 04:00:00,-10.2584279505156,69.0796659755268,4,19.673549355728575,0.9207876835540435,1.8998591434895624,3.5150723353263413,25.875709889465544,0
2026-02-27 05:00:00,-13.119427540529049,81.46312513801324,6,21.944130340472984,0.9015182184199471,2.4560045149494525,3.66927891786345,28.808745563357714,0
2026-02-27 06:00:00,-9.706898238661156,74.2336371858811,0,17.632678516186115,0.8704636538467947,1.6094070876686617,3.8168402922809035,23.734644301532665,0
2026-02-27 07:00:00,-8.201750712753045,82.35793186709233,14,18.394766634491372,6.024375511470405,1.9600632365202708,3.800608419553409,30.41067904314499,0
2026-02-27 08:00:00,-6.970264720751413,69.72003210247769,46,19.523010344690928,6.4960839963360435,5.496365174878305,3.7962979290271597,35.33509409420077,0
2026-02-27 09:00:00,-6.708381704578892,65.64910148096182,74,21.013153790169714,6.946255773026126,5.237057870019513,3.9311213913021765,37.37542058180461,0
2026-02-27 10:00:00,-5.670499277610224,63.582045157448896,83,19.993705048738565,6.988460966800405,6.498901158976059,3.851290559298776,36.78401118690357,0
2026-02-27 11:00:00,-2.935579585267591,54.11970762580693,105,20.184227359437326,8.07762629837658,7.703644508330177,3.943515538914951,40.04219707661387,0
2026-02-27 12:00:00,-2.800246126157078,63.42860995778059,115,19.983494639591317,8.390397465332686,8.357202512885284,3.8294205556744885,40.43956695121242,0
2026-02-27 13:00:00,-9.408845715669695,76.92419431971655,123,23.011466975831347,8.0248991618673,8.524642080213669,4.129666458018412,43.62030645314408,0
2026-02-27 14:00:00,-4.955238229474829,70.30943370804253,116,20.462013656332388,7.981827172488703,8.144337570547352,4.166374764739513,41.09275971471036,0
2026-02-27 15:00:00,-4.8147590410637475,66.73291732016024,103,20.36429759280783,7.359784198932598,7.527285280025647,4.001373477147543,39.15527808831593,0
2026-02-27 16:00:00,-7.863071346641084,62.92769684708284,98,21.271672938766738,7.688857244417749,7.405940816603353,3.8604013707298637,40.349846491528126,0
2026-02-27 17:00:00,-5.280607753102923,68.3216939229036,66,20.23778463913297,7.168487316753837,5.429182637356396,3.8739192713291772,36.454887506117366,0
2026-02-27 18:00:00,-4.042704473152908,72.10891058603691,43,16.602787686994855,6.5972104866001615,4.134237484378797,3.9732646851714306,31.31652788220067,0
2026-02-27 19:00:00,-8.85689138969595,72.22698408109187,8,19.30988216636316,6.182626242219308,1.6455005256772814,3.7666972481354204,30.506894496734432,0
2026-02-27 20:00:00,-7.343711090477987,69.50819433565866,0,18.48770988336128,1.2080480737178587,2.70615711136382,3.5955788454110538,25.983166158263224,0
2026-02-27 21:00:00,-10.378359255513535,66.0020235219479,5,19.58369077662897,0.8210512138182973,2.316064617186065,3.9271145602619573,26.744273302600735,0
2026-02-27 22:00:00,-10.807843126506219,76.30897322955174,4,19.61750954725421,1.589566629805135,2.1140080425868697,4.0208075484834795,27.618485383600966,0
2026-02-27 23:00:00,-7.878897242314624,50.11774401927088,6,18.35889536338248,1.135323809059649,1.8489897175471754,3.5519786078194615,24.690714033204607,0
2026-02-28 00:00:00,-11.612255162257584,74.00626562488407,5,21.199706804337534,1.776450060670945,1.62337361321757,3.583117284774455,28.050406748285717,0
2026-02-28 01:00:00,-10.253797115515622,86.11227972230431,15,19.712323928976772,1.5171472062967293,3.0119939016213912,3.763999694886243,27.84443433752783,0
2026-02-28 02:00:00,-14.339888752125622,64.70467624010314,0,21.101998526705426,1.7898265956301413,1.7280619267119581,3.4630535449293975,28.019438039715514,0
2026-02-28 03:00:00,-7.873618492462389,67.4569971411386,0,19.127166547222604,1.5113442092572562,2.0794790630578026,3.7273701350188073,26.204383393803944,0
2026-02-28 04:00:00,-9.665397709346433,70.20158234126147,0,19.565367849769398,1.1795163698493016,1.1915324398344826,3.6152201540192217,25.01233221852883,0
2026-02-28 05:00:00,-10.443941421480307,68.05745918177077,0,20.50377196885019,0.8469125966831319,2.4960846797894845,3.655745773423038,27.241836953318238,0
2026-02-28 06:00:00,-8.430388887822124,75.54103712122047,0,19.137090939950784,0.8544513838306768,2.2056198459342466,3.513684323340151,25.698605989146593,0
2026-02-28 07:00:00,-10.961377641892046,74.05573931755083,3,21.846510478922955,1.3405619997438825,1.928521788255911,3.4938444964580597,28.57241357703121,0
2026-02-28 08:00:00,-5.648515693842429,68.15018900566574,10,18.158116730913843,1.3300941293268211,2.5604314382903084,3.3421801801126723,25.528852334335543,0
2026-02-28 09:00:00,-7.303725415307055,73.26142942849597,11,17.681897091378236,1.09184081740312,2.738451961790667,3.866717134468645,25.589455504329884,0
2026-02-28 10:00:00,-6.255736130404285,67.79230635223367,5,17.819541329419753,1.4815709816635148,1.4733587523134886,3.7612169664570367,24.423300030502233,0
2026-02-28 11:00:00,-6.019758766110353,86.59400600752384,15,17.210469107509166,1.3835699656246114,3.380022101124564,3.7610038509388657,25.338630197569532,0
2026-02-28 12:00:00,-5.6148364262439046,68.11920892162338,0,16.533304196151196,1.3936534353552543,2.0174674491373352,3.652248922631922,23.697478830908775,0
2026-02-28 13:00:00,-3.0971375230419125,66.49454573321965,0,14.30633944287207,0.758585476654455,1.4831539706102834,3.254365838883781,19.79999245610718,0
2026-02-28 14:00:00,-3.723776309644767,55.53002393479393,8,15.850899714100732,1.5938150838028589,1.7465337545009476,3.519334823746988,22.645972660916406,0
2026-02-28 15:00:00,-3.1701057224250393,62.11687732799823,0,15.914688749834283,1.2753484492715481,2.2441939836228215,3.56158785695467,23.300925300627892,0
2026-02-28 16:00:00,-4.642680013701882,73.36627610107527,0,16.279937043840096,1.5191493825616662,1.8950216387521523,3.437798047123796,23.244543104028498,0
2026-02-28 17:00:00,-4.311504541837822,58.22088730421913,5,15.436177911666984,1.5321006752507187,2.292170406319442,3.3659717067596424,22.65714553271498,0
2026-02-28 18:00:00,-6.620860819494511,55.02030256880916,1,16.296683809332166,1.0882663097522305,1.866999049550326,3.4573955726052037,22.75031578883383,0
2026-02-28 19:00:00,-2.96240716656689,65.41569820205062,1,17.08267290499325,1.0601189107748397,1.4037653398707768,3.611371442289611,23.370355136036757,0
2026-02-28 20:00:00,-10.324299662753793,78.96769179191521,0,19.888222406830398,1.7240608474068297,2.0288780054676527,3.607409847227985,27.07618287385503,0
2026-02-28 21:00:00,-6.421091162623695,68.07010574414451,2,16.774977538641835,1.0343010357163145,1.8211091873822949,3.744128425090658,23.154461338665,0
2026-02-28 22:00:00,-7.083375288596295,66.29578385068916,8,18.397784435148154,1.5059517945932455,2.2302389930780873,3.9414769551339472,26.01691842834938,0
2026-02-28 23:00:00,-11.58236165911637,60.5358436178914,2,22.179118624532364,1.0025145527335906,2.9796512175675094,3.7108642280146995,29.577664666991158,0
2026-03-01 00:00:00,-6.6416901688061944,70.69479236281781,0,17.98855018562431,0.6,2.191081111994119,3.5736675474214312,24.341944104498467,0
2026-03-01 01:00:00,-9.08877330451051,73.78423063168115,0,16.68183422139327,0.6704313157679165,2.2170442093910667,3.870048976809253,23.463596534906248,0
2026-03-01 02:00:00,-9.249430081906864,59.246677566823536,0,21.126502797895537,1.2420723097016944,3.024235407346901,3.362709535810215,28.738319608216276,0
2026-03-01 03:00:00,-10.73346906757356,77.85729649286348,4,18.52601487496036,1.4173960948617865,2.1930582424810536,3.3041735352074646,25.350288326491167,0
2026-03-01 04:00:00,-10.800739775723098,75.69472798714497,4,19.87961951361793,1.3152246932270564,2.073868391402191,3.482991488460296,27.164956691438814,0
2026-03-01 05:00:00,-10.231235133626061,77.46732200550362,0,18.667392937476833,1.501082325487726,1.4943566927739411,3.7218281171847454,25.61982535800891,0
2026-03-01 06:00:00,-8.486464379762634,72.86599883582203,0,17.970147652283757,1.2369410543319452,1.5963516637976942,3.6252840378033118,24.404439448775186,0
2026-03-01 07:00:00,-5.924216383807012,71.36525854072318,5,17.478573250594177,0.9186678527830705,1.1538033050533052,3.450751444169511,23.02505283757874,0
2026-03-01 08:00:00,-7.0921322231414,71.4434245595665,0,16.09661788238312,1.3080057635158173,2.1556905024629587,3.4909358196907676,23.395336071905064,0
2026-03-01 09:00:00,-8.043953894980383,74.24379935024247,6,18.44329679069695,1.2673627863254873,1.5598855512103196,3.437777474926357,24.56218401603138,0
2026-03-01 10:00:00,-4.248840387451347,55.274083675845,0,17.02220136291487,0.8985546982676614,2.2062311918800894,3.4137737385154137,23.299361442693957,0
2026-03-01 11:00:00,-3.3595363904817503,56.51329569113222,0,14.913938846809375,1.2653817555134015,1.7806382923677417,3.8326586662126925,21.849341872729607,0
2026-03-01 12:00:00,-3.2563562818990417,61.02621981028565,3,14.52145859554772,1.1817795581061061,2.0226264216439644,3.590484754687453,21.419825754602115,0
2026-03-01 13:00:00,-2.7522778604016036,64.28528736526589,16,15.684877077308336,1.1762498071894285,2.6609344314350207,3.929437313247837,23.57362502119394,0
2026-03-01 14:00:00,-4.3609442147740864,68.59952970092964,6,16.10867445252787,1.145746979252957,2.753733492997335,3.490497843225681,23.705597104283367,0
2026-03-01 15:00:00,-5.598907585616059,69.14727060858515,3,16.51618426338974,1.6487484974397495,2.509249061971393,3.6856687519842146,24.1767062373995,0
2026-03-01 16:00:00,-5.845206312349603,74.08653960299839,4,16.219542800268677,1.6553107356243766,2.0069988674554198,3.650062399047484,23.179802381728155,0
2026-03-01 17:00:00,-7.705780181731255,75.67030692778054,0,18.524700170353025,1.1658504487446895,1.3954481656140167,3.731952235949848,24.671809181152337,0
2026-03-01 18:00:00,-5.247553753877698,61.70135466564552,0,17.159791986402446,1.12004350526055,2.2157500973994178,3.638182275722104,24.279228180452478,0
2026-03-01 19:00:00,-6.6363626671321985,69.40872866065197,0,16.636572959371485,0.6,1.3614412628631323,3.747762508990871,22.11530256110816,0
2026-03-01 20:00:00,-8.148345491206317,64.0242698320737,12,18.044237469216657,1.9177777896781993,1.7603124189968273,3.7311296418764694,24.96999855814659,0
2026-03-01 21:00:00,-13.330785052751255,71.86860655944204,11,21.866048925800307,1.6607196605787884,2.6292574408194778,3.4803092165127434,29.672402605677174,0
2026-03-01 22:00:00,-11.2708060919859,73.3838527832804,4,19.54509020688169,1.4351830497465146,2.568320464811452,3.7259072146641086,27.13272994049723,0
2026-03-01 23:00:00,-7.969811020273344,48.52508580637487,3,18.510419977915973,0.6,1.7827116744927558,3.596535145388649,24.05789445008655,0
2026-03-02 00:00:00,-11.301267700430689,85.94341501316111,0,21.369172489142645,1.1143229277295288,1.9820329597056423,3.483492063126076,27.967633273243038,0
2026-03-02 01:00:00,-9.908049127072939,73.82948890968956,1,19.37381034871965,1.0735049520883193,1.667946784718035,3.7080966665051216,25.726790574237057,0
2026-03-02 02:00:00,-13.004479818035767,69.17914021104639,13,20.66670520050935,1.5729854034052095,2.8398970069086182,3.7902337821710836,29.288817073362612,0
2026-03-02 03:00:00,-8.075255659078877,80.62066027569053,3,18.742331080123147,0.9961392152589714,2.457763358885497,3.5394652253536996,25.75790979814604,0
2026-03-02 04:00:00,-10.416250522416316,68.72760086889508,0,19.53930151938577,1.0189014242412684,1.6817106534830897,3.547415262254497,25.933850013088882,0
2026-03-02 05:00:00,-9.122119647208738,70.6367060503749,0,18.810703765388016,1.3167945286341463,1.337578579024862,3.3919319548023004,24.8527013803414,0
2026-03-02 06:00:00,-4.936488940878966,63.77967184327347,10,17.23342188401283,1.0092475715189626,1.6943362288248074,3.3692909308244845,23.15691410273798,0
2026-03-02 07:00:00,-5.468233073934667,77.01312583011104,18,17.994405105104764,6.023085060806738,3.206559794607112,3.635653755443846,30.737800328993327,0
2026-03-02 08:00:00,-7.661476143265829,68.1161988696141,34,19.302057895472824,6.579664323916337,3.158545078731478,3.8548081723221324,33.165315150870214,0
2026-03-02 09:00:00,-7.24292224349862,69.32909628706102,63,19.99735064786177,7.502469996172351,5.432410908541065,3.7660101458389836,36.885188935943596,0
2026-03-02 10:00:00,-5.943741106661035,74.68049874814845,82,21.608203034242113,7.658964408028172,6.659833180799132,4.142169049582024,39.69701243600687,0
2026-03-02 11:00:00,-3.7986138305148045,69.35979711765256,106,20.513639220824423,8.184391424126375,7.4044141546522555,3.9932389012252254,39.78353215342787,0
2026-03-02 12:00:00,-4.288106702058776,65.88999163573965,118,20.923938781646225,8.046160882175352,8.215205117419021,4.0418486012314725,40.92888440933561,0
2026-03-02 13:00:00,-4.4314892415719935,72.98596276532376,117,20.410228516815913,8.529277308324042,8.684569551378047,4.024636243419428,41.91373655600568,0
2026-03-02 14:00:00,-1.146106460872459,79.09047922222206,121,17.735147158590046,7.4685861514245415,8.091312795699357,4.231238886069653,37.093441501629115,0
2026-03-02 15:00:00,-3.9537310110884145,67.86976095111284,107,20.580073095178474,8.533783726440472,7.275629777734656,3.8841634144544495,40.47027199110264,0
2026-03-02 16:00:00,-0.19992421566885232,63.85050368898703,96,17.23139136246235,8.381115641313013,6.974523950455918,3.9646559749011616,36.651276271533504,0
2026-03-02 17:00:00,-4.511178494546221,67.40714637262415,67,18.1397483157783,7.265815722337911,6.060060697934368,3.785894207082039,35.288222214816244,0
2026-03-02 18:00:00,-2.355273316895794,72.62903199266096,63,17.0165461609294,7.32529192310243,5.989828992571621,3.7677647942487487,33.98118333829926,0
2026-03-02 19:00:00,-5.627004910610942,63.62506727276067,15,16.655716795163826,6.156700047598153,2.5805476408016697,3.66527315167175,29.3553918714993,0
2026-03-02 20:00:00,-5.50328161255377,65.45755585114536,0,17.677766569669878,1.0266510729243323,1.47954526737984,3.5830015063826886,23.795331448846504,0
2026-03-02 21:00:00,-9.278020032516785,60.733857329627746,0,19.567681285357164,0.886195368622482,2.278851577163813,3.757750694798103,26.129426723225624,0
2026-03-02 22:00:00,-10.34170526547643,63.653071773267484,1,19.818495023199006,1.1008457943074519,1.103816988252786,3.6023838699700206,25.322711032822955,0
2026-03-02 23:00:00,-8.833688197705268,66.51846613209113,0,18.729310695768838,1.2945767164619963,1.9114248843666406,3.683250861747351,25.207373715196578,0
2026-03-03 00:00:00,-8.229287995555126,68.83634403230381,4,18.008451935622098,1.3189593465071978,2.000238883222358,3.6419132719842504,25.2696469872184,0
2026-03-03 01:00:00,-10.191043933111578,81.2577829044544,0,17.8467473661979,1.7953110750919334,2.3822225295859716,3.810563850031419,26.190908585315242,0
2026-03-03 02:00:00,-12.565608264142911,75.64016302765853,3,19.902711275874832,1.1890960910308932,2.5927583428372696,3.5666422546870447,27.522777092791518,0
2026-03-03 03:00:00,-12.57191920920422,66.9564683457644,0,20.337596869723015,0.6,1.3758621489237268,3.5550642909648733,25.832740003099364,0
2026-03-03 04:00:00,-12.33596039146277,67.88408738141239,0,20.080483921437324,1.6755087174281957,1.875455115963739,3.711755788166473,26.98660886242238,0
2026-03-03 05:00:00,-12.35857092065049,80.5174202898718,6,21.249459633670135,0.780666002609081,1.8732280459913067,3.5765995737211327,27.216450427859836,0
2026-03-03 06:00:00,-8.442614483440575,76.09162295435559,16,19.74591139397419,1.1922131760731016,2.5480026767919672,3.738758752711532,26.977667699114775,0
2026-03-03 07:00:00,-5.8720315854558045,67.57292315043708,12,17.36302694444354,6.211110099472816,2.7378244985510887,3.998687160830521,30.299225449812415,0
2026-03-03 08:00:00,-6.9015464322728,65.5210010309716,43,20.27503047881537,6.820011278792129,4.0142976450586305,3.625157100595013,35.08135718616854,0
2026-03-03 09:00:00,-9.815578024116151,77.11128053231498,65,20.981717078318063,6.564096588374307,5.462266455437611,4.089750569958255,37.44371018623144,0
2026-03-03 10:00:00,-5.453032377069358,61.12981152245389,85,19.669329077301605,7.168734717269233,6.905772474375893,3.8661690057534277,37.48792123272202,0
2026-03-03 11:00:00,-4.680624154623141,68.8626505043125,102,19.88397226625934,7.217726138554614,8.091822775708167,4.208651799151613,38.84303336770225,0
2026-03-03 12:00:00,-0.28445280587184296,76.84929354976387,121,18.913731690473202,8.295599572162896,8.584906065164255,4.186906878283863,39.68939655919013,0
2026-03-03 13:00:00,-5.975133654452131,68.71348433434785,117,21.285287185247974,8.42018295964601,8.287994433168063,4.1580491488973275,42.44866395210195,0
2026-03-03 14:00:00,-4.042891518919258,61.37851176361983,130,20.641732212619672,7.812356684513721,8.45171942823317,4.097355527925832,41.06107103147443,0
2026-03-03 15:00:00,-0.598049645563127,65.91074945020156,109,16.477994302420278,8.210480983566754,8.508609304349823,3.998424509601525,37.1065975468678,0
2026-03-03 16:00:00,-3.0826875009659576,62.49196331163238,84,17.648033383191652,7.737772560513632,6.643065480522667,3.8276988629937643,35.75022888513433,0
2026-03-03 17:00:00,-3.4462336353697873,57.219980164006856,67,18.86057732747254,6.875325223530973,5.546301306019012,3.868941406224472,34.963432519967824,0
2026-03-03 18:00:00,-4.933946051560032,70.90667569990268,40,16.24141489902707,5.926097337446261,4.038272149988512,3.732413283060397,29.63725433204728,0
2026-03-03 19:00:00,-5.411968920924451,73.76598309399168,23,18.65833609608068,5.939060393281845,3.2272940630998646,3.7206527379668133,32.06335914392014,0
2026-03-03 20:00:00,-5.5568033930271135,65.3021625123349,0,17.26267755911911,0.8916598445819228,2.14730572044633,3.3884017347693045,24.11966566969111,0
2026-03-03 21:00:00,-9.16073299447715,67.60713570128021,0,18.355208074105743,1.6395847963832177,2.202997738558767,3.603396767973832,25.59572080802791,0
2026-03-03 22:00:00,-7.136040010356685,62.58263766103653,0,17.113264024881047,1.0585940987443228,2.5248608531129726,3.789397947839663,24.047649005593794,0
2026-03-03 23:00:00,-11.687718457358958,70.86617524021382,6,22.14564094514684,0.8556102084033939,2.239209828830677,3.7656072802025107,29.048322848822146,0
2026-03-04 00:00:00,-9.088582285521664,66.4422264166021,9,20.355502370786102,1.3137469942331792,3.0843905486694316,3.639450266461001,28.356223148661126,0
2026-03-04 01:00:00,-9.692599680514727,64.20325364016651,10,19.516155197463743,0.8266283151970462,2.8259754757671525,4.024362715333748,27.350157281520026,0
2026-03-04 02:00:00,-11.163417176016328,82.72557586440988,5,20.39745534565137,1.3700190175722224,2.047940878473737,3.5333970042619014,27.562463969959623,0
2026-03-04 03:00:00,-10.035024286155082,73.32522511511335,2,19.013368997241727,0.7938175792548827,1.1596818222005036,3.5949991935772045,24.26936118439962,0
2026-03-04 04:00:00,-10.70512609886672,74.46321522232616,7,20.20180031960358,0.9346166909332985,2.223503018933642,3.410422750454478,27.090397276450034,0
2026-03-04 05:00:00,-10.912484915907624,76.48476110052529,0,19.430118300370985,1.2314222169511624,2.501315012200645,3.539454703258609,26.61401971568579,0
2026-03-04 06:00:00,-8.966863986832939,74.35136529068353,0,18.77794669302376,1.7125817889807768,1.4511315914405052,3.868172119405047,25.961809657880085,0
2026-03-04 07:00:00,-9.39836626408039,67.57011498128001,21,21.27431593697842,7.047225646082564,2.9921081913581484,3.6291778226670712,34.8774612130831,0
2026-03-04 08:00:00,-6.066963237131222,69.18553816567722,38,18.41234744029577,6.22004707297716,3.964348509194799,3.5228253210265965,32.35019088625549,0
2026-03-04 09:00:00,-7.66499760828994,67.13456530065349,69,19.662281107789262,6.933187785649639,6.01895696632404,4.006799832494196,36.03065201164937,0
2026-03-04 10:00:00,-3.6553579870049564,68.37230023891367,91,17.85200999407489,7.718436299763076,6.630484803497516,4.0223815363313165,36.40789599449975,0
2026-03-04 11:00:00,-6.149359607415822,69.66216502131086,108,21.088322778192758,8.253076271908046,7.34877731319512,4.156596909903797,40.63879339790233,0
2026-03-04 12:00:00,-4.5473313693319195,64.11453696181373,122,19.938736070618283,7.338570708644297,8.76650096805068,4.04344233826357,40.10561616041802,0
2026-03-04 13:00:00,-4.296804328043809,58.24681090850207,125,20.704429023851436,8.180567886617204,8.34047584143308,3.9489314203096466,41.4855799119063,0
2026-03-04 14:00:00,-0.862969487002518,64.52464945704493,118,16.974919827958622,7.8534999582026375,7.464022591536051,4.044456504534667,36.13611138826954,0
2026-03-04 15:00:00,-2.6734856265297986,63.77949729305356,104,19.38282177104799,7.098592580339392,8.34816736599254,4.099226747957683,38.68880530569647,0
2026-03-04 16:00:00,-3.944577477169678,54.6161996216247,91,18.264723039324007,7.0699912770026705,7.2221637979618984,3.953150958988493,36.41703444603385,0
2026-03-04 17:00:00,-3.293022142118298,68.51573721992102,65,17.86199064985048,6.871278939125669,6.222524503437734,3.918193275992325,34.76521976367349,0
2026-03-04 18:00:00,-8.447945916550214,75.1280121108693,43,19.774166057647143,6.69458525699386,4.558305738856991,3.6914772568236147,34.455993655286335,0
2026-03-04 19:00:00,-5.783179370620463,82.50752337921904,34,19.558955204782965,6.864836001092451,3.9761642147616034,3.799764479339651,34.226287854209076,0
2026-03-04 20:00:00,-3.2199448238216473,63.067773597942264,3,15.749759336560176,1.2780218402787227,2.131291035039161,3.6115479093059606,22.810162749874017,0
2026-03-04 21:00:00,-7.296596523064023,65.24017601300362,5,19.60340354186881,1.5216388030086785,1.991287273296975,3.514118912571519,26.74619564884212,0
2026-03-04 22:00:00,-8.250266538501872,62.53117372124096,0,18.873748512381024,1.1093535175465419,2.0304479618572935,3.6209925232635265,25.42964986308743,0
2026-03-04 23:00:00,-8.158774414850926,70.37093225006024,8,19.79241389846352,0.9972689185720506,1.9910453820316543,3.5739961781082874,26.11872378432287,0
2026-03-05 00:00:00,-7.859890520156837,70.10882697346776,7,18.27669793655263,1.161687516145299,1.7038468723843518,3.7205746701817795,24.8331578103491,0
2026-03-05 01:00:00,-13.12776429047019,67.97804520913215,7,21.775505728064967,1.4694310716142238,2.0354983823855166,3.7589735366848416,28.97814734344382,0
2026-03-05 02:00:00,-12.711285539590433,71.48388486266978,3,22.092460484177618,1.5153967592643742,2.5461715311081274,3.687230668732806,29.78479969960324,0
2026-03-05 03:00:00,-9.374575717710979,58.1589377869471,8,20.081221875139605,1.1922438604446537,1.6854169908836374,3.3867518882688827,26.168827209051134,0
2026-03-05 04:00:00,-10.59770958901699,76.50654267876223,10,20.561466184177508,0.9548096581659365,1.8025675071399552,3.4952843869355963,26.89663772002933,0
2026-03-05 05:00:00,-6.59576130892475,63.322745423660564,4,17.343193692946173,1.2894803558205328,2.28608912322077,3.5205134700339586,24.203656716103474,0
2026-03-05 06:00:00,-8.637126983350567,69.26990712903505,1,18.557512455297953,1.2852933373447772,1.6682145830035,3.4845528933503855,24.96502955659212,0
2026-03-05 07:00:00,-10.54589942911681,62.349264044050926,23,21.47175123017043,6.745451680118591,3.283472770321759,3.6105729537507534,35.03465652725239,0
2026-03-05 08:00:00,-8.506954179180482,65.88609403761592,39,21.015762422910388,6.3644329944641385,4.390435844345751,3.8947872711101255,35.65705398711411,0
2026-03-05 09:00:00,-10.119913096058845,68.91238790093897,65,21.310259412290385,6.83627096100701,5.582689617916045,3.964798165780832,37.99033561167806,0
2026-03-05 10:00:00,-4.99934393392664,66.68176286868,90,19.09461230219347,7.784656069138852,6.465489489594699,3.8964223005395056,36.91255516048604,0
2026-03-05 11:00:00,-4.196709802742224,69.02592744519174,96,18.710784654974315,7.485398250146812,7.657320213837872,4.072769048998747,37.328440726654534,0
2026-03-05 12:00:00,-4.041828213929379,74.66582166136436,121,20.883020856663162,7.920610536062313,8.788955207171579,4.1333263078698215,41.57736504524591,0
2026-03-05 13:00:00,-1.1364957621833935,68.24863747825368,114,17.54558752441635,8.390948954549085,8.082072534385311,4.051071178349422,37.7818536807307,0
2026-03-05 14:00:00,-0.813846798467309,69.38337235772795,114,18.75611386792844,7.472148037801589,8.060287733745707,4.228233705390755,37.76366271673436,0
2026-03-05 15:00:00,-3.260250448239338,74.12181249583833,105,19.64249753447563,8.509671098921428,7.743296642764645,3.920805553886489,40.25285849714741,0
2026-03-05 16:00:00,-6.949220842010808,71.6301629206443,90,20.384474612873642,7.305577605412261,6.609607334883763,3.9679139305895132,38.407501042592415,0
2026-03-05 17:00:00,-2.8270780995559326,64.90006540095298,67,18.875792748823454,7.409354940980249,4.750957887375973,3.71037098464969,34.91326582701616,0
2026-03-05 18:00:00,-3.65721813208111,71.79758503659116,44,16.13137939012606,6.653920118326119,4.557570985817753,3.6255605817820227,30.897064119920113,0
2026-03-05 19:00:00,-4.919498193420058,73.12767936083497,18,18.45093503199048,6.318976799705248,3.100834358942029,3.4678852462668743,31.443835787595003,0
2026-03-05 20:00:00,-4.682814946721892,70.40350623783763,0,16.611141360495093,1.0080247250833834,0.8,3.452121427330315,21.765627413771117,0
2026-03-05 21:00:00,-9.23740494238828,61.200288124574584,0,17.33892178125825,1.399801828211541,2.029804264195764,3.612465084173323,24.584573193945193,0
2026-03-05 22:00:00,-4.686446364030951,61.466073854455324,8,17.911642599795243,1.1224366440931517,3.0304175925003705,3.586627373113711,25.698390592169307,0
2026-03-05 23:00:00,-10.457231435039779,69.19379895209693,0,20.48296423569906,0.8994687348542146,1.2925627410719072,3.5595193064390127,26.225383673759723,0
2026-03-06 00:00:00,-7.843062658863076,73.56002311856271,1,17.881406995410153,1.7526696390544971,1.82201891909918,3.5591255322712203,25.024953109631518,0
2026-03-06 01:00:00,-12.334884194373426,72.1230846313567,0,20.02245638054347,1.1102839439547922,1.7181079586396737,3.865911393758812,27.083122058787367,0
2026-03-06 02:00:00,-11.167102690218078,78.19653881836693,5,19.036666165255774,0.9535065536431611,2.8221853704668973,3.4494229776804306,26.303613803357372,0
2026-03-06 03:00:00,-6.888566414437658,76.05784458329393,0,19.567725449822156,0.6,2.304426169870633,3.4133860020401396,25.628135320804347,0
2026-03-06 04:00:00,-9.560271334205972,77.36522631271772,0,18.446251874509986,1.752952310862593,1.4047127340694063,3.473186611113985,25.161151260912177,0
2026-03-06 05:00:00,-7.13265802728615,75.58273690734634,1,16.801070806225226,0.924826118240662,2.0089533355113365,3.5932157748032516,23.450326199154567,0
2026-03-06 06:00:00,-7.432828561036273,62.352657992824895,8,18.445375864881157,1.9656433834754017,3.276202459524887,3.7092156968880583,27.36025994110626,0
2026-03-06 07:00:00,-7.169948244918109,71.27327418042323,20,17.18825520864361,6.39959902299451,2.618881445386488,3.7727881420828204,29.966498078034093,0
2026-03-06 08:00:00,-3.7671071694734195,62.18015613137256,37,16.334683439538942,6.616009820105859,3.8299807973533007,3.8896957474554683,30.40381577498505,0
2026-03-06 09:00:00,-5.582106065908399,57.29218156127611,66,19.983596873555243,7.147445334314799,5.6610782865694285,3.8477641700936713,36.66415357614203,0
2026-03-06 10:00:00,-7.362907504716892,66.79735383620265,95,21.606854828591302,8.385582828746843,6.7504754526263335,3.920551832013979,40.359844605317754,0
2026-03-06 11:00:00,-4.976287144023974,74.6806371517815,99,19.682150575742398,6.914723500702699,8.038441388246735,4.241019104242846,38.81364068274392,0
2026-03-06 12:00:00,-2.1175378698205765,67.35260546307622,116,18.942817302841036,8.063019531827626,7.967299264872415,3.6463687434580216,38.45217414922943,0
2026-03-06 13:00:00,-2.032546849030989,76.6312663664086,120,18.66490074827797,7.96717873736448,7.774934191894113,4.089413853366622,38.742154084245406,0
2026-03-06 14:00:00,-5.249651747259237,68.0006196820531,114,20.62519976591512,7.877417315220928,7.8337580824876705,4.120501041674092,40.84436200551074,0
2026-03-06 15:00:00,-3.936294612841195,80.63903748118834,123,19.61860176940017,8.166259148249667,8.858859038783775,4.373052600356537,40.730691475452964,0
2026-03-06 16:00:00,-4.043490102257275,67.09774492979527,88,18.601032803687275,7.3908110476763555,6.280821643410586,3.702915074221713,35.9744254643276,0
2026-03-06 17:00:00,-4.232077297700258,66.30893975019761,72,18.126062322629803,7.261845733515907,5.895989724990196,3.8249793542355963,35.03128729342345,0
2026-03-06 18:00:00,-6.674705822481629,60.32968883933225,40,18.330640695554738,6.6117478882457315,4.25314769806375,3.5563584698332416,32.868004354656584,0
2026-03-06 19:00:00,-6.248016947803281,74.34938915260908,21,18.833978626859086,5.818254637635373,2.410979681064156,3.4142585448635594,30.501531905263818,0
2026-03-06 20:00:00,-7.324290546800189,65.48046713645726,7,18.74918243075455,1.3594781132338076,1.931334002082599,3.5973211461060366,25.54047183121411,0
2026-03-06 21:00:00,-5.679912838122552,63.377648792139546,0,16.188458831398318,1.3506190580948534,1.9570368867921304,3.724964063641861,23.24451647049415,0
2026-03-06 22:00:00,-6.460146493175577,75.53249325245712,2,16.501369932007776,0.9462770338721709,2.2260854720015817,3.788895438249665,23.408965061646768,0
2026-03-06 23:00:00,-8.808404234762895,76.55563918884792,0,18.623053141657987,1.7537636273784247,1.5575471911045626,3.5202190788578642,25.85186668945436,0
2026-03-07 00:00:00,-9.51632082232098,76.92954882000481,0,20.883696155577805,1.567450110982433,1.8682975396116128,3.6999789360797384,27.82101140159232,0
2026-03-07 01:00:00,-8.961633317640448,67.54807818390044,8,18.29558316127422,1.53938330470991,2.1122286876144076,3.6023421952502037,25.613909025488027,0
2026-03-07 02:00:00,-10.70694193876968,70.72435126224575,0,19.72104681272318,1.3911372604098051,2.1275325768602675,3.6834860668683778,27.050611084866954,0
2026-03-07 03:00:00,-11.149119187791591,71.00271300466859,0,20.177465459893252,1.1105339334134607,2.0337361106245235,3.773171287148884,27.204526095896792,0
2026-03-07 04:00:00,-10.448229224514455,75.53128100242023,13,20.06805921098226,1.7334802366570472,2.3469326431619475,3.6228654340976125,27.696865142807365,0
2026-03-07 05:00:00,-9.372820368999594,79.35100328771507,0,18.70966791464417,1.6497641142217359,2.015299733038271,3.761546157363751,26.478346402865533,0
2026-03-07 06:00:00,-9.546669715742063,72.36888161799699,1,20.13613241288924,1.400808404484182,1.6693307326932856,3.422045906821848,26.106096542199865,0
2026-03-07 07:00:00,-6.449129663547137,79.68619375980451,12,18.164062103212103,1.1164008303656723,2.6658128794604155,3.7464765775453555,25.41926832277754,0
2026-03-07 08:00:00,-4.578247610662897,71.81685221619554,1,17.00702787318054,1.1041114965996899,2.0670825454050648,3.7590509909182726,24.103165391568353,0
2026-03-07 09:00:00,-7.610964709593389,67.29942716750853,1,18.56086349129723,1.3187845115416315,2.921970937855829,3.7435313809934683,26.32512341977752,0
2026-03-07 10:00:00,-4.026045447027945,70.99180252204481,0,16.690265016720996,1.3932107164161505,1.64868199105315,3.4222468031513253,22.9197770408981,0
2026-03-07 11:00:00,-3.7177813738950563,76.02397770267393,0,17.063837863238383,1.0728829749097573,1.7364291808664283,3.5691283500841973,23.325479473033763,0
2026-03-07 12:00:00,-2.207110577437102,76.64506683312584,1,16.019959308344184,0.919617008512525,1.563745779823544,3.6493262695334523,21.956237534724234,0
2026-03-07 13:00:00,-2.4600197698595627,71.96636289498916,4,17.06665463419528,1.7264724455822413,1.5552293359948623,3.682457866060209,24.19008653447691,0
2026-03-07 14:00:00,-4.789883031978974,66.74645899593222,4,17.532005183673558,0.796688099918365,1.8145927778834112,3.6333813924051843,24.00276864995436,0
2026-03-07 15:00:00,-4.5840856721406436,65.13790472976996,0,15.763212268619569,0.7705338855284787,2.099295312849557,3.8143779423127273,22.46949824192143,0
2026-03-07 16:00:00,-2.7376552643552126,68.50965846963476,2,15.975689686770686,0.6715052666745054,2.2418576891071877,3.4136530983994864,22.566362333708618,0
2026-03-07 17:00:00,-1.5949629583749196,74.24006919040747,0,15.133426659045131,0.7697572131314867,1.9330559301092984,3.5639623749025247,21.053593552138743,0
2026-03-07 18:00:00,-7.832882786868307,71.47727682343795,5,19.894307940569366,1.6265707069916513,1.9419058037615404,3.3668341849941656,26.8485905632197,0
2026-03-07 19:00:00,-4.325162412573692,68.97106304064314,3,15.47986738595171,1.6022914647796211,1.7429812563311358,3.7051873215305844,22.867315800054495,0
2026-03-07 20:00:00,-3.7964068471062085,66.15569226123222,14,16.77827683643595,1.3260840629371906,2.157426270292089,3.7391929171160427,24.2451940376752,0
2026-03-07 21:00:00,-6.984774903504587,66.27123480184117,2,17.216313168219095,1.3097100384448732,1.6594005795666473,4.1102905048574385,24.654787811133865,0
2026-03-07 22:00:00,-6.633420012850252,67.00225796977418,0,17.897419690733255,1.0963233978316296,1.217192373390476,3.753953948757875,23.81737799456187,0
2026-03-07 23:00:00,-9.48885542777438,70.92919748230396,2,19.041738816429365,0.7188081109164659,2.5210362403440483,3.6577047711730035,26.168585394967597,0
2026-03-08 00:00:00,-8.784755660082874,79.89716672250108,0,19.118733326200775,1.8763374526860517,2.62671816884492,3.6382342613510756,27.15332917463241,0
2026-03-08 01:00:00,-11.687037581202246,70.32699551471687,5,19.465211248232162,1.6711589877744921,1.203861760925033,3.5725083634060333,26.06152858630626,0
2026-03-08 02:00:00,-13.036127832378734,73.09276832975233,2,21.90553532802438,1.2600467918653981,2.040168637032775,3.627573154094677,29.16104311651275,0
2026-03-08 03:00:00,-7.32878273799542,63.30432109105752,0,18.05554160018622,0.8004385271627057,1.922711379910212,3.641437344239082,24.221611946350485,0
2026-03-08 04:00:00,-10.256324498443734,74.99202977267173,0,19.71042251451489,1.0212729679905772,1.8939639553155596,3.305286099303367,25.467004641970767,0
2026-03-08 05:00:00,-8.800015278725397,77.80008653135376,4,20.444191501538594,0.929651057003011,1.7532650554541462,3.64553703857605,27.23453598970723,0
2026-03-08 06:00:00,-9.657696038625977,79.99025910471002,10,19.285476983788808,1.3141537843249642,2.8101312814400607,3.655151435256211,27.186945289528133,0
2026-03-08 07:00:00,-8.85355936116806,70.8603566690503,2,19.11887676929506,1.244473111109772,2.0947147857103525,3.871101991508923,26.302396767983627,0
2026-03-08 08:00:00,-5.846268298227496,70.83082692334602,7,17.356052172203352,1.1066060771663733,2.6503547892837247,3.608249236029627,24.68076046339547,0
2026-03-08 09:00:00,-5.885158780238424,66.49256715215859,8,17.49182342073087,0.7349555364825493,1.9081196092642378,3.5171681969255713,23.128018794169392,0
2026-03-08 10:00:00,-3.1581935114756607,68.53675721177389,4,17.389195360370106,1.9182206450005594,1.3975677379039315,3.656279812311995,24.41344635616002,0
2026-03-08 11:00:00,-2.306555161648426,66.6137072862316,0,15.028847667687083,1.1831343613909728,1.9957074883119088,3.611152210782196,21.68620041274317,0
2026-03-08 12:00:00,-1.9742108960692808,64.83024449556089,3,14.436218480129574,1.3138072000680496,1.5316753233817861,3.592409906531497,20.88722962237523,0
2026-03-08 13:00:00,-1.764382471476555,65.14980900727019,9,16.475064069814177,1.114156714873755,2.7695698226252428,3.444151678380509,23.81051550835242,0
2026-03-08 14:00:00,0.6314617403175582,65.23793739512372,5,13.202601178264647,0.6432961096347755,1.1180204085304253,3.596597075178598,17.71607506777622,0
2026-03-08 15:00:00,-3.9849132234312155,64.22377030850002,6,14.877107151822862,1.1788448141857573,1.919157047294013,3.5371212191648977,21.63472149678124,0
2026-03-08 16:00:00,-2.6130445673660727,63.504802673056346,0,14.56289088392924,0.986872296854585,1.5228351685561201,3.5675277751631502,20.68736849864441,0
2026-03-08 17:00:00,-1.150297779030431,74.10689541630214,1,13.344902716603363,1.366337033251852,1.7054305111755268,3.713822983478665,20.211310745955743,0
2026-03-08 18:00:00,-1.6510265321919864,80.50155051222228,1,13.192623015619791,1.4351271506816596,1.9724945823834423,3.5028228491131213,20.05721266591213,0
2026-03-08 19:00:00,-7.061875754093599,61.07020512436593,2,17.51547593387978,1.4037603178982798,2.088306081200628,3.574815127550069,24.594588303440894,0
2026-03-08 20:00:00,-6.081748458881627,60.00448411790487,9,17.4262413339326,1.607895317571002,2.582881921041613,3.7171807450412233,25.37740142156387,0
2026-03-08 21:00:00,-4.147805002951129,60.36793678536445,0,16.990149233814783,1.7312830326168096,2.139743863930334,3.559589657381635,24.489331558715673,0
2026-03-08 22:00:00,-6.437009729228237,67.20802680668984,2,17.946986932602027,1.2724481088374446,1.8328134796977065,3.9993778980799237,25.170522969622365,0
2026-03-08 23:00:00,-7.693670788703949,74.1449361577515,2,18.63939650395122,1.520725537283442,2.8589169627679065,3.645329975136958,26.73505966057779,0
2026-03-09 00:00:00,-8.682824889982358,73.0596363197764,0,17.961470432031593,1.272851200842505,2.4241906502806447,3.4137154451586245,25.534659935288104,0
2026-03-09 01:00:00,-9.314873963612815,71.01834229339242,6,19.960573508466723,0.6,1.9896053029523872,3.4981045885385353,25.866779655252277,0
2026-03-09 02:00:00,-8.291699590644356,72.39238797473065,0,19.562172031692715,1.045917901059302,1.7384068385361098,3.4590097817119,25.711767901725604,0
2026-03-09 03:00:00,-9.09144840238327,65.66606936201723,0,19.228696786619228,0.7963009725836758,1.6501284932848868,3.4762460570476454,25.574611417223647,0
2026-03-09 04:00:00,-8.385144566918997,67.82412179467353,13,19.296397877851355,1.4150016657465263,2.67848437623726,3.732546717732913,27.08377998840173,0
2026-03-09 05:00:00,-7.62292793165526,68.59662865848667,8,17.32954436060007,0.9671464442402271,1.8026279764357178,3.4660235815548854,23.798251827443245,0
2026-03-09 06:00:00,-8.184393596336855,59.63299716402153,5,19.405496931959636,1.401988311510618,1.719708142584222,3.570319136549716,26.131388740544825,0
2026-03-09 07:00:00,-5.2829187201582855,59.99432781178314,20,18.82875729670094,6.603359834348859,1.9246851895635309,3.8514120362391027,31.15126139775501,0
2026-03-09 08:00:00,-0.3274560955916943,56.516195704027815,43,15.59328645468065,7.095249516107056,3.9856029420520707,3.6940341768171616,30.61473514547247,0
2026-03-09 09:00:00,-7.396682626893412,73.13216131227271,81,20.289590100904192,7.924741546533494,6.734141632788301,4.0247229844214445,39.10280190399594,0
2026-03-09 10:00:00,-2.980850706774942,66.70776772151571,95,18.564297525139192,7.023391570575188,6.95655454093274,3.72755446192845,35.88829563919686,0
2026-03-09 11:00:00,-4.099121414397131,69.74070826124151,102,19.251153848340266,7.316349987768614,7.36672712633415,3.952407741881401,37.930011996437685,0
2026-03-09 12:00:00,-1.2689987028696477,52.913819088337455,108,17.867659525136162,8.868735315181592,7.86517161473498,3.899108191883881,38.25190922834317,0
2026-03-09 13:00:00,-1.821783901228805,55.46493780961198,123,19.520021113667955,8.467333301950841,8.113993155242193,4.136965643488845,40.55610136466309,0
2026-03-09 14:00:00,-0.4865188820257198,67.34418180305826,116,18.205752240911192,8.066556789866453,8.191378795689907,3.9087832808436955,38.81086861768977,0
2026-03-09 15:00:00,0.09742957417875653,46.254909969369635,98,17.816640131753417,7.675213128609163,7.590648272974471,4.302448532032759,37.85344311536755,0
2026-03-09 16:00:00,-1.9234671844464637,71.79037653393368,93,18.30733300280152,7.554098948516778,7.052953424975391,3.7260922658872735,36.72985602355547,0
2026-03-09 17:00:00,-0.8823093734408884,52.72182916894393,67,15.805469057413168,6.429188704862603,5.925174129067769,4.038367171581812,32.08280715083675,0
2026-03-09 18:00:00,-7.51697841733866,73.69780316455386,48,31.80839065449141,6.493684813381778,5.008859357820897,3.9237415628406374,47.31511597499109,1
2026-03-09 19:00:00,-1.6720364335818445,58.92251957664461,21,24.574050332403928,6.23885334192337,3.253165392737013,3.730479173479501,37.561617106373625,1
2026-03-09 20:00:00,-4.644066339680929,72.7764720457902,0,16.18438241572018,0.8494490435888647,1.4789848391189737,3.6081649880267985,22.707355986565386,0
2026-03-09 21:00:00,-4.355204950989922,85.5153691967414,6,17.811789824705823,1.003202403307705,1.9751390863708829,3.9022438005984865,24.99096437268623,0
2026-03-09 22:00:00,-9.105460764128493,56.190029792369614,0,20.48508691651263,1.9955559976932165,2.669169983834986,3.970644583411683,29.196589069225517,0
2026-03-09 23:00:00,-9.168854530779893,74.04890378524881,0,19.627216588209606,1.0119214354517598,1.9413758309978242,3.568909996759083,26.398686150297415,0
2026-03-10 00:00:00,-7.794621170691327,57.996989596456054,0,18.255891316467864,1.197342002893356,1.8814304653975789,3.6236654060676217,24.83539815961108,0
2026-03-10 01:00:00,-8.421332161377332,71.87661265433803,9,17.75005087799534,1.3468876997513026,1.90801829683172,3.5531399673370574,24.281107319114806,0
2026-03-10 02:00:00,-8.030410757874925,67.78217508709483,0,18.473644884151522,1.3063108245180792,1.758842479973105,3.4246068903112965,24.410091731285643,0
2026-03-10 03:00:00,-6.5486919759227025,68.69021291671308,10,17.156235508885526,1.1129510319454643,2.672368113768754,3.7094669131396865,24.67178575808934,0
2026-03-10 04:00:00,-11.043590806752285,65.81257544709479,13,21.80470018516906,1.7704434368135389,2.52168056972341,3.6894433604478065,29.734228946216362,0
2026-03-10 05:00:00,-5.8310086697253976,72.05650315927306,0,15.73710047660834,1.2552467677623576,1.5662797943172087,3.3584668070422437,22.046916166003438,0
2026-03-10 06:00:00,-6.747548110563431,59.370514055100294,0,17.861165370790886,0.6494924691963669,1.6706762266736614,3.6684002977784496,23.853002539550605,0
2026-03-10 07:00:00,-6.263923179262461,75.14776596183928,24,17.413683941851932,6.294373600269631,3.656321393107244,3.7384709779584,31.22132122849771,0
2026-03-10 08:00:00,-7.5125232559462205,66.17889060229857,42,19.45965134006203,6.595748087764874,4.410501365698907,3.6778132968687616,34.34648494051844,0
2026-03-10 09:00:00,-3.2505779633924137,57.02178940812578,64,18.298189771016443,6.975642090634283,5.560318102088006,3.7560216008681753,34.22512628868605,0
2026-03-10 10:00:00,-7.36561070424467,78.0938289682277,87,21.774629159487585,7.64425388077808,6.783396962526899,4.011566965111531,40.43107189540993,0
2026-03-10 11:00:00,-1.4344838042331796,63.67180693631997,104,18.06344844570998,7.9941538162127275,6.987636518344149,4.2573322482770966,37.200925965204576,0
2026-03-10 12:00:00,-4.517118364550458,77.833654596065,124,21.208901891584485,8.312828578984895,8.74255708903717,4.1557593444483105,42.54944161756963,0
2026-03-10 13:00:00,-1.5400085140304622,71.48314316140291,121,18.238228859247986,8.196620375327146,8.935603364753556,4.201072637687914,39.82708194322357,0
2026-03-10 14:00:00,-1.7142143809493717,59.49678655699341,124,19.17067504876921,8.16197319767966,8.502585306450891,3.9711705409540214,40.06367765410902,0
2026-03-10 15:00:00,0.3573278849194341,62.22206528068993,109,18.04951575829702,7.109077548560693,8.23484262806237,3.9738591415635742,37.39958328056554,0
2026-03-10 16:00:00,-2.2842522315699845,65.43941681165894,88,18.310545876822577,7.75626242012836,6.885352023334552,4.043202515932908,37.039981792886856,0
2026-03-10 17:00:00,-3.716789177286622,74.9454110828836,67,17.717262765727593,7.276923933287267,5.857452779150518,3.6642482673026406,34.73886580347397,0
2026-03-10 18:00:00,-4.122851940642952,68.7172452356849,48,17.488020231522164,6.419333553165066,4.462921418950687,3.8230802547455265,31.81806141828053,0
2026-03-10 19:00:00,-1.941859992750155,65.51415072114138,23,16.38380364583344,6.412203797438824,3.463963502547872,3.7660134549796185,29.788089637063003,0
2026-03-10 20:00:00,-4.099922509884388,64.87566435982343,8,15.42447936219042,1.4707784683780782,1.5808932739607124,3.6262198850057636,22.03255680752949,0
2026-03-10 21:00:00,-6.573064983940104,67.62645652282724,0,16.6969255834793,1.5099364728287714,1.8149155740780203,3.64790580486574,23.336484915843304,0
2026-03-10 22:00:00,-7.163586271431579,76.20024221764363,3,18.381151045279704,1.3326055051108607,2.2858566874848845,3.620672977167566,25.55235702403337,0
2026-03-10 23:00:00,-10.150702145640082,70.63525871401491,6,19.386092368837808,1.3205606323857286,2.2633347868106792,3.5306757595908254,26.41907631084123,0
2026-03-11 00:00:00,-7.111373078701557,65.96354618123712,0,16.602149828567153,1.43137031112526,2.2930306452018163,3.423283985063171,23.771611416597697,0
2026-03-11 01:00:00,-11.11311740199767,67.94779505781614,0,21.166263026792176,0.9927109929320594,1.7293055286617345,3.586452997605313,27.46051168871454,0
2026-03-11 02:00:00,-6.962636314983365,64.89938631322055,0,16.798648832386423,1.2442011268582684,1.5536451271477238,3.7956759005090404,23.659508119253314,0
2026-03-11 03:00:00,-7.9027739916802275,60.51450451750358,1,18.09906490451882,0.9006103820286622,1.1174162503769383,3.757657109639069,24.017999820186766,0
2026-03-11 04:00:00,-3.7139611608735077,61.28321902069626,6,15.508480958356959,1.5966038476674564,2.0071650748321956,3.5722001556745844,22.666692217671777,0
2026-03-11 05:00:00,-9.085794482387877,78.80486751569285,10,19.021614011352792,0.7166011100101648,2.582593726068983,3.5850843342054546,25.82257759284126,0
2026-03-11 06:00:00,-6.665215861672717,66.75931633284956,0,16.798129633649104,1.3858580109526135,2.1424538311870998,3.534043141584453,23.848595089895653,0
2026-03-11 07:00:00,-2.5894678731932577,69.16857091623153,14,16.203314756606858,6.158198136646803,1.9403664882547909,3.5900624196216286,27.88447654040292,0
2026-03-11 08:00:00,-2.715327918408237,50.16395683140118,42,16.773549012122306,6.993885565754203,4.638896306846985,3.8111624134653286,32.84718237091012,0
2026-03-11 09:00:00,-5.018384136730647,70.17365595634327,74,19.927585675472486,6.958809470363046,5.431510630491629,4.05462220930496,36.00814618244432,0
2026-03-11 10:00:00,-2.60994567866878,63.9893430327869,87,17.711433924394512,7.497494252585704,6.530483336417402,4.2874213852447856,35.795264137867825,0
2026-03-11 11:00:00,-2.2624176668450766,61.80817311279075,104,20.298619662729514,7.7932205314059475,7.264032628254107,3.8915228719220996,38.97916421063792,0
2026-03-11 12:00:00,-1.2302764190880386,65.00846705884283,108,16.609841294667905,7.99585924601766,7.927762447724574,4.129677052037116,36.730457961403985,0
2026-03-11 13:00:00,-2.5477066560661124,61.935828469177416,123,18.154561934180506,7.747353317273207,8.60733362289383,4.173350160450909,38.74001737145651,0
2026-03-11 14:00:00,-1.3925349914948897,51.30115172429103,116,19.91013817324018,8.210675280829523,8.485085849916427,4.014538037078443,40.47716939269108,0
2026-03-11 15:00:00,-4.076638952862315,71.59096686167835,102,19.95368392661725,7.089937055174675,8.239712076535973,3.854098612642071,39.3614610877502,0
2026-03-11 16:00:00,-1.479891525482366,65.56802401220094,89,17.886445951224633,7.2682552800089235,6.874033612853037,3.997305964526702,36.11845502472486,0
2026-03-11 17:00:00,-1.5007814279336102,62.2419313424631,76,17.515473474055906,6.721044497501281,5.720494162614589,4.221981968031259,34.41351918087101,0
2026-03-11 18:00:00,-3.3773033083982438,59.73586524886406,38,17.38580173499134,6.8738767898899695,4.0974810624,3.7923570656777947,32.450380241186835,0
2026-03-11 19:00:00,-6.580410163038957,59.11616252563641,13,18.151452070909755,6.274045772128163,3.3903126610318193,3.533915258932392,30.816964541516974,0
2026-03-11 20:00:00,-3.060186140056155,66.63849584745046,10,14.992184367932484,1.4396135264145578,2.6453531187230315,3.616410053702524,22.86496523527791,0
2026-03-11 21:00:00,-5.0268644001747,76.45079406148318,2,17.280134076159563,1.6516162886869958,2.3355621240769957,3.436973895933731,24.381771266758058,0
2026-03-11 22:00:00,-7.7249159729953005,70.0126858401927,6,18.858993833567858,1.0974204157933694,1.4128905975458013,3.6267765428839898,25.058434545949673,0
2026-03-11 23:00:00,-7.6925848006812645,60.472868963954,4,19.384444101786997,1.3853549884944312,2.194095369530819,3.7185112041500172,26.664181662680413,0
2026-03-12 00:00:00,-10.051168028603161,71.88907638368278,2,20.951070318110766,1.1591078215117665,1.789392012533456,3.504109987312401,27.396126701623878,0
2026-03-12 01:00:00,-9.592878739862675,69.87460128141663,0,19.46825053283496,1.0698179058659874,1.4939438120674124,3.1116584948106656,24.84251541215847,0
2026-03-12 02:00:00,-8.883220419435636,74.8466770710221,7,18.055228629166923,1.6833190412276136,2.1749572027334825,3.6695321609143363,25.840658668139046,0
2026-03-12 03:00:00,-5.761366141763981,70.96142367079335,9,18.714610707184818,1.9906577771907144,2.343885291583717,3.5607671159560534,26.287297147575096,0
2026-03-12 04:00:00,-8.587185808382742,51.525454151627514,9,18.121047820859637,1.1109866679978049,2.0140236441036126,3.5233995247823304,24.957091060586535,0
2026-03-12 05:00:00,-5.8554516439225255,70.66304195951264,0,17.306533308412966,1.3918018570319592,1.8848086920939278,3.486104759495302,23.711276019866347,0
2026-03-12 06:00:00,-7.134078675493185,62.32968254959539,10,17.922378490649365,1.3916909194263838,2.2719308059905012,3.700037788854527,25.28157399254393,0
2026-03-12 07:00:00,-4.953296935039135,58.18460025258716,16,16.728411942174862,6.303889347857655,2.9960974935322526,3.602814113151033,30.082310714608845,0
2026-03-12 08:00:00,-4.709313484272963,65.40114465096335,40,18.382841918103527,6.7065122051617205,4.102408678369258,3.899566844863062,33.68173728357409,0
2026-03-12 09:00:00,-2.0788782526120126,67.02498534363907,68,17.42131706592934,7.007422702988595,5.709165511482184,4.014867750066193,33.748093315973996,0
2026-03-12 10:00:00,-3.628120405600048,55.87668264247908,95,19.47990302826253,6.355256803677404,7.465724585908998,3.9394051992688515,37.06415505807196,0
2026-03-12 11:00:00,-4.667365421479733,70.72798256845512,110,19.544522912327547,8.417183263609472,8.099730136927645,3.9618701037485344,39.8926410900522,0
2026-03-12 12:00:00,-3.7871655707011396,70.42040726321545,115,19.722296058706934,7.726843594314661,8.122262023325892,4.0791562758054845,40.21432134803322,0
2026-03-12 13:00:00,-1.9923924783194478,64.77615153653656,125,18.554959653552718,8.065454999267287,7.73588377249262,4.078191022729671,38.417407789996155,0
2026-03-12 14:00:00,-3.092343080781189,60.113515529223605,117,19.36930171647112,7.928897484993669,8.466177597207754,3.8051229462941065,39.838165766522685,0
2026-03-12 15:00:00,-0.39084031196152313,57.41686220883539,103,17.376677601043756,7.479668812361318,7.054634513984331,4.299115562808863,36.285023273739725,0
2026-03-12 16:00:00,-2.2296580976416958,70.82783636271263,86,19.418645035196022,7.532084049698468,6.491192978884868,4.05115036211159,37.19326930014092,0
2026-03-12 17:00:00,2.042763738569351,52.40059107709756,71,14.732686220054783,7.1624906476022705,5.871971143366901,3.814477243770812,31.116674729031857,0
2026-03-12 18:00:00,-5.673055942361623,73.64161472168628,44,16.769893786945225,6.441212407409662,4.819863060706045,3.4885425182191057,31.366238835900113,0
2026-03-12 19:00:00,-3.2168980689630136,64.42147859693965,10,16.971874109855175,6.1322557058279745,3.1790452606526,3.612935220689673,30.475328602467947,0
2026-03-12 20:00:00,-6.3864612705881365,67.21483895508396,7,17.948555036161938,1.2144336574645724,1.7704517709078633,3.539803476994696,24.537647256541398,0
2026-03-12 21:00:00,-6.213590067137876,57.411666317873454,0,17.139073891297254,1.4247434999508357,1.2078617056368912,3.590914019538473,23.62618660635739,0
2026-03-12 22:00:00,-5.978528025949573,66.60359623869066,12,17.177773961561876,0.8468660243113937,2.606572726134071,3.323419427358048,23.600071498942107,0
2026-03-12 23:00:00,-10.896946202067701,74.85422274761903,0,19.202688272353758,0.818113737687876,1.9090924893170524,3.5291630037169424,25.377752024180776,0
2026-03-13 00:00:00,-6.824944868518125,60.10024812427672,1,19.183906501409705,1.3718541637930919,1.3141558549341548,3.5423017146338496,25.606929215679116,0
2026-03-13 01:00:00,-4.34225805995789,69.24850874847948,0,16.199985585703605,0.876089969793122,1.7925286491314625,3.571158708612925,22.166971173619363,0
2026-03-13 02:00:00,-8.467305461038844,69.88455261785327,0,17.16083625261735,0.783809208109221,2.0688934255860403,3.564568847838781,23.56211588631819,0
2026-03-13 03:00:00,-7.13552738925461,64.48911185894711,0,18.040797912395863,0.8933981706469862,1.2464317250194834,3.60783762493091,23.56852390376124,0
2026-03-13 04:00:00,-5.485182388744592,72.24192531050628,13,18.24134314709973,1.2986574491587162,2.06743657354109,3.8801766067718586,25.69422237255154,0
2026-03-13 05:00:00,-6.950055038011047,54.999000664636945,3,17.901179656729205,1.1199873723765355,1.6751280290869863,3.5347478719129457,24.330672066554147,0
2026-03-13 06:00:00,-6.934092674315758,70.28065399819907,0,16.940498973346887,1.0265145473641835,1.7044828879484626,3.463326306620261,23.30566906996341,0
2026-03-13 07:00:00,-8.971078897998037,79.44492012193828,7,18.295366332019135,5.666002198042973,2.4972871775989596,3.368900421801452,30.045324888412672,0
2026-03-13 08:00:00,-3.1067761308407817,73.96974093273457,34,15.898075013712267,6.7826056245387365,3.5230836968911343,3.659333326424946,29.806178960765692,0
2026-03-13 09:00:00,-3.482979992492539,67.95107531760054,66,19.18745479328323,7.552176916790187,5.454892571711027,3.653812361405072,36.09914457366884,0
2026-03-13 10:00:00,-4.168022901172112,64.315932519094,86,19.010122038490366,6.7793499597646445,7.540780023607981,4.088014444191249,37.27080442850647,0
2026-03-13 11:00:00,-1.5063722121872416,60.31496381985464,105,16.845716351325695,7.246260783901766,7.144660372794564,4.005584125404783,35.3986516587858,0
2026-03-13 12:00:00,-2.1576280471372096,62.80066627191905,103,18.803731408015153,8.104999941171245,7.17115297121442,4.152919747750979,37.74006574812776,0
2026-03-13 13:00:00,-1.7140443846968911,67.54837677603011,119,18.911975171583038,8.591428719219008,8.650139993430912,4.295854558467515,40.26280939537818,0
2026-03-13 14:00:00,0.3342346115725674,57.905861208564076,123,17.392027551781243,7.368787359903343,9.009619436009741,3.9622413199038764,38.31162646849361,0
2026-03-13 15:00:00,-3.090970061051033,69.86277045409057,116,18.67643723053855,8.273402775447591,8.366660393140698,4.011896035977979,39.481143419287434,0
2026-03-13 16:00:00,0.6150645457586885,75.33766469870093,79,15.197146643641661,7.895257960257073,6.9590354059444,4.115753020230572,34.320029751706116,0
2026-03-13 17:00:00,-4.097653096960606,65.70194041195609,64,19.12594584861022,6.750155706958516,5.462855170692396,3.884382636906565,35.01736538030952,0
2026-03-13 18:00:00,-3.5730527480161847,57.61342074131231,39,17.275380878493465,7.154883739412624,3.055753342420587,3.834226490549684,31.046691836880527,0
2026-03-13 19:00:00,-0.02158516604023175,54.947720396631695,19,14.70043432803276,6.179702001691998,2.8886480593513113,3.830946635720463,27.533640983736756,0
2026-03-13 20:00:00,-2.2799572590201187,69.36936125453454,0,15.158182257895762,1.210122981700592,1.543057369156121,3.7344771980496057,21.629057685645158,0
2026-03-13 21:00:00,-4.936400224428811,66.34382309455896,12,17.18526309409817,1.0642683399085189,3.082715286985024,3.7095539329936558,25.520417450763755,0
2026-03-13 22:00:00,-7.545361720164304,73.92000666650755,2,17.711594066952703,1.4863599841074864,2.3440808288967623,3.817454222776699,25.61422395821936,0
2026-03-13 23:00:00,-7.57109700935497,65.47651726206014,1,17.90157278184126,1.4100582411654135,1.1396391505927252,3.593761853711783,24.07226399512709,0
2026-03-14 00:00:00,-6.829849596839495,73.10612848286861,12,18.953242210506943,1.9196482745054382,3.0676431286143937,3.725912159738678,27.682873974349597,0
2026-03-14 01:00:00,-7.240279615424065,67.4804146708697,2,19.041034311201248,1.6402125791885787,2.332715495959436,3.5814862243472256,26.784983800885442,0
2026-03-14 02:00:00,-7.57780929875378,64.28833264212165,4,17.197455803069392,1.1687974845239677,1.8739920419046276,3.769082750361115,23.679629113482008,0
2026-03-14 03:00:00,-7.356484384344496,66.11137241544407,0,17.74015387643358,2.1879325153136637,1.7647011475354233,3.494885304311893,24.70733536606111,0
2026-03-14 04:00:00,-7.318855318133873,61.306815356060994,0,18.55636437171258,1.572777426965795,2.4264796685114343,3.3475715492880638,26.089040036699657,0
2026-03-14 05:00:00,-8.849566303130581,81.57333207883761,0,20.278412241588317,1.28918061226598,0.9128196379012711,3.6982387181130227,26.19665437583237,0
2026-03-14 06:00:00,-6.55139698006306,67.33525685369636,15,19.390377913501176,1.020995960821236,2.8254291022678633,3.5069792201203933,26.415753098023753,0
2026-03-14 07:00:00,-3.2743344844708266,69.32283539544629,6,15.112507749035881,0.6724885447703279,2.6220343358062648,3.4561136008525435,21.33942401850753,0
2026-03-14 08:00:00,-6.249497024226543,64.46590797094512,4,18.424745168616056,0.666240250023169,1.9800791361795844,3.8057394901720607,25.100270744200728,0
2026-03-14 09:00:00,-3.3397064301475945,59.19321289073176,0,15.623938771171215,0.7732170795764091,2.0915594159138053,3.7449419326786764,22.103268408456287,0
2026-03-14 10:00:00,-3.566910397300078,64.27189973246745,7,16.789341341534637,1.7080559295615798,2.2314195414510207,3.5766248903732056,24.405506873797307,0
2026-03-14 11:00:00,-1.2591592542599384,70.55152464097014,0,15.000935312127792,1.2704811196681332,1.447182328629637,3.143180530907882,20.795839284765048,0
2026-03-14 12:00:00,-1.5529162129576992,61.04029641132857,0,13.529520169463654,0.8853193858210398,1.4359364921635862,3.6799860208861683,19.52220232505762,0
2026-03-14 13:00:00,1.9689809040790327,56.30007248556423,0,12.937970240935902,1.0524458461861526,2.1203681703206,3.6993757308845288,19.662097307381533,0
2026-03-14 14:00:00,0.4378626437337879,63.60438848341452,14,14.680596939569835,1.26178875897524,2.2839319735078325,3.7335217002295455,21.940711866189783,0
2026-03-14 15:00:00,-2.772653708199164,68.07362588545584,13,15.687014946733251,1.6140177346832822,1.8289385777219085,3.722628023634582,22.99686759187116,0
2026-03-14 16:00:00,0.2488478145991797,72.67045315216971,0,13.29861512568718,0.7924207831474596,1.8550794112746747,3.572791624178104,19.449974814259363,0
2026-03-14 17:00:00,-2.7653631398822345,67.19652522514664,0,13.986579491713222,1.222390235140685,1.5691133605641692,3.5384296284348618,20.233306825659934,0
2026-03-14 18:00:00,-3.1542225497314504,69.229622983486,0,16.01634309208499,1.2050300215813452,1.2604013436421302,3.4340757195580522,22.06773464973568,0
2026-03-14 19:00:00,-2.483969726348713,69.17862871628347,2,15.317701135533381,0.838896196446481,1.9422863448805494,3.5033904986469806,21.770819150206737,0
2026-03-14 20:00:00,-4.7592993319308725,59.65138220735237,3,15.767646480751838,1.709802110223622,2.310274533039148,3.660222698991276,23.16357326953638,0
2026-03-14 21:00:00,-3.3113404884994426,59.70351294355732,7,15.544905485828556,1.122550077716905,2.1940675288861384,3.678689042634252,22.532984924603085,0
2026-03-14 22:00:00,-6.989995822962415,61.73911912958791,7,18.062800176620417,0.8785374564053174,1.705191614770413,3.746473682363048,24.262062227700838,0
2026-03-14 23:00:00,-7.450411591947876,60.59493415981103,1,17.54933009208763,1.4165079928320676,2.0718116030815983,3.393035311694482,24.43411449368528,0
2026-03-15 00:00:00,-7.796546591436279,73.62016919279962,5,18.339138725040954,1.209073452004125,2.5408203719344042,3.371116153295489,25.81864042432571,0
2026-03-15 01:00:00,-7.991953423374262,70.73426561751323,0,16.87538686779431,1.242949909430669,2.7958653734836147,3.543044233137782,24.546988210599647,0
2026-03-15 02:00:00,-5.281001514727675,67.43772751459446,5,17.957518236023617,0.7753620699329612,2.723829813619558,3.4670078531831994,25.46477919999844,0
2026-03-15 03:00:00,-5.961413852033181,51.914761296611275,0,17.110347462152273,1.3843456880746903,1.3475887244105889,3.6278981184731793,23.525078625544513,0
2026-03-15 04:00:00,-3.7738113505839728,78.16321966464969,5,15.124327778146457,1.950349927583594,2.461137232142568,3.4235185073690153,22.917718818029826,0
2026-03-15 05:00:00,-2.2695057466831408,59.33649728509102,4,13.128546254366075,0.7300081945754381,2.1354357642959187,3.7930348213885097,19.782104418110823,0
2026-03-15 06:00:00,-7.151846113443935,80.67476112071671,2,18.681378698624194,1.259973082096335,1.391555377608824,3.484690946234062,24.853255567000478,0
2026-03-15 07:00:00,-4.435781300561389,57.63138709151315,7,16.90422639650452,0.9511416066274956,2.3127078453198866,3.8669011361949237,24.115689841635383,0
2026-03-15 08:00:00,-5.649167697452794,62.36246882175037,0,17.085065835297858,2.041362120859112,2.663404514058191,3.6786452775767793,25.220485909192067,0
2026-03-15 09:00:00,-4.065690578472189,52.83217163879636,0,16.689018936525553,1.5338713673525877,2.338138894823627,3.441715192498375,23.944454343333163,0
2026-03-15 10:00:00,-2.970767426593596,67.40082542560137,0,16.051763824461652,1.1987375700604896,1.3439475871935127,3.9142117523030735,22.327561706459807,0
2026-03-15 11:00:00,-2.971916711041108,58.621396608413434,0,15.51926214844667,0.6702463834457029,1.8061727475982223,3.639817847192627,21.892904639302472,0
2026-03-15 12:00:00,-2.4067466098407255,58.36705903279042,0,14.832541659901365,0.7548803738283097,2.0212534936380813,3.624917910925314,20.752176282088943,0
2026-03-15 13:00:00,-0.5141702106316521,55.15054235492736,0,13.604505443274151,1.3611960769886262,1.021543379262384,3.590218192144037,19.616688846199438,0
2026-03-15 14:00:00,-2.21804847041585,69.32766672923907,10,15.613221731965352,0.8031277307988782,1.5870530063396864,3.709982998290542,21.333843020528846,0
2026-03-15 15:00:00,1.1627290633867569,66.39673511186521,3,14.188242243139163,0.6881101543402763,2.0345825298488975,3.690813091720895,20.709807520355703,0
2026-03-15 16:00:00,-2.178719259523196,75.50624279111511,8,15.101334633470675,1.2470909428087573,2.315453772470309,3.502253907220235,22.06640702993377,0
2026-03-15 17:00:00,3.601513824157825,56.18462490544379,4,12.872303906721841,1.2186958343402512,1.1925314799417615,3.5839672824204576,18.41329986185805,0
2026-03-15 18:00:00,-2.66698072579843,66.31315177062963,0,15.485370799725018,1.2330109925180028,1.9745880865684318,3.6173551436625715,22.545882661535526,0
2026-03-15 19:00:00,-2.6213305100411457,57.22998669811915,3,15.569924470637195,1.0001661457640103,2.454133216574288,3.6994110696980944,22.094538104482815,0
2026-03-15 20:00:00,-5.851707172751217,65.3785462431515,6,19.168077734054886,1.5300512911458801,2.0317642490154695,3.7139533915595964,26.43599179442565,0
2026-03-15 21:00:00,-1.655137828200794,61.12828149146353,9,16.237122513331204,0.9603648504582507,2.3219153037860303,3.6606812691260946,23.35288156408414,0
2026-03-15 22:00:00,-3.496476001793999,68.40905674631803,1,17.04584347655109,1.3373255237447546,2.112135272507911,3.521451556656626,24.360938757725112,0
2026-03-15 23:00:00,-5.619743913060481,73.3169387733045,0,16.261360542881594,1.1749422375338439,1.997563174332325,3.5097612134270646,22.54108796877822,0
2026-03-16 00:00:00,-8.69609002596994,75.46846766446646,0,20.4374782167876,1.3102271799699865,1.0491198740256524,3.421276739548812,26.089096046808425,0
2026-03-16 01:00:00,-6.398043479679028,62.741658976453614,0,17.28509178291787,1.5136993181739384,1.3926954635488715,3.6888901746570655,24.151289996208007,0
2026-03-16 02:00:00,-8.781869558028477,75.57720959625935,0,18.55149139985371,0.9406336792132917,1.6218659537151257,3.507603435882904,24.90940464440483,0
2026-03-16 03:00:00,-4.27017322390617,65.93811909528284,13,14.844301739134984,1.1026228638632,2.127627827146217,3.6232368253699114,22.017975135727106,0
2026-03-16 04:00:00,-5.030894648894285,64.82558961128863,6,17.028951556001743,0.617062185346946,2.79013582408971,3.6596615860466226,24.736206492529337,0
2026-03-16 05:00:00,-5.688064148522908,63.01497919047867,0,16.072394039661173,0.6,2.0855141722203223,3.6005901252341537,22.23132511693301,0
2026-03-16 06:00:00,-9.267275407319591,66.59084178932038,0,19.341622799082952,1.0384090446756828,1.3006235673915303,3.5991583024906846,25.37290919116682,0
2026-03-16 07:00:00,-5.953110601378318,77.91871602821114,24,17.00355204220927,6.294366991695636,3.0235489089924728,3.5602557121031593,29.79525752993362,0
2026-03-16 08:00:00,-2.2062428560793608,66.49914674102365,38,17.687780726761872,6.203870906619661,4.398676461672648,3.7923293837580645,31.58887904006078,0
2026-03-16 09:00:00,-0.4076678460109564,64.35342196951544,63,16.522706520987736,6.729115105046046,4.974192273875243,3.8050757013858143,32.008588872956686,0
2026-03-16 10:00:00,0.2601518997374799,61.23140492397521,86,18.323009158751923,7.981208850053576,6.913212734454916,3.9310399328814736,36.649879553982096,0
2026-03-16 11:00:00,-3.6069851494567016,80.3811105307207,107,18.65863216149088,8.132543923105985,8.307430860752294,4.2016952736599,39.17009508792022,0
2026-03-16 12:00:00,0.16829105502832853,70.70384464180731,120,18.98173458384995,7.618437593847433,8.947263434090955,4.155797729089971,39.33619381137174,0
2026-03-16 13:00:00,1.7316794802335755,57.37486770103206,127,15.638455967838265,8.031178182108384,8.866181865062723,4.022379159183446,36.66790945788237,0
2026-03-16 14:00:00,-2.6946072412889603,63.37926510273898,123,19.67433258112703,8.256100942079742,9.12796124879188,4.06966291116153,40.93342611177409,0
2026-03-16 15:00:00,-0.008134063921906446,61.72063328771597,106,16.849419261121145,7.58874214147381,7.39499289253661,4.263915535677026,35.65076782234435,0
2026-03-16 16:00:00,0.12118421057076767,63.78434371176752,96,16.57134792966867,7.344956639608099,8.198646602075744,3.937892632205759,36.269258469358114,0
2026-03-16 17:00:00,-1.4118628398856767,59.85154117412564,65,16.32068331280663,6.951613975676114,5.483382293645542,3.8659821864765003,32.470723888164116,0
2026-03-16 18:00:00,-4.774111933981186,69.21348309065607,33,16.832211973428027,6.875731309866366,4.131057372949453,3.8316218352986193,31.56259696343405,0
2026-03-16 19:00:00,-3.0232569090656587,73.97997147403512,14,14.875738361937529,6.565490455881559,2.407096013443199,3.6882787231855136,27.292164238551102,0
2026-03-16 20:00:00,-3.931856011232684,58.06712335439953,0,15.566535040969779,0.8425936137727055,2.0247365399631714,3.5440772822029487,22.2652115236543,0
2026-03-16 21:00:00,-4.533026525389149,59.63088947148947,0,16.3619781025552,1.261192883122009,2.044558566297619,3.4884869156612814,23.22384621776178,0
2026-03-16 22:00:00,-6.0833382030217615,64.66355232048247,0,18.099291643053434,1.0977558864927874,1.3820248465807423,3.5984851587400177,24.02428541874527,0
2026-03-16 23:00:00,-6.6034311744625525,65.33180002019994,0,17.70627039848512,0.7471175776298824,1.368700483539709,3.6987029016545816,23.04228247334645,0
2026-03-17 00:00:00,-6.199428422072516,79.64036656502998,6,18.378900645837568,1.104023920362485,2.037973849609856,3.822135030996268,25.97069199738046,0
2026-03-17 01:00:00,-5.729406392400348,73.3073101143893,12,16.200514210026522,0.8735180342008264,2.957399644730696,3.4281968869507438,23.95447063005587,0
2026-03-17 02:00:00,-7.1183643256934515,74.00470735697967,0,17.422275784335206,1.5070693330035836,0.9758575602697417,3.8644176491244857,24.130395830358722,0
2026-03-17 03:00:00,-7.17798239907446,66.79729263822544,0,18.372033726772326,1.643365214929356,1.636717851138287,3.5567386420914078,25.03306251154792,0
2026-03-17 04:00:00,-5.974925877050073,65.76331396706667,0,17.380009613322127,0.9562994214490685,2.3894426802897826,3.7387240002383417,24.339238913237,0
2026-03-17 05:00:00,-8.841269637011841,60.920719745166494,7,18.323996297739527,0.9988222406094904,1.6305417729530416,3.5173697084186752,24.57089636951011,0
2026-03-17 06:00:00,-4.039879112552139,70.720350702701,1,16.76538499901296,1.4871080531770016,2.4192552984650875,3.362374086276183,23.81065902875687,0
2026-03-17 07:00:00,-4.007662751804971,68.95207469270645,14,16.029425850484895,6.577652129343006,2.062493160544548,3.459058074487319,27.881279410982167,0
2026-03-17 08:00:00,-3.0333598336212626,72.99100406328564,49,16.492457854385353,6.39195600933762,4.08255627366202,3.7463564875442406,31.077966265335277,0
2026-03-17 09:00:00,-0.5617238480677063,62.15631460591378,75,16.980358040276716,7.198184365936572,5.858750199955807,3.9786139728856798,34.002121488986226,0
2026-03-17 10:00:00,-4.67062522991914,65.65229404523697,90,19.50389812562049,7.4993715642450685,7.593056580771421,3.9646788685465375,38.281037892398885,0
2026-03-17 11:00:00,-3.98148267344444,67.00638517644714,101,19.065930082574887,7.448228304220779,7.066996761614457,3.9664648054012046,37.785786788029064,0
2026-03-17 12:00:00,0.3957166214584008,68.05459798694876,118,17.094989539356444,8.159093592930608,7.510166745236997,4.239703497779733,36.86047879555666,0
2026-03-17 13:00:00,0.26780290945614454,53.97785408532302,119,16.793836872670077,7.797019132720617,7.714128778634394,4.076297873159174,35.88644401858346,0
2026-03-17 14:00:00,0.6884619745891671,66.89999032148837,115,16.949093457891188,7.78090873912527,8.54437668562263,4.101967700544086,37.09264345858654,0
2026-03-17 15:00:00,-0.5057144646185361,63.25631247542692,103,18.418321937868697,7.7185300445577365,6.8553668717084735,4.478654098275586,37.34174959482329,0
2026-03-17 16:00:00,1.0596513306163011,55.85343789431559,96,16.581042598633076,7.106828201221124,7.614584058966525,3.9827942240000938,35.340238931062196,0
2026-03-17 17:00:00,0.9595209384007026,49.77272478027507,70,16.300353120349467,6.440241355508175,5.681405869495273,3.775623233070065,32.24055798307417,0
2026-03-17 18:00:00,-0.5280689291195219,62.57720942556952,51,16.144134809029083,7.139395328323415,4.590477948023276,3.8761439651150256,32.05709460260549,0
2026-03-17 19:00:00,-2.6383805502660853,73.66506331234399,26,15.590463753576872,6.108886918810854,3.363786910681756,3.814113342482787,28.8179927050838,0
2026-03-17 20:00:00,-6.683910787781603,78.06104109128457,5,16.372355237085934,1.9372024290587637,1.7145858488464532,3.6651475187421347,23.57287776558054,0
2026-03-17 21:00:00,-2.699003933032823,67.1565102137952,0,14.463938789396002,1.7901432737792813,1.8620423646728366,3.6235368693404086,22.050922957309197,0
2026-03-17 22:00:00,-2.773900096267209,76.8524590552539,8,14.991873406956964,1.0667324823983306,1.7031171514683257,3.854334644398683,21.86073278107297,0
2026-03-17 23:00:00,-4.479963262617266,66.10232594922249,5,15.814512396084687,2.0086685484539197,2.6820009183443294,3.823587081841344,24.275404537689354,0
2026-03-18 00:00:00,-7.352395715342357,74.23411809636345,18,19.31920545638634,1.7521510852856517,2.3277171465401985,3.6544348271832043,27.12651591064068,0
2026-03-18 01:00:00,-5.061204598348612,64.0885181153229,4,17.491969440521956,0.9461401689699234,2.2174962857156633,3.519475815716521,24.05625114973999,0
2026-03-18 02:00:00,-4.863014172037603,63.559667593323304,6,18.440051932003126,0.6,1.6643623639827245,3.6883804264719355,24.102254256951483,0
2026-03-18 03:00:00,-3.556667446325354,61.6024458834602,4,15.231890181914794,1.4128542981601144,1.780057936078866,3.5186149963027327,22.492726446431913,0
2026-03-18 04:00:00,-7.346390460005123,56.14661916225797,1,19.213865111654506,1.128953556208401,1.6867755846280854,3.7367742502164543,25.6308964018606,0
2026-03-18 05:00:00,-5.685761203450012,74.98687446226899,0,18.21075526253231,1.2509765550102947,3.1416065914146074,3.663608441434036,26.340695028797754,0
2026-03-18 06:00:00,-3.3055521886281856,61.629369506643044,4,15.511409262973256,1.091907338223443,2.0134992609691524,4.01650465577117,22.25448365569311,0
2026-03-18 07:00:00,-3.6341842119860144,60.917005480458336,21,16.861671160504073,5.877650074290398,2.585311591331908,3.904994534333131,29.41374026410444,0
2026-03-18 08:00:00,-4.725371599059227,59.464198609618364,51,19.158302126767317,6.668540667452589,4.404949974701756,3.642188925303994,33.57251725471992,0
2026-03-18 09:00:00,-1.2152003331678425,62.685243630658185,71,16.78267649510754,7.425323050080764,5.0278973516956125,3.8061816977585927,33.461568240006166,0
2026-03-18 10:00:00,-0.09218989808627698,73.65009628692316,87,16.62935671911833,7.341968621419026,6.511746335345224,3.660907449839426,34.59333164081856,0
2026-03-18 11:00:00,-0.20150401765644083,75.71380111817864,104,16.895002393346775,7.645853749930088,8.35298899898399,3.6953379790028897,36.73059288521623,0
2026-03-18 12:00:00,0.5784686138793802,52.600947284777966,109,15.231457389019535,7.330214519179824,7.946217788941012,4.053074030097214,34.58968411358941,0
2026-03-18 13:00:00,0.11502568357393755,60.787042761461855,130,18.1796623967179,8.271920168622396,9.356530427377086,3.9411424440562492,39.70240165673075,0
2026-03-18 14:00:00,3.1871595151452405,54.40348374307887,113,15.17855201925302,7.5448238204793645,7.605525362087704,4.2981778597443805,34.61519306011214,0
2026-03-18 15:00:00,-0.9763509958718712,69.66228969417303,112,17.266004678712225,8.237484169894339,7.868496023841232,4.221687318452817,37.69598097201887,0
2026-03-18 16:00:00,-0.7932710590249485,65.31451457803227,92,17.65785053434992,7.299064684919436,6.951756185865276,3.927275834965154,35.85838350788714,0
2026-03-18 17:00:00,-0.3323655684223502,59.42985821203775,71,15.156722237028085,7.074503568326485,5.378611926308187,3.834753133948643,31.69001706994005,0
2026-03-18 18:00:00,0.41830717151945707,63.121708104906524,44,15.582245753543205,7.44939424801053,4.400003031528988,3.9988059435181023,31.200874445166267,0
2026-03-18 19:00:00,-4.465582406873949,63.4846750767092,13,17.071917248195305,6.026699022054794,2.791942786834945,3.9091910938482437,30.181770751202468,0
2026-03-18 20:00:00,-5.053419150173307,76.47554092887935,0,16.250828537742716,0.9457988143534235,2.044281622876443,3.4601103138059197,22.59535459850128,0
2026-03-18 21:00:00,-7.195919796579902,71.67869693753116,12,18.182985279740777,1.5209676950646258,2.392012525197744,3.4888225290744486,25.398318286649246,0
2026-03-18 22:00:00,-4.520332792641499,70.40919011997974,3,15.414616144408674,0.6,2.4559100852936524,3.5668363279410364,22.128015283501266,0
2026-03-18 23:00:00,-7.201908298976099,52.39992635603468,9,18.73237769609844,1.699783262622484,2.1790721526666843,3.700678755805931,26.418549991383475,0
2026-03-19 00:00:00,-6.235569886239926,67.27594534170707,10,17.75652192686017,1.6278790152094582,2.1930306455002246,3.562949251549613,24.706213315767044,0
2026-03-19 01:00:00,-4.807143255159767,79.10462319572403,0,16.6376230516643,1.283558110706154,2.4486925531952064,3.667832124624298,23.917428393459186,0
2026-03-19 02:00:00,-7.141368411294771,76.31280072869117,5,18.35850598228947,0.6,1.5768651651347405,3.9125447958167534,23.904903449686593,0
2026-03-19 03:00:00,-5.538306739311952,56.07119253896214,2,16.40828557768755,1.0452059055334784,1.1436639856465338,3.3970953204253647,21.82532401757404,0
2026-03-19 04:00:00,-6.090709142387395,65.68747686068897,0,15.95736468264794,0.6544968208981337,1.409482657692858,3.5331486179906153,21.396331961078477,0
2026-03-19 05:00:00,-3.8830251844529053,58.70315209282735,1,16.69300930691279,1.5114373743858391,2.029258867005118,3.395951212675811,23.704022007243687,0
2026-03-19 06:00:00,-3.4930280714723163,75.88638041578146,6,16.42693101234387,1.5763963805396042,2.7076159565093345,3.4985122782107174,24.012506688545848,0
2026-03-19 07:00:00,-4.632899727319591,67.94034448914515,15,16.423794799228613,6.305803461440771,2.327766671318273,3.615798526180132,28.535401519360892,0
2026-03-19 08:00:00,-2.837453766744701,60.52131696666991,42,17.083011344015958,6.2349110810009964,4.926676884130689,3.65891832528587,32.229489561981886,0
2026-03-19 09:00:00,0.12948464801973136,63.10783417522993,68,16.95127765512292,7.647002973683726,5.552238809424341,3.9499966349522007,34.616564105505546,0
2026-03-19 10:00:00,-0.13200510653196706,47.454810655488075,103,18.232523604255693,7.662208601343179,7.413011703760814,4.03464344246859,37.11216124478195,0
2026-03-19 11:00:00,-2.450707549987939,58.32826284175149,95,17.934763309847405,8.241879873415199,6.642527836631198,4.0248528620947654,37.09883806638649,0
2026-03-19 12:00:00,1.594893831272954,62.022491981503144,120,15.723952741514285,8.152885473401927,9.278109825886036,4.033995333055102,37.285895197051495,0
2026-03-19 13:00:00,-1.0138434520937978,68.83443479979027,118,17.304257090537,8.201382806620828,8.222370004891458,4.039808801918641,37.33312152075976,0
2026-03-19 14:00:00,3.3505264329697786,48.83922045168862,113,15.402313858513438,7.772893465403115,7.415605388213731,3.9993964178599857,34.392416565782376,0
2026-03-19 15:00:00,2.5709626337775493,58.78484617845226,105,16.993695379038748,8.282434452223633,8.680950900973707,3.982701340506757,37.182823896308655,0
2026-03-19 16:00:00,0.9731484363428853,68.32825310385577,94,15.78281757720803,7.804951859502763,7.147151542233556,4.0388513966810615,34.85466394677267,0
2026-03-19 17:00:00,0.19142378203051336,54.14771221723748,73,15.606911924014817,7.719012092380118,6.174473702771926,3.603476397166215,32.83467636687697,0
2026-03-19 18:00:00,-1.156100621210546,65.24217247461294,46,15.42700948180746,6.790139419491465,5.086702099378326,3.827191198979722,31.164523933930464,0
2026-03-19 19:00:00,-0.49138841072506056,63.764388326679814,25,14.374620641189601,6.333536469260471,3.4515081621044983,3.569690415462899,28.37209366844711,0
2026-03-19 20:00:00,-3.181068674049436,75.67208342767668,10,15.826038355679371,1.488295557014584,2.788700210670005,3.589171353985177,24.090489978911005,0
2026-03-19 21:00:00,-3.0561436637349346,63.91129058913137,7,14.633523185324854,1.730889178181923,2.2094462825476247,3.393770065224475,21.775877130992168,0
2026-03-19 22:00:00,-2.8184573628808645,64.08423943191023,0,16.14219323553246,1.4558570075337103,2.1301795293458503,3.54619924428201,23.0222334620073,0
2026-03-19 23:00:00,-5.980690644110349,72.61527650207088,5,17.167943711176285,1.2383783325039956,6.402386828379054,3.6616826049677558,28.793636861804917,1
2026-03-20 00:00:00,-6.354030269723071,59.80743069399623,5,19.483645216219653,0.6,6.408663306301057,3.688562653545239,29.92967081003723,1
2026-03-20 01:00:00,-7.686575407736674,67.43963231649735,0,17.15935693764726,1.3836351137799634,6.1966303853698115,3.4220502723658783,28.409453400922686,1
2026-03-20 02:00:00,-7.585017366907848,65.95441296013783,0,19.31120301026648,0.6,5.964191029208754,3.661325792691118,30.22068620831423,1
2026-03-20 03:00:00,-8.764426119955647,68.73984871373612,0,19.836443467963466,1.1122520146533186,6.369727870830699,3.7709664163445353,31.258244326742354,1
2026-03-20 04:00:00,-4.06579367041249,71.1397839465864,2,15.738813121762725,1.0954818344202988,2.135830328846798,3.5339464940670795,22.800075208667614,0
2026-03-20 05:00:00,-1.6751327111055607,67.58131844382221,4,14.43552848163173,0.6757810309270356,2.3885124699525653,3.6161369672584627,21.382966447309062,0
2026-03-20 06:00:00,-1.6023544945938357,59.70967201977332,0,13.832327353960506,1.2303760814558418,2.0878229317659627,3.289718015073645,20.30096980044494,0
2026-03-20 07:00:00,-5.945623987017255,68.27941321022622,24,17.200604772278364,7.086011209072548,4.020019373227212,3.561444891653923,31.94062788620073,0
2026-03-20 08:00:00,-1.0431607568478152,72.725020252239,45,15.819548479151845,6.600588064087028,4.748683382836456,3.820578032579721,30.7502890460229,0
2026-03-20 09:00:00,1.0480337542355134,57.22578049153954,77,15.743697209940493,7.554057881844596,5.941736649313433,4.051320110630889,33.613293886919976,0
2026-03-20 10:00:00,-1.301990665749084,64.84749368169389,92,16.333270372581534,8.380491443559738,7.063882176721661,3.878108331383606,35.38447058518609,0
2026-03-20 11:00:00,0.37192066776464494,61.56209543754475,100,18.759090271357195,8.001914626653106,7.935714151372006,4.400407910763516,39.272374083466204,0
2026-03-20 12:00:00,-2.6577429716157592,64.61527713369115,119,19.13887743780669,7.816304842319795,7.917512064943011,4.1230834460302255,39.27870729531411,0
2026-03-20 13:00:00,1.5587781790786743,52.04697063219459,124,17.128398477908117,8.214955178642962,9.526408806902278,3.9049964686368757,38.6518483379881,0
2026-03-20 14:00:00,-0.5834652385323746,71.90217605477251,113,17.432419891618025,8.10227306408826,7.666412254812581,4.2450774066866055,37.26593372454076,0
2026-03-20 15:00:00,1.4447062239679584,57.27035892669493,98,16.018462758825116,8.165834596645887,7.595123926956998,3.8040585303528887,35.54105657685803,0
2026-03-20 16:00:00,-1.8983697529689159,70.58020913564789,91,17.639751967726603,7.96291761922333,6.80797019810102,4.013264053809681,36.200795941804614,0
2026-03-20 17:00:00,1.1223190172714743,58.43000108876133,63,15.191710629322335,6.064540733530402,5.242080420038501,3.712613840595768,30.25004502211917,0
2026-03-20 18:00:00,1.2162578497320173,58.33477870132643,51,14.707898518812938,6.518328406731339,4.018689206858479,3.6003848325963457,28.61605842938995,0
2026-03-20 19:00:00,-2.7009528055503162,72.30445410695555,16,16.410445706052037,6.16349064708524,3.0883750427142935,3.8083228284315593,29.259495231616604,0
2026-03-20 20:00:00,-4.208182086891093,72.11944418603588,12,16.682521560075855,0.9606495281118067,1.8802388167024473,3.6090334554830914,23.26916908478779,0
2026-03-20 21:00:00,-6.846519528687146,69.38688504029926,0,18.17440774295815,0.6,1.1507533952122262,3.8588508081840383,23.938401488738513,0
2026-03-20 22:00:00,-4.478316706421155,70.92564082865378,3,16.334575032279922,0.900033529287263,2.4868663582829593,3.459309961798133,23.10740629973394,0
2026-03-20 23:00:00,-5.738997120924998,65.57293115915535,11,17.538620374221214,1.2967362873793185,3.210322518106886,3.4100538947538874,25.044127132432187,0
2026-03-21 00:00:00,-7.667821914237228,68.70066066936458,0,17.894292164110976,0.9161503610159963,1.499739405196053,3.5280501773631365,24.13094726354466,0
2026-03-21 01:00:00,-4.610608506281047,62.48821002492787,1,17.151642321113123,0.7690698607232809,2.306399150644856,4.037576319959947,24.152587310920556,0
2026-03-21 02:00:00,-6.264949649169903,73.12310193267899,0,17.531768740131284,1.11451261867469,2.1584368590289555,3.7250873411050587,25.04538431362648,0
2026-03-21 03:00:00,-7.2094915217086335,64.24663865427736,0,17.695045198980687,1.2200808613382457,1.7588165871998347,3.683083952060485,24.323927381631446,0
2026-03-21 04:00:00,-5.973862002834295,76.39133457175285,3,17.059511854002835,0.989991010112085,2.566117596721901,3.7000408815233867,24.349605689209078,0
2026-03-21 05:00:00,-2.6536560179725694,63.095237003560484,0,15.091729017426493,1.5801103378657853,1.7263700188755462,3.5272734837507396,21.81754500025493,0
2026-03-21 06:00:00,-2.725007195616122,65.16680678081009,1,15.279859312398976,1.1382000455578167,2.0878903653935614,4.013402541054785,22.58020455667618,0
2026-03-21 07:00:00,-3.126910962406255,69.89755134573069,5,15.583519477220491,0.8849702156277921,1.5108035524958037,3.688712813587977,22.53714789769534,0
2026-03-21 08:00:00,-0.9475214686097506,63.85382762859481,1,13.777489127624568,0.7244119371775581,1.3100366664320173,3.658647442537795,19.383342925987915,0
2026-03-21 09:00:00,-3.0676836679986335,63.51331286528711,0,16.031176971653814,1.0254605688594685,2.326070234154951,3.7477294424270258,23.449519346593682,0
2026-03-21 10:00:00,-0.1949708287640483,62.96608743472221,8,14.695543874721682,1.633697228738109,2.4880423452080356,3.4410135164529434,22.28095539451841,0
2026-03-21 11:00:00,0.7253216959799158,67.81891884936057,6,14.856398886652247,0.9197089517999034,2.0658944058279363,3.4920979621262704,21.627548534269526,0
2026-03-21 12:00:00,0.23236684879769953,58.84861153058149,0,13.022323459181523,1.3085578193988454,2.6585303404340137,3.5631729164761086,20.069612824986763,0
2026-03-21 13:00:00,2.1210195631393494,60.651813284005904,0,12.94295963350086,1.1330949185050097,2.653792052324433,3.748699232765019,20.964767855309063,0
2026-03-21 14:00:00,0.17326312710443292,62.931773018696525,0,12.012197533253282,1.797631539326637,1.9976255998920602,3.405292048089276,19.298003082108583,0
2026-03-21 15:00:00,2.2474355952311393,66.50193447674259,5,13.17472180678345,1.3265880122811995,1.4199551967950543,3.609896837144476,19.464223043471005,0
2026-03-21 16:00:00,1.9692488248487319,60.92399113813483,4,11.472569989581986,0.9276208162009494,1.9697804553998488,3.584672571945085,18.18047130780151,0
2026-03-21 17:00:00,-4.484298063032096,77.2130181142364,7,15.698427993700788,1.4837293350676402,1.8103381765019049,3.3918421288561467,22.420315159817257,0
2026-03-21 18:00:00,1.7735196959672,60.73062876173403,0,12.87713883955168,1.3695076968135895,1.8402811158658319,3.523660254148967,19.32361882901859,0
2026-03-21 19:00:00,-6.275108703240859,66.28022969699897,0,16.78236381954185,0.961046145696465,1.3786662750401097,3.681337817725955,22.197594114097438,0
2026-03-21 20:00:00,-3.0472833434454127,64.25926977787766,8,15.080741531196011,0.8366015034844965,1.7016983340080278,3.4095095531462776,21.485065602728316,0
2026-03-21 21:00:00,-1.1627749996206396,55.972232677767416,0,13.926556681781292,1.2876123169293,0.8,3.811700189056344,19.77015678164761,0
2026-03-21 22:00:00,-4.289387432929148,59.99667949414476,3,16.816545504633726,1.1762303118677508,2.0402657910754365,3.6822068078148718,23.562016091549644,0
2026-03-21 23:00:00,-6.967389904351137,65.0415410898288,0,16.934773827389463,0.6,0.8,3.651900997699711,21.852870661756068,0
2026-03-22 00:00:00,-6.615028219670521,74.77625025785366,0,17.43339247603087,1.1890823496467147,1.6558917035620018,3.601228211692511,24.245712125621825,0
2026-03-22 01:00:00,-3.35958692477333,65.32093383740795,8,15.56563538873706,1.0210524856925778,2.5524786379689326,3.4681517040389647,22.484790354775328,0
2026-03-22 02:00:00,-8.49114400343933,66.46049286488525,0,19.220776139058025,0.6,1.4750569407581735,3.5025454724436473,24.959469954345494,0
2026-03-22 03:00:00,-3.1860418218829545,72.74873984005178,7,16.41124165995839,1.1027592798140944,1.696827169150238,3.682278206951068,22.809448786865147,0
2026-03-22 04:00:00,-4.849348783124072,75.94407438469662,0,14.98439685626307,1.5490215569724022,1.7694688690985836,3.5022517193282883,21.491436672376576,0
2026-03-22 05:00:00,-6.226532097411697,75.20219383850534,0,18.087476151510234,1.5228215250308201,1.4271275121860023,3.628312361011418,24.891058774686638,0
2026-03-22 06:00:00,-4.46588192442122,61.23087145990497,1,15.776606790997258,1.4493632357025787,1.9385460653465667,3.469167802113273,22.909435031534105,0
2026-03-22 07:00:00,-4.3597343392382575,63.298309033266754,12,16.777679675635532,1.4102315115322432,1.9952265605197033,3.7157144869505485,23.729022556027264,0
2026-03-22 08:00:00,-0.25200346004714635,74.07141901692367,0,13.035035014520705,1.3085290211742848,1.752977733217639,3.6789120896993857,19.766014591992075,0
2026-03-22 09:00:00,0.42640763294900275,64.12703242728838,6,13.899591255057405,1.2425256035173007,1.9741106751720179,3.3798467016150497,20.520326432108316,0
2026-03-22 10:00:00,-2.897160229095924,63.56710778244547,8,17.641432095772515,0.857232210824936,2.234815273019782,3.642096280475148,24.486857054003636,0
2026-03-22 11:00:00,0.06418083116340301,67.26195214461247,0,13.704507566953252,0.7830743354016481,2.5358182173077335,3.3717498108164485,20.887972573564216,0
2026-03-22 12:00:00,-0.16091301424638083,69.16447916483347,0,13.365451374145815,0.8874866760548036,1.8899148937127221,3.3208438534414944,19.38272922354617,0
2026-03-22 13:00:00,3.8551210368860236,56.679961796765895,3,11.323300810865675,1.6444756768227156,2.191999855016562,3.522916162423144,18.600181432551793,0
2026-03-22 14:00:00,-0.5197548023215606,64.70645585346075,0,12.766233819556088,1.4768417558921556,1.5188431122681085,4.019537634326897,19.737627545852135,0
2026-03-22 15:00:00,4.383343568469618,65.27185273895014,0,12.256831359219188,0.7220428528356112,1.9004653885020057,3.7163081929537367,18.3600941177091,0
2026-03-22 16:00:00,1.2499015545600969,55.100850958320805,10,13.51536358443243,1.2986868903956699,2.22633845190643,3.8488156065485506,20.458664115619744,0
2026-03-22 17:00:00,-1.2250010581998774,63.99282353820674,5,13.686382288717649,1.0490875000365456,2.0883452183187607,3.7112624807785544,20.568518263794683,0
2026-03-22 18:00:00,-1.1259524143224175,57.158126392437524,1,13.514997768204,1.063714811244761,2.147025506889495,3.6348165076454237,20.49237380533762,0
2026-03-22 19:00:00,-2.181471672954187,58.73462077315477,3,15.022479473632492,0.9663850133667207,1.7398947718888802,3.7463087425101516,21.475681115840345,0
2026-03-22 20:00:00,-3.8914375849330045,62.53997772381793,5,16.817630113931934,1.6819920679821974,1.8958795537962236,3.5240642947006227,23.903889422865042,0
2026-03-22 21:00:00,-2.4692472978238293,67.71465270064469,7,14.396371505748242,1.2193827120942275,1.9661133988231532,3.6985771925096165,21.055762312744157,0
2026-03-22 22:00:00,-5.562042737682777,65.23939628143327,0,17.756712261349747,1.1756548816104457,1.572426160466859,3.776564671863725,24.344458585768358,0
2026-03-22 23:00:00,-7.906082590514481,65.03905319307543,11,18.537221060932875,1.376490372146663,2.482955853758127,3.748913258301467,26.18804534211869,0
2026-03-23 00:00:00,-5.125793127723497,67.15367222574237,10,16.218765306073955,0.9202804387636431,2.18620813360482,3.8264169947555002,23.270393832886313,0
2026-03-23 01:00:00,-7.894850139958207,62.03936123537007,6,18.054860739917377,1.2459937942441848,2.8040803636103586,3.6513900239442996,25.837243921281036,0
2026-03-23 02:00:00,-6.227927689750853,70.2437650743166,0,18.651041161759263,1.4718108876253946,3.005623220037375,3.85381209777458,27.080741449681042,0
2026-03-23 03:00:00,-6.375469516673512,74.569922709255,0,16.227201650434367,1.615441844918247,1.5444259716657094,3.568765236927406,23.28553003523577,0
2026-03-23 04:00:00,-5.961410449725488,66.99583359136604,0,16.512103696083866,0.6982647612981951,1.9323012861921125,3.917653864501323,23.203372867006355,0
2026-03-23 05:00:00,-0.5224906754857228,62.175974046813046,2,14.775111459489658,0.6044895669139451,2.377103409224857,3.6940411133591233,21.570897984472513,0
2026-03-23 06:00:00,-3.1033545498477975,67.56815803167926,0,15.613111273674631,1.1217471030145327,1.68041292208921,3.542408061625987,21.522051510431968,0
2026-03-23 07:00:00,-1.9379901566028261,52.282676104462844,21,14.866041636223196,6.666215651507263,2.50752398731242,3.5071304723805783,27.810285966563832,0
2026-03-23 08:00:00,-4.469131317817969,69.57275322795067,52,18.823930753426282,6.961858758999291,5.442177990159141,3.686801345039416,34.84030507376846,0
2026-03-23 09:00:00,-1.655124883360013,82.85265848498919,72,17.92980901888415,7.434103626627931,6.068770782212341,3.7440957500615153,35.19658194291446,0
2026-03-23 10:00:00,0.6667602568645019,61.763872480663295,86,16.528391585833056,6.971912842682718,6.6734107038378765,3.930692119042823,33.78618186868675,0
2026-03-23 11:00:00,-0.7160796318352631,62.82230952157846,102,17.13540891639764,7.535804380505502,8.062735080058923,3.8169062496430204,37.07332300791729,0
2026-03-23 12:00:00,3.125541533190042,65.11748585070556,118,15.59054221488229,7.255360692972485,8.636604928220681,4.265913767304088,35.12986767545568,0
2026-03-23 13:00:00,-0.11309801805608055,72.95681952272983,119,18.098337702711245,7.9921291827639145,8.323429233817732,4.09260843116065,38.878532663085736,0
2026-03-23 14:00:00,1.5639233549931333,67.67686455035995,119,15.848381205133279,7.284523195704855,7.905516110410915,4.086522451828655,35.23123310472229,0
2026-03-23 15:00:00,0.935198390017221,49.36495993598578,110,18.0098128386965,8.346431595644168,7.628000715009057,3.865191975625408,37.3731136770426,0
2026-03-23 16:00:00,1.8611798201587246,64.98450816085744,97,17.31568297524861,8.190187513768127,7.677170442402331,3.8726443444614107,37.564784620317326,0
2026-03-23 17:00:00,-0.06321360203737592,78.47899107297808,62,15.657900009309463,7.065225222221618,5.516938544664477,3.514944898238198,31.883450046066528,0
2026-03-23 18:00:00,-0.15977338005666192,66.85447631559929,46,15.627552154377508,6.198599412312725,4.246000021280047,4.026670771071619,29.509243241706216,0
2026-03-23 19:00:00,-0.9448087121998201,56.780995054519366,16,15.696630687355357,6.319499428869612,3.474953437522951,3.451342503436021,28.836811896080235,0
2026-03-23 20:00:00,-2.6977134016012796,66.71426279771264,1,16.804122443782894,1.7686963954613297,1.7842504211241348,3.4027144385401225,23.8934123882089,0
2026-03-23 21:00:00,-1.5304612954497994,56.46372246354094,7,16.018252619753444,1.3925074248904246,2.629383082329021,3.839976008810807,24.30842859774544,0
2026-03-23 22:00:00,-2.793993976812444,72.4923176182225,8,14.15208649586418,1.658744396671822,2.339017571279031,3.690134698822961,21.737671125663187,0
2026-03-23 23:00:00,-4.074771655119368,60.320783213171964,10,16.100924609307217,1.1101921409063231,3.2198288668402375,3.6581105181190123,23.427328431156887,0
2026-03-24 00:00:00,-4.936953404558804,67.14817686157123,5,17.078983575830684,0.8850764832583159,2.4138704691775974,3.671040271308808,24.413725954120046,0
2026-03-24 01:00:00,-3.2007008645556834,60.25384563646568,1,15.136032663920753,1.093198296793073,1.8757717665458777,3.7470850559891753,21.976638322923773,0
2026-03-24 02:00:00,-5.075003538912049,63.52756430889609,0,18.00971544860128,0.6,1.7195393345549221,3.6149812975115463,23.38609759900031,0
2026-03-24 03:00:00,-5.076211105743772,75.7240622044708,0,17.887702579573496,1.8924309964598807,1.793082374522019,3.3684697883973262,25.02735977511959,0
2026-03-24 04:00:00,-4.027201186863661,66.64114387950993,10,15.67303257537394,1.3288775162681725,2.0235712279859466,3.749978480856333,22.887601419284838,0
2026-03-24 05:00:00,-0.7647616975304099,60.218356430793484,0,13.95364176864306,1.4033705340284528,1.1849835881076227,3.663351581496493,20.12416839392493,0
2026-03-24 06:00:00,-5.2026908780639864,60.030650333227655,5,16.2329174003254,1.0284720150613278,2.2139309255491306,3.795733002118068,23.06423265300368,0
2026-03-24 07:00:00,-0.7711952640926596,52.34818752967288,22,14.701190497888808,5.7559197705496,2.769916668986031,3.5006351704786773,26.57522927632057,0
2026-03-24 08:00:00,-4.392476298532719,58.78667342276342,37,17.302290373682272,7.065035190738307,3.5937211520595755,3.6385987153621495,31.51830698259474,0
2026-03-24 09:00:00,0.1011457024195434,63.595896171851614,63,16.54974182439415,6.64056490155318,5.2250218935536905,3.910813332707128,32.41482205621717,0
2026-03-24 10:00:00,3.2535554825069024,66.4412360004558,99,14.507166089158927,7.804093567249235,7.268500547278771,3.85432326501871,33.63117345076328,0
2026-03-24 11:00:00,2.131524901319398,58.039247369477245,108,14.090315873270137,7.999079683961809,7.743319205213208,3.6790736245641353,32.974830516487536,0
2026-03-24 12:00:00,2.1470662223352432,70.81296193756266,113,15.066067125257703,7.9598829562876094,8.797232908313802,4.081599586810531,35.96877553137519,0
2026-03-24 13:00:00,1.2538909706185706,57.75457923866671,119,16.255101946875847,7.76739551733623,8.643070760560132,4.210251144965036,36.99780598983483,0
2026-03-24 14:00:00,2.378694916402602,59.787908475418774,123,16.04080367728883,8.06162871704082,9.51351701024863,4.0726602268587655,37.73089497661964,0
2026-03-24 15:00:00,1.7781482813980933,55.18892846692792,112,16.67841351728128,7.583482210885167,7.762454333560968,4.130220269088168,36.05335640090369,0
2026-03-24 16:00:00,0.5208433553342917,68.55393789090643,81,15.309075729483023,7.641212192395629,6.6076742894077105,3.9845051271476826,33.89741993598667,0
2026-03-24 17:00:00,0.8079998634176977,74.97906378670413,79,14.967479607009789,7.5220414246243745,5.972464356716564,3.9175743036394044,32.715660340938065,0
2026-03-24 18:00:00,0.913162648637007,51.74422624790506,50,14.116807729668848,6.7925091484157365,4.297490663933798,3.820394473504563,28.93564886545511,0
2026-03-24 19:00:00,-1.5724876830712047,62.10239335049521,17,14.254519655253475,6.00707698490674,3.7004941818828665,3.870370716799435,27.811692041651234,0
2026-03-24 20:00:00,-2.5447644195919024,72.49725239699413,0,14.672368367926786,1.8375612649237059,1.4543332787721077,3.4553624135409557,21.612585386236628,0
2026-03-24 21:00:00,-4.392365826193458,57.61260124109148,8,15.989742262476154,0.7882776048463325,1.2357196985498355,3.7479567218436487,22.082353286403308,0
2026-03-24 22:00:00,-2.2598527800768156,68.09499302688413,5,15.676960066023602,0.6493854160987054,1.7564228108758158,3.4428683362022725,21.321755751726638,0
2026-03-24 23:00:00,-2.7219095132368523,72.37026533617308,0,14.427084009621675,1.071297906780192,0.8962543522136831,3.4807829681002165,19.61386946188362,0
2026-03-25 00:00:00,-3.5364273292063384,66.12169338304577,1,15.44005054827586,1.027683435700183,1.4269039745176741,3.7833875972089674,21.746566022641733,0
2026-03-25 01:00:00,-2.6391117255358894,68.28091221979271,21,15.469666656877399,1.8621538591640339,2.568600380617491,3.5025252907128737,23.122051358998352,0
2026-03-25 02:00:00,-4.249786188125646,76.75275395785988,2,16.821983969942927,1.3621407592313355,1.9258767941831978,3.571761312838393,23.195513462850176,0
2026-03-25 03:00:00,-3.6134829696528348,77.4006715518465,0,15.61239670158448,1.110333955443714,0.8776815177238263,3.9542020658290964,21.34952025553823,0
2026-03-25 04:00:00,-3.4137264608245603,65.18849156741152,0,16.460518725997602,1.2751182239868157,2.3381785017365093,3.7538325990466452,23.931938955048633,0
2026-03-25 05:00:00,-3.529652938326752,62.45297260794966,13,15.220302563425667,1.5027580118873805,1.670903831466438,3.541424205559381,22.32379118816249,0
2026-03-25 06:00:00,-3.5515582789832822,60.14378804279528,7,15.905410515062448,1.9622448520636828,2.1275121298057535,3.543126212495962,23.361102543641206,0
2026-03-25 07:00:00,1.9590316178245442,67.39251118920387,26,12.95304884803782,6.456677186673402,3.084130335055559,3.678482580772468,26.141272339384706,0
2026-03-25 08:00:00,-1.6674778369138465,56.01995503093957,46,15.236300267101544,6.489623003562178,4.701407661955582,3.9807916346558714,30.44700883084211,0
2026-03-25 09:00:00,-1.1252866222088014,62.328520738709386,77,16.933657408093058,7.355475384939874,6.193194473705319,3.7577529285511426,34.077930352355594,0
2026-03-25 10:00:00,1.5886555287022994,62.42464697920007,85,17.079921999940844,6.513462205355415,7.009092814567342,3.7806746587197546,34.201360713415525,0
2026-03-25 11:00:00,2.0038650689915425,58.479086121943816,107,15.540431217644,7.814573360502874,7.522346018609888,4.135002958531914,35.096099792952714,0
2026-03-25 12:00:00,-0.2562178888549034,64.87108500675592,118,17.81664239006563,8.406543864887096,8.080863971649372,3.819829454908345,37.8245217789021,0
2026-03-25 13:00:00,4.390132253607212,75.09448071955114,128,14.523937997233775,8.414764441604648,9.025755943273932,3.9753384271023386,35.747943373741265,0
2026-03-25 14:00:00,2.440708050740701,60.43987741986522,118,15.187007113047184,8.128494615275986,8.753140845787513,4.059236652763658,36.07723225693864,0
2026-03-25 15:00:00,0.5929963589821317,59.94281896619906,103,16.271260248316043,7.981233704449673,7.8362810932369245,4.00692696820326,36.17631730472498,0
2026-03-25 16:00:00,4.152860736484239,65.97734539392793,91,14.056354363535796,7.924139790707201,6.949816396060417,3.7593070154653114,32.31080592130219,0
2026-03-25 17:00:00,2.639361034703496,62.457981088845514,59,13.849704167127054,7.460831692554366,5.1496981260205095,3.889061059870097,30.316590831953818,0
2026-03-25 18:00:00,-1.2988825574743363,72.610176545374,30,15.262531871271735,6.596609565101311,3.433669894289789,3.803064754189897,28.77316215169763,0
2026-03-25 19:00:00,3.027916315134073,61.71718848256776,23,11.37014242465954,6.203360997920558,3.2494685740168716,3.592626601094344,24.24454839832383,0
2026-03-25 20:00:00,0.22079435505964584,61.343864985879065,0,13.011182304859828,0.6,2.7157205000156437,3.8491135967049677,20.373173066878813,0
2026-03-25 21:00:00,-1.8223612255842834,53.66442159062088,0,15.098376289561823,1.4423606994527052,1.6908419782994046,3.6509409102521597,21.864058498169637,0
2026-03-25 22:00:00,0.054210798394143556,53.24093373833395,7,12.766961678615765,1.406320879761366,2.0209794273630606,3.477271154024368,20.088800659057128,0
2026-03-25 23:00:00,-3.1032286728054084,54.31322936204145,10,15.505756074351078,1.3334308206305303,2.1515248603210715,3.883117081942426,22.855779456642118,0
2026-03-26 00:00:00,-3.7033933611232466,68.05358001854788,5,16.19724315740194,0.9491819766820171,2.2502177411550868,3.5415013422099477,23.18014742314207,0
2026-03-26 01:00:00,-5.127813809449976,58.67236347788273,14,16.47831847186205,1.6898032011691946,1.6152146289063718,3.6828310196483915,23.66486099869668,0
2026-03-26 02:00:00,-3.135417473378823,72.88502730055042,5,15.906761651488397,1.099967250960154,2.0142222335895488,3.5469828165200856,22.5646288830128,0
2026-03-26 03:00:00,-3.195078567761829,65.57778831495709,4,14.416244545793834,1.1599522611339057,2.4162910830624895,3.709622964930661,21.373197691284577,0
2026-03-26 04:00:00,-3.6306958956338824,64.25790040711539,3,16.561563277813416,1.134403993791115,1.7281961427620012,3.5397707568294057,22.937652616528087,0
2026-03-26 05:00:00,-4.442413755928698,61.2686798657205,0,16.5092405649136,1.2574481013579244,1.8840170834162313,3.536871552818445,23.054384631765682,0
2026-03-26 06:00:00,-2.1536824681185305,68.34881434071013,8,15.213668154316322,0.8419787961394549,3.1892009584879064,3.6080033536973137,22.709996526019303,0
2026-03-26 07:00:00,-1.6490878138553133,59.40982894313702,3,15.601325353080753,6.150893151667572,2.1142199437404345,3.5367074617484975,27.44210115781574,0
2026-03-26 08:00:00,-2.8914695620489983,59.256334147117464,41,16.488573098599126,6.38568907511719,3.0473480204208068,3.9247721882676965,29.48398964813623,0
2026-03-26 09:00:00,-2.220777559593149,71.79568269332695,69,16.84876609459449,6.901968702585296,4.9605520350492105,3.687331008581412,32.18015683727925,0
2026-03-26 10:00:00,2.0861975237757515,63.56307882181832,85,16.50304086348786,7.7398340166452115,6.3620485368598825,3.9344278485567616,34.28633513197322,0
2026-03-26 11:00:00,-2.5728996216358113,63.520098146737226,104,20.244894422336607,7.42374003861655,7.158278341304454,4.029419760384654,38.792776419450405,0
2026-03-26 12:00:00,2.755723588878821,64.78180521674318,128,15.966930153556072,8.513204840353664,8.886522442610287,4.093304857710915,37.26792196469555,0
2026-03-26 13:00:00,1.943435973629381,61.59601425844215,127,16.866812545608706,8.221478353648116,8.652440789973205,4.253244793510005,37.81836929057424,0
2026-03-26 14:00:00,5.099456011494991,61.47348689408886,112,15.43834954794207,7.339103137895475,8.484732189774085,3.8224078008745126,35.118458530043185,0
2026-03-26 15:00:00,1.9172812162492938,56.6609516735603,104,16.105460893126793,8.249566548076276,7.028900848770554,4.1011875865332446,35.37369465842273,0
2026-03-26 16:00:00,3.5276488572729026,72.77665501050906,82,14.939634469772102,7.4845888045422235,6.216625278020423,3.7412571627987075,32.38330728685394,0
2026-03-26 17:00:00,1.1755569838478142,58.640612456056786,73,16.137499827358976,7.351944053061455,5.912766319273834,3.815683522069988,32.93896919294697,0
2026-03-26 18:00:00,1.3188086407255872,71.34699148115567,43,13.930247327933921,7.026534808704666,4.3185104995758845,3.569846478123779,28.638033542822065,0
2026-03-26 19:00:00,1.5339255402220542,60.7163427490066,6,13.295742917391419,6.532727260596454,2.1960623663601018,3.5741863237095153,26.10892597978482,0
2026-03-26 20:00:00,-1.4109079379526421,68.90076364739426,3,14.558372448404585,1.2243594136756446,0.8799269594888459,3.5252683086030028,20.013575942424612,0
2026-03-26 21:00:00,0.1637134255876076,67.28255592496612,5,12.746551338444176,1.406050562873624,2.1124814351036294,3.865740769621104,19.604217003809993,0
2026-03-26 22:00:00,-4.063849611281877,72.92899773936168,8,15.485310657400769,1.3739150757160992,2.172160532206135,3.66820496041267,22.78512327894357,0
2026-03-26 23:00:00,-2.5986291220045272,59.905229598518524,2,14.695271351245532,1.0159963026544123,2.2988493888107855,3.6739679030218855,21.50709269440203,0
2026-03-27 00:00:00,-1.8129742253472283,70.81354307668359,0,15.434340931343478,0.6,2.125336638856232,3.4338744648850485,21.65451376013808,0
2026-03-27 01:00:00,-2.609049496809212,76.03542622807555,14,26.890517885575775,1.427222720686473,2.678380029946992,3.7670115669264366,34.740748454979716,1
2026-03-27 02:00:00,-0.592416550390845,61.89215453734199,2,24.00883584455594,1.6186282407255947,2.050923857782591,3.8537338970564208,31.669590900144637,1
2026-03-27 03:00:00,-5.0289600722809045,66.97995645706341,6,28.048153262550464,1.41216653717518,2.73857239465335,3.7544863752849325,35.9284728678487,1
2026-03-27 04:00:00,-5.726015481379177,64.15383175615345,0,17.291350024925073,0.7264018831582455,2.317633248193061,3.403198113747199,23.681945204181492,0
2026-03-27 05:00:00,-4.515616259435661,64.30809468146614,6,16.69110579011655,1.5921325269757172,2.2538994010175224,3.554378722081288,24.3784965471577,0
2026-03-27 06:00:00,-0.9776204777086994,74.00175215187647,0,14.533097521408354,0.991685551850281,2.765438229431702,3.6162735166642275,21.351959276391835,0
2026-03-27 07:00:00,-0.4097705104419215,57.28192072605022,15,14.782956962987674,5.437790944626748,2.342311653949353,3.573425523627827,25.805113155631307,0
2026-03-27 08:00:00,-0.17653651944043566,57.4796894584757,37,13.913853448693546,6.922266335313883,3.3015506013580476,4.12794862798912,28.0593452826272,0
2026-03-27 09:00:00,-1.3535331664643406,73.68055549333452,65,16.067851519793926,6.739116781567411,5.370122896900267,3.787658535385718,31.541538756545286,0
2026-03-27 10:00:00,2.7033015578183606,64.7198143869664,98,14.678947796879717,8.287254930591269,7.0217855620433065,3.9854972973918215,33.853638880008646,0
2026-03-27 11:00:00,0.04250277130595492,75.69034441577568,103,18.106064398765753,8.155720690209098,6.3555964107393565,3.921965801873611,36.39482734352702,0
2026-03-27 12:00:00,4.650930362445222,56.80917040121096,121,16.500740472648662,7.998270254217894,8.161428635503876,4.118752557076766,37.02286696239437,0
2026-03-27 13:00:00,7.888012870508467,57.84167717054407,129,11.84471419877535,8.382775946014062,9.049613319212147,4.323352502403324,33.57838796652028,0
2026-03-27 14:00:00,3.7725941083305936,56.20649275612123,116,16.763747106665583,8.836371497979286,8.153887514410092,4.081228317916564,37.78198161334624,0
2026-03-27 15:00:00,4.02165138178886,60.84356847554453,112,15.296819297387682,8.266002463242945,7.610592364737599,4.015148011782647,35.09360250547015,0
2026-03-27 16:00:00,1.8428544652820424,50.97327896733265,93,16.63632026546338,7.657370008674606,6.934046483800232,3.810913433063117,34.775651227646414,0
2026-03-27 17:00:00,-0.9528617525357141,67.82437365433184,70,17.04783354013863,8.171203897972195,5.7053826156594125,4.061325455255107,35.208443982694284,0
2026-03-27 18:00:00,0.3750042420075794,64.65959131944834,49,16.28981358251554,6.823153353834771,4.816783472737604,3.7744459092879272,32.00671556163017,0
2026-03-27 19:00:00,-1.3024280928500929,63.63149309484205,29,15.57820224053905,6.625635186607593,3.106324709512133,3.687995557299045,28.695116193791907,0
2026-03-27 20:00:00,-2.8102806207465685,62.76552451796194,0,14.179199192982674,0.7723253838292594,2.1932355557324055,3.2491594229026752,20.798933518823674,0
2026-03-27 21:00:00,1.6717724026927385,56.37764677377185,0,12.585832099419642,0.6,1.309210661583295,3.5809175098694817,17.90821462550658,0
2026-03-27 22:00:00,-1.6365065601972273,68.5936573923445,0,15.001698641799836,0.9992691978180762,1.5734803863601452,3.5398342533951506,20.9261533245751,0
2026-03-27 23:00:00,-2.179777687950185,57.608293351742205,8,15.01150217778362,1.2574428295289815,3.00454694072032,3.358099338444046,22.749789704402072,0
2026-03-28 00:00:00,-3.6330982156895164,68.79619913406259,9,16.588382342822054,1.3772422545434506,1.834255004581267,3.7844417145316744,23.724832351487052,0
2026-03-28 01:00:00,-3.751292513775937,78.2601777541887,0,15.763191747077688,0.6030801336290136,1.5035547093161377,3.5197136371159594,21.371724195844223,0
2026-03-28 02:00:00,-1.9369351218034898,73.3658302732184,0,14.287014915354126,1.3312360127412817,1.2361000227325567,3.884335331656497,20.65211509665491,0
2026-03-28 03:00:00,-3.512384775403962,56.60352092552905,0,14.808400463085066,0.8093650665847132,1.4277301275096421,3.812166230953359,21.150750108873552,0
2026-03-28 04:00:00,-2.2055805002138467,61.43375701310056,5,14.780784384097355,1.4030570257880453,2.137263421112946,3.5120144583874344,21.67729447117152,0
2026-03-28 05:00:00,-2.8847523220997995,67.69226868490688,2,15.546813666578146,1.463224268995278,2.2279440317793275,3.813397047840641,23.03418674919429,0
2026-03-28 06:00:00,-2.408331195854837,64.38455686480502,3,13.574318650191046,1.0155718184815798,1.9566128399165974,3.8535813291718855,20.82353150526374,0
2026-03-28 07:00:00,-3.3742920209923444,57.134284706049726,0,14.973028243603538,0.7626633737063403,1.6538895678507004,3.5161446666717167,20.571455035092168,0
2026-03-28 08:00:00,-3.4388446876344743,67.89102922456681,8,14.317176283008475,1.7842772610842697,1.6807517512460124,3.477100983582384,21.144643897152672,0
2026-03-28 09:00:00,0.38454014443558276,62.65149352097552,4,13.06330683304493,1.4775192330047187,1.6927912951681248,3.2926967981457365,19.782597974819897,0
2026-03-28 10:00:00,1.7693730947781385,73.15892263053908,6,13.781615392458459,1.2611917168465927,1.4342838905755717,3.68106623986346,20.29015725012534,0
2026-03-28 11:00:00,0.21178139013761488,61.32179174169211,3,12.673273688337115,1.6679497172879487,2.2964518311980426,3.4660011191260094,20.327180753425523,0
2026-03-28 12:00:00,2.895810361076302,67.83616254115232,5,12.697957787264809,1.21914160339143,2.4377329393912457,3.681573939128469,19.705685191108117,0
2026-03-28 13:00:00,3.395448467485236,52.850883230606215,5,14.12469999070842,0.9728224764318723,2.0567985803008044,3.534822352301237,20.769422154370062,0
2026-03-28 14:00:00,-0.24188489191130103,57.01335788155443,0,14.943123742314436,0.7494042774695342,1.9986529427480715,3.4830402613417064,21.10291955112653,0
2026-03-28 15:00:00,1.7483571892862304,66.01870386689227,4,12.872763534526957,1.134270302626225,2.414304658006253,3.531776314345197,20.52121905192173,0
2026-03-28 16:00:00,3.6467662509854755,66.76730999540514,7,12.45662313906561,1.4961021672935575,2.2305439994571428,3.433027462079766,19.818641219417334,0
2026-03-28 17:00:00,3.056202292515324,54.96349192416715,9,11.086656428391677,1.7484157252877364,2.9221248077965916,3.551707007943361,19.303324316501854,0
2026-03-28 18:00:00,-0.28791863948995,63.36040341852093,4,12.688261088175727,1.1802285756120663,1.5592932866912357,3.50550809966438,19.004765674290066,0
2026-03-28 19:00:00,1.0985570620980163,53.88660716225202,0,13.025795391246664,1.5245937247774872,1.6430983973774476,3.597876654246779,19.804936106214424,0
2026-03-28 20:00:00,1.6614210015024462,60.66661529104029,0,12.99526426990331,1.0250056989742893,1.5895160243785755,3.615638712927801,19.400178458135372,0
2026-03-28 21:00:00,0.3384860908153473,67.76767214563324,0,14.31920149472649,0.8264406934704511,2.091257142313279,3.4393237368391683,20.46214792379255,0
2026-03-28 22:00:00,-1.9886571195340446,61.88174184483366,3,14.443411416208692,0.6967903681698642,1.3196364018032651,3.7771207785914918,20.578263299731805,0
2026-03-28 23:00:00,-3.3471047484145684,64.01612032564812,1,15.771037141569767,0.9408160131803469,2.5065885732015483,3.580064704931266,22.46732461027031,0
2026-03-29 00:00:00,-3.9045141828019565,59.14961324732516,0,16.031907471267516,0.6559699003926209,2.052798471222774,3.8253659024936,22.617302701761744,0
2026-03-29 01:00:00,-2.3889864072530855,60.90158932369026,0,14.920496831745616,1.8033290709165701,2.5876325126780872,3.6361623451479113,22.741550810396784,0
2026-03-29 02:00:00,-2.9718628918448537,75.77756266616967,0,15.305700576362815,1.253753749208271,1.7817429539768768,3.6103656058280795,21.962269750162026,0
2026-03-29 03:00:00,-2.114293227825762,65.02326927117213,0,14.182526470027293,1.066534802792491,1.5523563154573097,3.5263532849210497,20.574775559190783,0
2026-03-29 04:00:00,-2.61044307712734,58.94398570794192,1,15.412822911441827,1.720700616820951,2.150697740392433,3.696225908810638,22.552360822238565,0
2026-03-29 05:00:00,-0.8865146647500284,61.77625429905457,16,14.87021848971108,0.9322064208599734,3.1437542850614233,3.6690350126742524,22.572844630208987,0
2026-03-29 06:00:00,-1.392732340159673,54.45998352812039,13,14.550775344527782,1.2860000074364897,2.193510621787806,3.780769856368448,21.45111658148041,0
2026-03-29 07:00:00,0.6245645133772808,56.44661846212576,0,13.81037199506003,1.7998858272356515,0.9010815715873559,3.840699359633769,20.282193131791555,0
2026-03-29 08:00:00,1.6768590634355225,69.90439413670208,3,13.594687013953232,1.1035858226463666,1.1431805736475762,3.5029720697729796,18.983827185319047,0
2026-03-29 09:00:00,-0.265368259711124,62.344131648463716,0,14.335814627412823,1.9563848224415847,1.9176232166311413,3.692019536750688,21.94228863288395,0
2026-03-29 10:00:00,-1.1273845258680317,75.18991945100827,0,13.459928368954877,1.3749616938045386,2.4930852245425896,3.6877674264623166,20.909200238772804,0
2026-03-29 11:00:00,5.295271943189893,58.456459011631246,0,10.648458886439455,1.5570740680212816,1.214622600273894,3.6687167862388264,17.275652975420073,0
2026-03-29 12:00:00,3.6638691092686164,60.03622599089957,1,10.820810666333442,1.5852131882092049,1.7324351455481095,3.539020123045825,17.984618650888077,0
2026-03-29 13:00:00,0.662574723480569,66.3484339086423,1,13.367950457421138,1.1185608610868132,1.6981977014956267,3.542055040687709,19.729426087802537,0
2026-03-29 14:00:00,2.482967208540428,45.10224910027827,4,11.61384966143062,1.0011259173915483,2.8842394302511827,3.5284176744551488,19.25104642988424,0
2026-03-29 15:00:00,4.889387042852683,60.56259565978194,6,12.035886185029273,1.1675958880418555,3.146413088889335,3.53344244084714,20.228952263673435,0
2026-03-29 16:00:00,2.752098654131854,60.642007081035395,0,12.670447955819398,0.7545736238402307,1.9910037097271696,3.4739813301071316,18.659480853926397,0
2026-03-29 17:00:00,1.8008296751226367,70.56561110474891,2,13.587910232702784,1.1129129908695723,2.3141001651146675,3.5923254071372654,20.96599518723179,0
2026-03-29 18:00:00,4.327959516344279,65.54210672772349,0,11.971161152676714,1.0984578827642637,2.1915895474424385,3.4863272469033144,18.73830104904906,0
2026-03-29 19:00:00,-0.6780611371814178,56.70639573960526,0,13.81679569030629,1.6912322483617213,1.223855293663946,3.665346554076907,20.152635616938394,0
2026-03-29 20:00:00,-1.1604003543709807,71.32313197754371,0,13.972544410713228,1.3076464987546172,2.11433535694614,3.6085431134240316,21.077684976802356,0
2026-03-29 21:00:00,-0.35004929646453153,61.68864981886243,6,15.446407654909553,2.0349161452254054,1.6711770879149588,3.6493683866830935,22.783845491537928,0
2026-03-29 22:00:00,-0.8897662616961628,58.240605338495854,0,14.023968711645843,0.6,1.7228088769605225,3.5589766314386133,19.554001268576744,0
2026-03-29 23:00:00,-1.4346302219614349,65.25859217169828,0,13.388421014760034,0.6740347049895202,2.312881670287409,3.6103347440450606,19.71040975950512,0
2026-03-30 00:00:00,-1.0130431068498273,62.54316619615446,2,15.103538388905559,1.0116291353171218,1.946419996613085,3.5709016282698713,22.041817731755625,0
2026-03-30 01:00:00,-2.5742156062246617,74.16145358883963,0,15.24806558622128,1.622373062404972,2.2961233984771674,3.716931461965195,22.953137223187056,0
2026-03-30 02:00:00,-2.199106173176206,66.69306180082943,12,16.540236879625382,1.2776479799008285,3.0446685488948546,3.5816416081076863,24.814643578316613,0
2026-03-30 03:00:00,-3.3524550022188815,66.7482947769802,0,15.77879964367163,0.6,1.0093798371018625,3.6563286703104074,20.94036486564514,0
2026-03-30 04:00:00,-2.4555606671146224,70.24555299746861,6,15.25822399704911,1.1222064473478632,1.1500360967037169,3.4280443584375293,20.75810364693607,0
2026-03-30 05:00:00,-1.8231244974332386,70.92457308163121,9,16.23330885553103,0.8428406097857801,2.8179416046740027,3.742811224790778,23.21607364899541,0
2026-03-30 06:00:00,-0.9153920384791396,68.38817459464315,0,12.940154306288314,0.6122309811475682,2.3410833164847906,3.516110866499959,19.651573698255053,0
2026-03-30 07:00:00,0.8763921456603694,70.85948672764444,18,13.29340271183458,6.923589736178865,2.905467577336377,3.5351592903286524,26.76027738604837,0
2026-03-30 08:00:00,1.4126887899347116,65.5925778850317,48,13.790750124353698,6.640936896661772,4.616497207621709,3.6211800549666444,28.567477978170146,0
2026-03-30 09:00:00,1.4499766934176326,62.91842626829698,70,13.492949694959144,7.22060350198088,6.051871464137241,3.697311783010557,30.2645715542088,0
2026-03-30 10:00:00,0.8434269562287307,69.80246215535662,92,17.06935350780062,7.5234652784911695,7.253484010108335,3.8957793001812218,36.02379949509,0
2026-03-30 11:00:00,3.058856003488021,60.16048115689115,98,14.849928786790596,7.575976531387043,7.053117207833573,4.216794154211016,33.6514963975531,0
2026-03-30 12:00:00,3.4523998095512693,60.610179240904515,120,16.56190254377752,7.7657686386993285,8.830132605902795,3.9835015714731203,37.09967280598387,0
2026-03-30 13:00:00,4.178090208322675,70.19589384753948,117,15.622976872160534,7.897277888539924,8.07908708336075,3.7366243226397975,35.18577349282791,0
2026-03-30 14:00:00,7.720034152767182,66.94151915315601,119,13.81309416469718,8.160032417483452,8.454597995374218,4.130819942983303,34.45667964735175,0
2026-03-30 15:00:00,2.9592677991201377,60.73149430911996,112,15.4793050918378,8.412522359222384,8.050010104981592,3.880861518615605,35.96022978327002,0
2026-03-30 16:00:00,4.217921376387146,57.115249503875944,94,13.872207086507418,7.9236024727939265,6.58325240561932,4.098221136834649,32.12317304435045,0
2026-03-30 17:00:00,4.760200379096721,68.20889071692845,71,13.435892480299678,6.7513265858907205,5.370655721205954,3.8208384861759406,29.398897585989545,0
2026-03-30 18:00:00,2.3855443845974493,66.0133518590432,48,14.671718803580015,7.109986346382812,10.602048860372243,3.750898797360908,36.37354907240611,1
2026-03-30 19:00:00,5.349144491080002,60.881629156874176,22,11.267190590786605,6.462403304034579,7.765351277072156,3.867596628078289,29.341352119330466,1
2026-03-30 20:00:00,-0.1737256653150112,61.199057987846594,11,13.564211827776873,1.0793476497852765,7.72818153581556,3.736659426615259,26.37195700515152,1
2026-03-30 21:00:00,0.11402615071375588,64.90465985925225,2,12.684650359467335,1.1997339836652992,7.327609495230542,3.4210434424490517,24.968187067218977,1
2026-03-30 22:00:00,-2.6390286356895696,64.84902071744096,3,15.438967020959012,1.3543005142774647,1.9406026689231453,3.447111211731585,22.406877002190527,0
2026-03-30 23:00:00,-2.6035246532680145,60.96661441251304,8,14.986790270952618,1.2604685317380064,2.5421704709134203,3.364470508960154,22.019585840269805,0
2026-03-31 00:00:00,-1.8672109586675758,65.17466219052409,0,14.665589886115404,1.2680851669548525,1.948042469732707,3.9904831443782083,21.86334107768677,0
2026-03-31 01:00:00,-1.201333179184957,65.49354415822636,0,14.145750218128349,0.7979671440766699,1.4083868033471814,3.470593907234363,19.909140619180395,0
2026-03-31 02:00:00,-2.2168484752562825,62.41026595492082,5,14.745227335901006,1.8874912154862797,2.3165677823623625,3.795471947709092,22.627320847342553,0
2026-03-31 03:00:00,-0.49955484123904625,68.79762026258639,1,14.199784656526255,0.6,1.6098821097650422,3.5241588151549292,19.808049061956336,0
2026-03-31 04:00:00,-2.4518396343494357,72.57187407962802,0,15.505670255237959,1.3022479281648496,2.5833011325006714,3.438021667913731,22.68841264652578,0
2026-03-31 05:00:00,-2.2988699279755833,70.54353860791416,5,16.720567713946465,1.3183672120536132,2.2681063747476884,3.623234116411499,24.566165567420978,0
2026-03-31 06:00:00,3.5874649892785992,58.651910946757084,11,12.55064447796602,1.5230301877081,2.0899309132616364,3.595000371703485,19.690833270844177,0
2026-03-31 07:00:00,0.5050276530962712,67.15615828530802,8,14.902029824783474,5.796070376923109,2.39403029927689,3.75228120241455,27.111580605596803,0
2026-03-31 08:00:00,-0.48242832125988944,63.82958962570516,51,15.049928129209347,7.22721895991657,4.188815502490671,3.9261575871871877,30.174769608357867,0
2026-03-31 09:00:00,0.4663085689407471,55.23579270189873,54,13.978785213432749,6.834206761412591,4.886000585997117,3.7274788471598583,29.851915167364698,0
2026-03-31 10:00:00,0.8881344522003622,66.3702754318362,88,16.193337813147664,7.068824771325523,6.53843599465007,3.736006837349205,33.44196355012362,0
2026-03-31 11:00:00,4.807731946013097,60.270990886231864,117,15.632937266631684,7.622816364103415,7.862907974222943,3.888425392477284,35.02033122423593,0
2026-03-31 12:00:00,3.1523378222306655,76.19703464574285,115,16.39757343763376,8.013646774093157,7.74725137245836,3.717631305505353,35.41792219677748,0
2026-03-31 13:00:00,4.337946907531406,68.49016499902281,121,16.32809605149304,7.5192174667884775,9.550720416173387,4.042831053761947,37.72001523314513,0
2026-03-31 14:00:00,4.132725560358584,64.1673567713382,121,13.448782887803855,8.708177094204848,8.49612652676576,4.082229947726394,35.06862141348454,0
2026-03-31 15:00:00,5.364967792414969,60.47129716341785,96,14.890700196306685,7.995122448189923,6.885717375916862,3.812575812248383,33.287297933339964,0
2026-03-31 16:00:00,2.332314262246343,62.23309783366335,91,15.740627829040834,8.17739551229785,6.532786630116168,3.774452333852725,34.51896336082733,0
2026-03-31 17:00:00,1.3870911546134315,55.937545212241275,69,14.015276454224196,7.744498221188115,5.807024746306163,3.8735874182406658,31.106064937599818,0
2026-03-31 18:00:00,2.871995729112351,50.41207983996627,56,14.51306555449788,6.784832737319443,4.592676784451033,3.7292068027210417,29.777798673866204,0
2026-03-31 19:00:00,2.66818774875229,55.76350453394639,11,12.613037167190043,5.793734688072439,1.9124219148978137,3.6120606567027917,23.859261983127016,0
2026-03-31 20:00:00,1.305995239169631,61.73420146160019,0,13.187506200144053,0.6,1.7854135213930946,3.5449162726531283,19.451899463285645,0
2026-03-31 21:00:00,-1.5412476904206382,51.52270009856157,0,15.333210980696261,0.9578180562874622,1.7820139098818997,3.6373095361074532,21.77265034991019,0
2026-03-31 22:00:00,0.14241453845901186,59.62725834251925,0,13.901619862438343,1.7179784995425833,1.612334259798107,3.5152081474153967,20.980007828796797,0
2026-03-31 23:00:00,-2.998747003311852,63.76338205373733,9,14.516013183145123,0.9722522698759785,1.8939184742521544,3.562688369555113,21.254311464201965,0
2026-04-01 00:00:00,-2.9060772518904803,63.88699861800512,2,15.281103790270151,1.0625276517976856,1.7340627796384278,3.325730182425856,21.330666524797437,0
2026-04-01 01:00:00,-3.9738340265472356,62.01003393078155,0,14.650707598716682,0.905900412820991,1.5886631860581018,3.5924501153910886,20.73049549677578,0
2026-04-01 02:00:00,-0.2764034497996408,61.15821970106133,0,14.319563505330905,1.2312483037627004,1.526236120920195,3.613303773359645,20.412556265577038,0
2026-04-01 03:00:00,-1.2922964147733385,74.31258527982317,0,15.507908113835768,1.5501296394750088,1.9244250307074138,3.5733450825633715,22.480801785535633,0
2026-04-01 04:00:00,-0.9909728170995435,67.71610130176828,0,13.221602663875874,0.6,2.8018025923384062,3.8867751060762763,20.99194860152927,0
2026-04-01 05:00:00,0.6570130392811566,59.14543555915023,0,12.721761428790998,0.6282784064292927,2.3992943266518143,3.6244168053537607,19.56269658719882,0
2026-04-01 06:00:00,4.043131079497736,59.55756496020492,0,10.589088516993577,1.6203170137460243,2.673863761179831,3.5765284348114523,18.198647841653873,0
2026-04-01 07:00:00,-2.79992367701418,64.93006274384703,16,15.460831515117556,6.444573406058134,2.424538910934682,3.7388717453289857,28.476676236669125,0
2026-04-01 08:00:00,-0.24361282999917666,58.574977020058476,40,15.511233967958617,6.52921680352804,4.7536097068620355,4.076929530650159,30.968240803617,0
2026-04-01 09:00:00,0.8699963722540391,57.732721414346344,70,15.230946806411728,7.757478966674244,5.752274117366126,3.917908456591386,32.86621446727077,0
2026-04-01 10:00:00,1.3152339994413293,68.07671862237927,92,16.619188418483247,7.078239889763534,7.303863571273893,3.6344774973866034,34.75840158071463,0
2026-04-01 11:00:00,1.6546095707185116,59.24033655686022,103,17.13763026504404,8.079924721916862,7.6709667811216695,4.0768087827961805,37.070270158565805,0
2026-04-01 12:00:00,3.5333060618433203,53.781842131432285,116,16.532089893194296,7.9641166618976,8.025529752705433,3.9321146860430107,35.95442253322031,0
2026-04-01 13:00:00,2.3241414335116577,60.9980518604496,133,16.05245309226752,8.506290342604514,9.43877392837272,3.8436287221289267,38.11788593058074,0
2026-04-01 14:00:00,5.08119938230551,59.89715898204561,129,16.316647513840984,7.386496760756154,9.113218749128313,4.370634187062073,36.62341334823428,0
2026-04-01 15:00:00,4.4802548959322905,47.803583482887774,100,15.714309988260261,7.608753824036978,6.504316075264197,4.222216975049258,34.30359391778195,0
2026-04-01 16:00:00,4.8604650008356565,59.1101731024701,85,15.038074244505053,7.68787885061273,6.4191440959990915,3.8042233718634817,32.97421221115746,0
2026-04-01 17:00:00,4.349639459429852,64.94565001151717,63,13.195957257756527,7.011834423561811,5.657581883960225,3.7172053321651344,29.79144496661641,0
2026-04-01 18:00:00,3.786739008317257,62.86732205689306,51,12.627217396527769,7.257354220480298,4.72983972593725,3.8280250817869628,28.482036643421463,0
2026-04-01 19:00:00,1.2826988227501306,75.41674657410724,16,12.668641729620857,6.615631752499276,2.8912619369490082,3.5312231737310262,25.967696575302394,0
2026-04-01 20:00:00,4.617571141969142,67.04347853739621,3,10.185384828398043,0.818502731172793,1.626859277784773,3.591738953451646,16.226522803981226,0
2026-04-01 21:00:00,0.5042935976526504,71.31538395026563,14,13.846862038693356,1.6403974279667883,2.6852947728821066,3.5490226966048946,21.791808606089553,0
2026-04-01 22:00:00,-3.9045967219702433,82.72896315696364,2,16.65294758393508,0.7885680699701161,1.8666458249640776,3.5479396528831084,22.95729115604562,0
2026-04-01 23:00:00,-3.1672851444635777,69.92440142899527,6,16.73227213657875,1.226905404404165,2.0384460444286012,3.413346720698062,23.880630875919117,0
2026-04-02 00:00:00,-4.708271996694915,67.50962524511739,5,16.15735206499317,1.4196448872576675,1.7693346073849812,3.744034749118153,23.24043507792153,0
2026-04-02 01:00:00,-2.0695995245566094,70.39464140400544,0,14.8094171105786,0.8076509740587965,2.2116880595984227,3.7805683559399736,21.280111289461367,0
2026-04-02 02:00:00,-2.42539688299276,61.463629061874606,8,15.243380149414644,1.5194241649475337,2.395460862280557,3.616969401623984,22.634239635113154,0
2026-04-02 03:00:00,-2.89539208054291,65.817661977377,0,14.811103206822775,0.9231254888468341,1.910046498722705,3.594563624418888,21.388339821721974,0
2026-04-02 04:00:00,1.669157475733246,57.86176603473019,10,13.610488287883213,1.0767558654056781,3.27285309812121,3.73437355279521,22.009407290105496,0
2026-04-02 05:00:00,-0.25993085032426033,65.58285548312048,0,14.081038490486652,1.3473278442389005,2.0132096262828583,3.6002851717258357,20.861317108661193,0
2026-04-02 06:00:00,0.7660392123566759,58.51401606261357,0,13.309155796928813,0.8074094697108036,2.3402235094395274,3.859434577325011,20.876192757486663,0
2026-04-02 07:00:00,-1.2070195894624909,59.78369369292656,11,15.011715713244982,5.787607585722918,2.527819772402494,3.446545571543431,26.817589594138415,0
2026-04-02 08:00:00,-0.4168743173648135,65.79349549665663,39,15.739148102437579,6.966404614010529,3.786076340394739,3.8851412939522763,30.481912201439265,0
2026-04-02 09:00:00,2.250108004221553,60.48615035215043,66,15.12928697285581,7.125995003173727,4.953388205260039,3.846869645234721,30.742021453009265,0
2026-04-02 10:00:00,3.325784135306691,48.9405350842195,76,13.700253236624633,6.759058176643848,6.088625557599001,3.7358181259483483,30.56262424226657,0
2026-04-02 11:00:00,0.6008160679562464,53.81604642116027,105,17.683589519579733,8.089474482435874,6.376429707919572,4.35706331143186,36.395110977762606,0
2026-04-02 12:00:00,4.006238972299235,53.11172182200679,113,15.475674290210891,7.791689568714794,8.137610184151036,4.409780055877371,35.62828339111041,0
2026-04-02 13:00:00,4.686334930794604,54.187417365220206,125,14.949232784154919,7.658945331153488,8.81692927684769,4.06881950938583,35.41462867173859,0
2026-04-02 14:00:00,4.415918416086988,62.17460116480659,119,15.431151071826484,7.164439746093426,8.247094589068816,4.1427088022063385,35.33108858710638,0
2026-04-02 15:00:00,3.279648688920296,61.853896565739596,102,15.583385741806271,8.052195003961344,7.368435137583579,3.9373220606239587,35.05777362490003,0
2026-04-02 16:00:00,3.3955511018775044,66.84501290378707,87,15.581007294642346,7.165028676860951,6.021973716873408,3.9014557736153277,32.44719415289851,0
2026-04-02 17:00:00,3.4558851029770703,64.92489711041783,68,13.178662137485155,6.688654330045525,6.163521629031827,3.7021251220322715,29.600368475708017,0
2026-04-02 18:00:00,3.186032038034988,67.0418937085697,53,14.707088900863063,7.077790990635097,4.563237069750714,3.619960671343033,30.32046927633744,0
2026-04-02 19:00:00,3.2156843460926963,64.23861388918522,13,12.248436164314096,6.416027058708099,2.077558264118485,3.9286224957884137,24.61154872912606,0
2026-04-02 20:00:00,3.1191275463143886,61.91873019481315,0,11.425983422538776,0.8245139504918799,2.0450974793550705,3.594184817424558,18.02988280958711,0
2026-04-02 21:00:00,-0.12458578995724023,69.68954979619386,0,13.282853278289492,1.4194242308620924,1.8498402485056502,3.607587739033714,20.360992755607327,0
2026-04-02 22:00:00,-1.2437935354982002,69.44932190206426,0,13.56030604391489,1.8192125223895947,1.638749346962584,3.478422267096647,19.641993265210733,0
2026-04-02 23:00:00,-0.4491870912466872,65.59346252375896,4,12.647796605917684,1.643332144839884,1.8111849855126518,3.6444955303409587,20.062907003631953,0
2026-04-03 00:00:00,-0.4419083472804357,70.95786248562118,3,14.543226745710017,1.5708699833189346,1.96246258826641,3.3864308742226297,21.249902319632557,0
2026-04-03 01:00:00,-2.5681369204851965,50.85137323534351,10,17.064228534218984,1.3899451927463855,2.9556171867409144,3.5239392156282934,24.843583091840127,0
2026-04-03 02:00:00,-0.6055868810908593,61.711411115975444,8,12.977148111964045,1.0886986280648772,2.4512958847189448,3.4520337932024185,20.354006245937427,0
2026-04-03 03:00:00,-0.16470110397993687,61.28878303407457,16,13.535184307564075,1.3684398814861356,2.66451627377163,3.8579326178083786,21.7878042546931,0
2026-04-03 04:00:00,0.7155222864408568,69.37945555005878,2,13.896263625180568,1.290259561281967,2.293595244074558,3.3602152454408007,20.96352865186328,0
2026-04-03 05:00:00,2.09901601533743,70.85410797020154,0,12.38606118416715,0.659870814470785,1.812389351007709,3.423117675416824,18.463548762091165,0
2026-04-03 06:00:00,-1.672163227654398,55.553046199479226,0,15.277390065859668,0.8307163323377391,1.9806985241259076,3.2928616092776544,21.626156962295138,0
2026-04-03 07:00:00,0.6685045060730942,70.96562466534084,22,13.940890967958536,5.796287449956096,3.0780074793940013,3.554498150200318,26.727211033623064,0
2026-04-03 08:00:00,1.56991629231837,54.79389166460361,45,13.839946551042242,6.792315317801995,4.540401188106231,3.7110718528630247,29.273089561595437,0
2026-04-03 09:00:00,2.2898857994202073,54.43529417706991,73,14.686192547797773,7.243068872838438,5.615135121606878,4.038667056558866,31.609989156706988,0
2026-04-03 10:00:00,2.196997244729416,59.94653785248875,83,13.365070060252169,7.165551967085985,5.852295711396841,3.898700324079537,30.097284298293598,0
2026-04-03 11:00:00,1.5001625367267417,59.96563926465944,108,15.63511825217972,8.13117472188291,8.14808166768666,3.9704119636752058,35.820998426823586,0
2026-04-03 12:00:00,4.739388179561489,50.09495518702762,118,15.779778355229297,7.658389871925093,8.967217743015835,4.116986218546748,36.5541722051536,0
2026-04-03 13:00:00,3.625279978846935,64.18030785682019,121,16.725857487611854,7.8365578409379655,7.963653512308136,4.017564531567937,36.5303665295307,0
2026-04-03 14:00:00,5.196933125337611,63.17871470435641,112,15.670711631378037,8.189184269719377,8.040681253365957,4.409486179403633,36.057007852480744,0
2026-04-03 15:00:00,3.5816105791903357,66.63804164258927,113,15.87036134122803,8.25908552304415,7.813008414813075,3.963349486510705,36.01500330910874,0
2026-04-03 16:00:00,2.7124139333768027,58.36495757130021,102,13.831944819212438,7.457495829051905,7.807520411400343,4.070056767385467,32.77507090885941,0
2026-04-03 17:00:00,4.4239251548602905,59.444559844020084,62,12.736118186831318,7.097214911660134,5.320990580672772,3.971968367503347,29.147638915546622,0
2026-04-03 18:00:00,3.5573108036376904,60.14945390785588,49,14.351484275129044,6.509417465727339,5.992362528893476,3.7030428993633793,30.593682212238264,0
2026-04-03 19:00:00,3.4413902171710573,70.5469299859325,1,12.97743706498763,5.8489311632479435,1.7193549316102705,3.6288058498962035,24.20333919354278,0
2026-04-03 20:00:00,5.266712610976612,42.04449684596823,6,11.885424880039361,1.2583430879530475,2.8217815516388085,3.548873182235647,19.7272264017109,0
2026-04-03 21:00:00,1.1162697532662647,56.42113159111568,0,12.803561571289725,1.296128169585577,2.5355837904080105,3.6411031211920037,20.456028167420104,0
2026-04-03 22:00:00,0.6253832120756689,62.56420764769403,0,12.232017043736459,1.2111456547225883,2.0401188565725286,3.615138628658308,19.654089768562113,0
2026-04-03 23:00:00,-2.75598378516072,58.553566429377526,0,15.205965323426431,1.1956068191890852,1.8166874937201876,3.5789575514461784,21.667789241826647,0
2026-04-04 00:00:00,-3.4000673060621707,64.00012833591992,1,15.65888465210027,0.7405255820125483,1.8976769638705129,3.4306654665295926,21.79758595562574,0
2026-04-04 01:00:00,1.1288339235981302,61.39692133908195,7,14.482728180386246,1.361896823757624,2.1895921834475467,3.9075542195810296,21.995580600398096,0
2026-04-04 02:00:00,-3.2511513697914145,61.492246874588744,0,15.707900834576789,1.292872872918705,2.3099848705859136,3.6879598857263645,23.04076505498048,0
2026-04-04 03:00:00,-3.3366810574132284,65.88932434967596,0,15.58861995640429,1.3411270855304964,1.4073136663150307,3.3617043971187988,21.382551546729974,0
2026-04-04 04:00:00,-1.2787928232184735,67.72799028396074,0,14.440495955981483,0.8481679371851896,1.727557212114947,3.5369445614993418,20.257296689454595,0
2026-04-04 05:00:00,-0.8094365807992743,62.18947876541345,11,14.814360280673727,1.6184549658042626,2.278016319024421,3.408590595634034,22.12103877863011,0
2026-04-04 06:00:00,-1.4654968048583938,61.37995419983138,5,15.166140215667124,0.7289677983781113,1.298212510494218,3.7343122049067397,20.53365924991814,0
2026-04-04 07:00:00,0.39444312642410917,61.70957815525868,0,12.83159303945962,0.949213646084583,2.186511709393085,3.5967325946288726,19.480499650805992,0
2026-04-04 08:00:00,3.908702976100379,60.02385468805118,0,10.526855958161326,1.0035683211970428,2.278313721627003,3.600611666274407,17.247464767136538,0
2026-04-04 09:00:00,1.3544417789399685,51.542251273788494,11,14.335870585338577,0.8561568281238454,2.1196017048972955,3.5176449160857284,20.75477967453079,0
2026-04-04 10:00:00,1.1995210326727102,64.86968273326313,6,11.841444765501283,1.1062511459733189,2.5935596054946353,3.576665402060422,19.401002657929745,0
2026-04-04 11:00:00,5.896047145777764,55.87195726398591,0,11.530490622812716,1.1775183200206805,1.0873540255332217,3.718077615091943,17.243856680189612,0
2026-04-04 12:00:00,5.686757919635399,66.30414200913975,0,8.813137448808508,0.6,1.8107795264410957,3.7583748227771667,15.199741585666748,0
2026-04-04 13:00:00,4.144622993004216,63.43785360910168,1,10.803485757792737,0.9798590656802042,1.7981836881900752,3.7309631679917157,17.169669756965032,0
2026-04-04 14:00:00,2.6290803286794415,68.04858817880834,0,12.892616585832682,0.6,1.8394869187798166,3.3671749703225853,18.587590292754854,0
2026-04-04 15:00:00,3.9336449421613833,53.983743531089516,0,11.358759444809015,1.8145385745109306,1.8371453266134432,3.572082596018297,18.69891235594886,0
2026-04-04 16:00:00,4.756855626696976,57.204038432852705,0,9.827842293506281,1.1743719259268943,1.7653312515503647,3.6379970185917143,16.33700536454461,0
2026-04-04 17:00:00,6.275280543050611,50.83878866796759,10,10.691479808331442,1.3240402493408527,2.1755021880627874,3.529783661597311,17.49768896533712,0
2026-04-04 18:00:00,1.806574898816785,57.41392157231146,0,12.64579003212665,1.1812256940806993,1.751082314194006,3.3511476409635987,18.836676355268978,0
2026-04-04 19:00:00,2.5809471153845203,68.57692221051316,1,12.005212042323397,1.3295822207102914,2.468449557595637,3.411005418062187,18.770090820748166,0
2026-04-04 20:00:00,2.966510177916529,69.70006083409757,3,11.525286264182087,1.496354197442085,1.7045764725409944,3.8369662153053654,18.658479279420614,0
2026-04-04 21:00:00,-3.1352568799708864,58.462642891151404,15,15.955764190758632,0.822756124914868,3.63990300593391,3.4812807927990987,23.12424160681323,0
2026-04-04 22:00:00,1.8262007415913322,58.8806834339028,2,12.185266280315142,1.594562159099365,1.6241759962790407,3.6151341047596404,19.24114343620405,0
2026-04-04 23:00:00,-2.666275450808657,64.5425325559628,9,17.449065896548344,1.698038852906039,2.403026647612611,3.61254975074841,25.31649663559172,0
2026-04-05 00:00:00,-0.38104385250975514,66.799416740241,0,13.668991713002237,1.0767786861998603,2.0570429264264534,3.576932748340299,20.78010477250936,0
2026-04-05 01:00:00,-0.8757263158144823,53.097933155641904,0,13.84891570011711,1.0584449582608801,1.6687098425909506,3.5520207799773544,20.67361055937684,0
2026-04-05 02:00:00,0.42944958734752814,53.05991232031873,2,13.027610322948203,0.6,2.5320634456029665,3.7263705520176544,20.119987060483624,0
2026-04-05 03:00:00,-0.3585162226337286,66.20664403020972,0,15.269500083398118,0.664603093229444,2.045345302520102,3.605341937857798,21.4279391586625,0
2026-04-05 04:00:00,-4.98683002732751,55.04589110698809,1,15.256107913533501,1.299597246692105,1.7627939384122255,3.5101518010066064,22.371806495993297,0
2026-04-05 05:00:00,-1.7233457324591095,61.61172486251111,7,15.172086462345817,1.646216113208462,2.8020691478701667,3.6357015736352793,22.957589982098614,0
2026-04-05 06:00:00,0.5706014417595682,63.544599770033365,0,13.117619186278327,1.3550929227408792,1.3430286987667983,3.4083683754284557,18.748433275003947,0
2026-04-05 07:00:00,0.8483202575965314,64.8577556264013,2,12.079254166880402,1.1094997269775988,1.6555324162091805,3.679391689588084,18.98679398511581,0
2026-04-05 08:00:00,2.8975909624455016,59.97649820490288,6,11.514136179491118,1.8820554451989557,2.383156694367484,3.5218549724495727,19.451592837325638,0
2026-04-05 09:00:00,4.333442524356314,57.55537779244758,0,11.380166530998004,1.4518114447284987,2.1606598914365405,3.5064943270845466,18.030177805094304,0
2026-04-05 10:00:00,4.870020673789446,64.4149096529568,9,10.43887343347725,1.1241607534392832,2.440179848319953,3.7129571305621454,17.377331365312386,0
2026-04-05 11:00:00,4.1962590536693165,61.56404126794256,2,11.483820891447833,1.8997387281836948,1.8527634550294476,3.5469026128089864,18.921046945245177,0
2026-04-05 12:00:00,1.97796871619971,57.63442373114145,1,13.911100727553247,0.7343414678526899,1.7418501694257045,3.55134757681572,19.72114873201469,0
2026-04-05 13:00:00,4.692074990817542,59.70728113698028,0,11.055077047099696,0.6,2.309130416688925,3.775144535297202,17.55781477511028,0
2026-04-05 14:00:00,6.293478573695215,60.57890520566575,0,8.826972444437178,0.9526131145066271,1.9081775922913078,3.4540218399641653,15.633390599654295,0
2026-04-05 15:00:00,3.612632784534919,70.5999488603071,4,11.007235975492236,0.9064759376927953,1.6274925524196844,3.690757750256912,17.76901074466922,0
2026-04-05 16:00:00,6.189908676311207,63.075510502516074,12,10.241528376743291,1.1882739349295854,2.0415439365622086,3.790428604098147,17.29846545329784,0
2026-04-05 17:00:00,6.104795061366326,65.70874483969892,5,9.992430769211802,1.4693317437403906,2.756057590667268,3.7950345798457468,17.97523131152536,0
2026-04-05 18:00:00,4.051326581561924,56.29786068603077,9,11.726841658786817,1.2501071499383625,1.9715572746050567,3.962478002826339,19.1365978808224,0
2026-04-05 19:00:00,-2.2169063930132578,61.51758235722993,0,15.175760061610141,1.0970961313330752,1.922728980188166,3.5036789642282757,21.558862481949294,0
2026-04-05 20:00:00,-0.08709749475107342,61.65304316418537,1,15.109938911050708,1.1385851856731166,2.46290789563168,3.4738096250057304,21.62761032551702,0
2026-04-05 21:00:00,4.386307633545508,58.84883339501189,9,11.40796584047329,0.6,2.5389482808507715,3.7585823177113764,17.61511405321245,0
2026-04-05 22:00:00,-0.59346152628925,57.39694639789959,0,13.062452127747036,0.6,1.4590609165484623,3.741036167080104,18.844149627031754,0
2026-04-05 23:00:00,-3.7622644916132164,73.41730012805083,8,17.02515830933452,1.1091410570997025,1.7829376571673283,3.513389802836385,23.65109647415444,0
2026-04-06 00:00:00,1.4201621674276157,67.23498820098204,6,14.036725604316803,0.9129749195282921,2.971449812780862,3.6967206736844425,21.62187099895707,0
2026-04-06 01:00:00,-1.0067053658418068,61.92096185657231,4,14.549843587393022,1.090874379498859,1.5514759336288055,4.024631029104867,21.419315121739213,0
2026-04-06 02:00:00,0.7297293517738215,66.30296688025275,0,13.019641459804014,1.5914449328628315,1.551028844744442,3.6156996609459697,20.005273294525672,0
2026-04-06 03:00:00,-0.5585801235931297,64.75633007071787,0,14.462013593723267,1.073942675912381,1.967626637378039,3.738524820737231,21.588617894677892,0
2026-04-06 04:00:00,0.09979213886084004,67.24412378144261,13,13.868256708517087,0.8712411237969551,2.4165046979155815,3.8885106078399896,21.091079275758457,0
2026-04-06 05:00:00,0.4935725075074505,54.56397787821563,6,11.91916080262369,0.9304150744573645,2.3882123422030292,3.999561922440578,19.306318969967744,0
2026-04-06 06:00:00,1.7870606508113884,60.785738072706856,4,13.194284248907369,1.7707015681472889,1.3595025435589627,3.6528549446943517,19.96814342398902,0
2026-04-06 07:00:00,5.317095625232232,58.66394711364105,16,11.829885718944967,6.724372890010656,2.5853202772421207,3.851955031877583,24.926933199663026,0
2026-04-06 08:00:00,4.002041291676308,63.74032162891268,45,14.046685835131205,6.918557102477108,4.5799599363041485,3.661725882560864,28.81392126618888,0
2026-04-06 09:00:00,0.5706203380671013,58.80140913935688,70,15.174433449559029,6.613130925256635,5.956482884657788,3.8837321416710537,31.92077542360972,0
2026-04-06 10:00:00,4.8606550965198245,44.35492433311576,93,14.25675229670752,7.681381727286452,6.657396025663188,3.9050321287650327,32.40462211896644,0
2026-04-06 11:00:00,6.766721560474075,51.43476052354692,111,13.798541141207423,8.032293984702745,7.445230479930975,3.761198899927594,32.927002424421566,0
2026-04-06 12:00:00,7.427010804902672,57.06345398205755,112,13.320639780919501,7.924939072936584,8.056170898338493,3.807544934076658,32.973890200204735,0
2026-04-06 13:00:00,5.006842441356958,59.62817352200227,111,14.712916214641936,7.698496130536724,7.31439180946918,4.1085048859243924,33.499212082839385,0
2026-04-06 14:00:00,7.831736077365505,67.22868667772578,117,13.22230188742958,7.87907913464559,8.812921768183758,4.135453338897438,34.028370327645796,0
2026-04-06 15:00:00,7.309232991794476,61.01455390010273,96,12.930044386025457,7.404099782484525,7.150833943908433,3.8277557129910433,31.441840075899066,0
2026-04-06 16:00:00,9.755699076639765,56.17240736790911,88,11.65423936274522,7.0832241145743415,6.326434790700114,4.185607804319783,29.073184193999165,0
2026-04-06 17:00:00,3.5512013030761347,60.142251362004274,66,14.866533263883294,7.566095742413886,4.955474366676258,3.697502760433195,31.345006410090857,0
2026-04-06 18:00:00,3.2387495406649656,67.19603813751942,47,12.80145932985941,7.054809828260394,4.100124500393432,3.826590343926271,27.690881163031452,0
2026-04-06 19:00:00,2.7367947960225902,57.406741190038424,30,12.964817934476352,6.340274695095842,2.7471310195450163,3.6577140813982045,25.326774185144508,0
2026-04-06 20:00:00,1.5179528654797707,61.01983262444658,0,12.421500842111605,1.2232624079287193,2.0226505815922415,3.6160422036326434,19.626880629201377,0
2026-04-06 21:00:00,-0.0675714119112596,56.51512983810363,16,13.786653533148485,1.5243953116366873,2.3187190340707255,3.7987799899919286,21.47816353766343,0
2026-04-06 22:00:00,-4.095217839099674,74.58484967149658,1,14.757401214432988,1.9380092453266218,2.0348522927902284,3.717601302446598,22.66368485807253,0
2026-04-06 23:00:00,-0.8625323189365547,66.0018928612121,4,14.299646709665573,1.4773990383204967,2.2618955728580685,3.7221763395657184,21.982832573912432,0
2026-04-07 00:00:00,0.2125387143340456,58.59545618822579,0,13.900183841322486,1.3921693665548367,2.2346987543472676,3.6870233441125073,20.9775478540492,0
2026-04-07 01:00:00,-1.6034986032820433,63.51589389055169,8,14.725949388384487,1.257293354574267,2.3533314186477,3.4410883337385845,21.647184052663523,0
2026-04-07 02:00:00,2.4058669380892304,64.25350437567076,2,12.307430858790578,0.9839516145564386,2.416355467023579,3.778179444687451,19.74448890387226,0
2026-04-07 03:00:00,-0.7422825843050288,62.05239846189512,2,14.475273441224221,1.6199485884315654,2.5337496956328938,3.4489567259355165,22.536732830029326,0
2026-04-07 04:00:00,1.7793794066572386,58.45864171473147,0,13.736855700269707,1.3282952411481648,1.916196826720494,3.5840948862225024,20.581264279030776,0
2026-04-07 05:00:00,0.5852598935777741,58.63541296391068,2,13.03473763810646,0.8456603160809604,2.053336958701382,3.555300961799681,19.332238405325562,0
2026-04-07 06:00:00,2.2706113529082828,63.33081288076548,7,11.630755723846084,1.3848532940189433,1.934136790473161,3.680518493893411,19.050848339267596,0
2026-04-07 07:00:00,2.184562909917977,59.21325214229741,17,12.895601394652683,6.499085130947285,2.2905688847484456,3.595292713043669,25.123891405734607,0
2026-04-07 08:00:00,4.942652800325801,56.570463991179174,51,14.065110386506992,6.084459165297499,5.181933529189998,3.7802234080777257,29.193969120175932,0
2026-04-07 09:00:00,3.6166824791736474,52.271117610287334,76,13.273603715336575,6.945164622595367,6.2525846705978605,4.146830205746405,30.51123749777961,0
2026-04-07 10:00:00,5.20912412984068,59.55900036178251,86,14.148816561156632,7.574967689113968,6.839073075312063,3.74971199402242,32.37983751279515,0
2026-04-07 11:00:00,5.713358647447734,57.62764038166275,116,15.312582567908407,7.314438543659935,7.914180676955529,4.0636300352447785,34.36846879528219,0
2026-04-07 12:00:00,5.156722560518838,57.20256798775908,117,12.851673539383667,7.387854091940147,8.965764676625508,3.9008809253598624,33.0125079888097,0
2026-04-07 13:00:00,6.684929260273433,59.178927119727234,120,14.290919047928195,7.9653383908620095,8.297123733972887,4.181152445934989,34.57770930945763,0
2026-04-07 14:00:00,9.914175544625802,60.052381917946036,117,12.46750669377551,8.17804049068323,7.874171679231597,3.9589906781284605,32.644269089890685,0
2026-04-07 15:00:00,5.536784516539231,63.05680444423839,107,13.959796819303362,8.014224297415392,7.426846643661571,4.033780466037766,33.475451839103116,0
2026-04-07 16:00:00,6.3598981571858015,61.54644738750923,74,12.02410821996046,7.7858398434420115,6.577036227523658,3.6973002599095763,30.30433473862374,0
2026-04-07 17:00:00,7.228816876720712,56.13436567064514,68,11.354756329482802,7.1527923607613255,5.040028568295592,4.065730974679226,27.40686824481829,0
2026-04-07 18:00:00,6.304149503695021,54.86989785658128,36,10.98073849115639,6.417571501288817,3.4419948704747276,3.7549184875383497,24.543110603821432,0
2026-04-07 19:00:00,3.5415034940714882,54.080378531511755,28,12.324251148088315,5.946424144845663,4.6443291933690425,3.7326648271596765,26.803927200434035,0
2026-04-07 20:00:00,-1.4360418689377705,60.51809235767483,12,14.500282649778494,1.1813803342505376,2.883466981346193,3.7723592431520063,22.552164246106535,0
2026-04-07 21:00:00,2.5882470599333134,61.176715275869434,7,12.108236503092721,1.4736352577988545,1.8551248695586542,3.4402887210604645,18.515839312616855,0
2026-04-07 22:00:00,-2.907387313569445,60.46282375526219,1,16.31391810094758,1.3814527712204916,1.3683486885945433,3.5117466536880197,22.65491521627505,0
2026-04-07 23:00:00,2.6397384845369216,61.59653897130196,0,11.137408655836476,1.1926166523549724,1.0472862629933761,3.625508124236972,16.799507147420695,0
2026-04-08 00:00:00,0.1357562622836324,57.10544273581609,0,12.16201462925822,1.291490227353151,1.8437013657996948,3.335701748518767,18.860233211297512,0
2026-04-08 01:00:00,1.1974450362712674,52.135964888754415,14,14.400909964750117,1.798734245676107,2.8976091595049662,3.4078059972211086,22.970185613541677,0
2026-04-08 02:00:00,-2.1548493404071616,69.53257373049415,0,14.736198409963688,1.1263451450919857,2.4834591944554347,3.4768106511816246,21.169833864288353,0
2026-04-08 03:00:00,-3.1412635021212063,62.50946005439584,0,15.151346997244271,1.5785615932125823,0.9477073884764533,3.4288503535477073,20.942479294341066,0
2026-04-08 04:00:00,0.2909331342950741,57.75959822993535,8,13.662285083122722,0.9896736062452289,1.6435783238422546,3.5804204979619247,19.94190019757193,0
2026-04-08 05:00:00,0.3467400124222679,56.17686214289867,11,13.991312153418386,1.2723481344108283,2.351202240094907,3.7223648212408316,21.336266285918374,0
2026-04-08 06:00:00,0.2931201900334437,65.31837570585732,12,13.470749308085908,1.147708369548853,3.7144515251365813,3.7604820490629347,22.328303981376195,0
2026-04-08 07:00:00,2.116797113887501,69.66184843339218,24,13.65700257606309,6.609446796108654,3.518656126078877,3.9674115972652997,27.77228320021193,0
2026-04-08 08:00:00,7.583380610955467,54.89402137574653,52,10.291829186598711,6.480930443692993,4.827759898189784,3.804606333406543,25.272690611096746,0
2026-04-08 09:00:00,5.203299682886846,57.804144989859374,69,12.795625241646277,7.029382083573778,5.043784384263051,3.8991538197552624,28.51286271743598,0
2026-04-08 10:00:00,6.4128872244682675,64.62012562098323,78,10.878768405580605,6.653113228212072,5.136006615405569,3.9082679156796103,26.279022621602653,0
2026-04-08 11:00:00,6.788306044294245,47.04609624062944,107,14.385572202200358,8.034031629949451,7.7024823585157325,4.0760402397009745,34.01243898032714,0
2026-04-08 12:00:00,8.424914152294889,68.48252624325484,120,12.812679634421261,8.49637659650392,8.355283729880137,4.139755111248721,33.662820575539975,0
2026-04-08 13:00:00,5.936358142581097,73.2123332070224,119,14.89799555069269,8.360747782955034,8.224486615751928,4.2143176639221585,35.79348570945709,0
2026-04-08 14:00:00,2.885645371452626,44.59774079489003,115,16.37258535197048,8.254419664714423,7.953804849557745,4.197731237740655,36.73935937292686,0
2026-04-08 15:00:00,5.9388835604021475,57.96081795619784,101,14.170298559263813,8.011790138592982,7.018240690802091,4.081904490926893,33.11951037856055,0
2026-04-08 16:00:00,7.289779214740214,53.218983397727456,84,12.3457076325912,7.656892839952777,5.98006104283406,4.162525923248071,29.89285836290704,0
2026-04-08 17:00:00,3.704952656957916,58.63265488185316,80,14.601709373155748,7.555038467877128,6.825278509202674,3.9240135589458283,32.73038281644897,0
2026-04-08 18:00:00,4.328917478668764,57.24300147330288,56,12.320200332282562,7.14561971017002,4.481062266568082,3.7322648451053633,27.53813895066147,0
2026-04-08 19:00:00,2.6085976892555163,65.91410632393452,18,11.820070495248016,5.9945112545323544,2.665733373554238,3.6047932421868265,23.89807694012874,0
2026-04-08 20:00:00,5.432189322633947,58.250438566216594,4,10.548445446068106,1.1019322947680539,2.0024148524277248,3.6001247729586643,17.421195562166012,0
2026-04-08 21:00:00,3.2469498628329605,55.09934431767554,0,11.212947975240269,1.1245851412479797,2.1178261507640825,3.437454737845063,18.234825101057858,0
2026-04-08 22:00:00,2.2363586495953562,60.289620045032734,6,13.693283321834235,1.0905032014551703,1.7466763464616297,3.5319948658270315,19.768442078033413,0
2026-04-08 23:00:00,1.4605880926533614,64.99326435228444,13,13.547974449706738,0.7857916273878062,2.955130609675123,3.4810243557397262,21.04973452219989,0
2026-04-09 00:00:00,0.04590194449367939,55.86324557503805,0,13.040191760097233,0.6677468545871219,1.5391501373010248,3.651594039245245,19.071991975762845,0
2026-04-09 01:00:00,0.0954198753628479,53.05103295965798,5,13.542424121485086,1.270491640258216,2.0021462738346134,3.6730731648692223,20.53310235647639,0
2026-04-09 02:00:00,-2.3744991998271088,76.73733120488225,5,15.298614801490205,1.5070215680526715,2.8143943635469193,3.3546627459811456,23.356359540102233,0
2026-04-09 03:00:00,-3.957377168809873,62.113472798356796,5,16.05587639299059,1.1932696682058974,1.6388475291055993,3.521887678513657,22.36731421197866,0
2026-04-09 04:00:00,0.36436359541883656,61.90260938191874,12,14.066065941004485,2.283687651648968,2.7844071205983036,3.921778326888039,23.15641330864761,0
2026-04-09 05:00:00,1.2162242885875605,59.701059348605895,14,13.47951354818906,1.0300831494456555,3.0220748906267976,3.7504670011714256,21.31306954242223,0
2026-04-09 06:00:00,3.446064353400973,63.70397795944213,1,10.56375727625137,1.2737297497229945,1.994454011008146,3.672150475456779,17.516429439246103,0
2026-04-09 07:00:00,4.905718816559033,69.95745042612698,22,9.843959432392632,6.747920913727305,2.957111130016672,3.5883620114150485,23.252103149501394,0
2026-04-09 08:00:00,5.80931201157604,62.122619041693675,45,11.546711797372303,7.082986992407952,5.231566815786976,3.823092383105885,27.695963441388322,0
2026-04-09 09:00:00,2.349541136337061,52.12765326250726,65,15.000660305003189,7.299273401621116,5.368769572511289,3.857823512241792,31.643056175157216,0
2026-04-09 10:00:00,4.291464027663223,51.476661417201406,92,14.081055636304468,7.930588890844739,6.951834875014761,3.8484880463053264,32.64451242361275,0
2026-04-09 11:00:00,6.431756624229092,55.78239387986668,110,14.748832448671308,7.899388021680195,7.698562951755112,3.965931577238991,34.1530700364766,0
2026-04-09 12:00:00,10.475641452485068,53.5338697134366,118,11.656618598119543,8.606008610687194,8.357986835820876,4.001311987189218,32.45333631520867,0
2026-04-09 13:00:00,9.037223625403227,45.89037466366798,115,13.50916714866771,8.419105687223992,8.558853090417905,3.8366990108490917,34.23262554936875,0
2026-04-09 14:00:00,8.543289762475077,61.50857819919033,114,13.5964146891759,7.653720339751309,7.946112596589971,3.8574649101304725,33.30703367408954,0
2026-04-09 15:00:00,5.861815454655776,52.0857150617193,104,14.721176528439225,7.884548778172036,6.571161292431324,3.9860796825389517,33.04741507802558,0
2026-04-09 16:00:00,4.669964127359655,68.45733627723479,85,12.943611498765799,6.888446179665602,6.7061065822675685,3.8128002862925374,30.514079764629614,0
2026-04-09 17:00:00,6.956331722982254,68.70654679099763,71,12.104040135048853,7.710626140632498,5.219749501501034,3.838862279530592,28.93963962245428,0
2026-04-09 18:00:00,3.019190437879419,59.24608597579737,47,14.512088336015788,6.8244810043611075,4.718844398881627,3.547152073756522,29.492210404715,0
2026-04-09 19:00:00,3.6408394482701403,62.903206256306504,24,12.586188899809748,6.804070495423455,3.1194038707229836,3.816198901061635,26.653157801073082,0
2026-04-09 20:00:00,2.945192073774563,53.39942261216387,0,12.375276521209926,1.0617248733312596,2.224399096490182,3.912071916228055,19.75750020188075,0
2026-04-09 21:00:00,4.942398480727781,63.03525909832885,0,9.663099037085388,0.6,1.373245304437255,3.754109339925158,15.390899203774929,0
2026-04-09 22:00:00,0.7873291720463799,59.42034858035899,11,15.103381024699551,2.221078639374497,2.164150458274553,3.8135802042740496,23.281905679285696,0
2026-04-09 23:00:00,-3.48128353264853,59.087550719956276,1,15.061044926883813,1.1638809915155341,1.701983788302992,3.697918374700101,21.64825972156596,0
2026-04-10 00:00:00,1.2268333812864733,60.343865034517236,2,11.402896525453688,0.7859269818093703,1.2429730088223074,3.6478378761719163,16.697249981260352,0
2026-04-10 01:00:00,-1.168711148782601,61.08204531115477,1,14.071951876033857,1.5190168009368112,2.3551390939219203,3.6169784350990457,21.356845910912888,0
2026-04-10 02:00:00,-0.0271608649500176,61.069414230689986,9,12.012766220454155,1.9745500484355034,1.5635596877499007,3.498821008057669,19.16532584061941,0
2026-04-10 03:00:00,-0.1277719899375363,68.7939084093513,9,13.161007638330837,1.1911466389400454,2.7887911280901796,3.739508364154135,20.484722442814398,0
2026-04-10 04:00:00,-0.09601931262992841,58.360168928658055,9,16.057500667808913,1.2272651562455599,2.4859793154031458,3.730606267372042,23.314445270426503,0
2026-04-10 05:00:00,2.269071648386894,71.70833426235308,2,12.089905821933025,1.2193161821490528,1.8205097004457163,3.5385485620577364,18.57014418955582,0
2026-04-10 06:00:00,-0.9555038996937892,55.76627012781822,0,13.051962527438565,0.711160278956765,1.9553022668856506,3.6789006124366446,20.123239346082734,0
2026-04-10 07:00:00,1.615575553224578,71.48089997415315,30,13.77320448838264,6.198266392646521,3.5929799797486455,3.615908204957458,27.348793378043176,0
2026-04-10 08:00:00,4.563230845805361,53.47851313420582,50,12.025083113407309,7.423674052527758,4.3698074397898905,3.7054616947057317,27.79836175682627,0
2026-04-10 09:00:00,3.26228893327921,60.5472039048209,66,14.749487778437203,7.0417277467351695,5.564167416461911,3.9802658023627497,31.134361938762847,0
2026-04-10 10:00:00,2.415394987746861,58.24727707832174,99,14.99243508359799,7.388855057691177,7.574032497832653,4.060579115032783,34.10641573603984,0
2026-04-10 11:00:00,7.011784211195179,55.678789812376486,103,13.394752125614923,7.595785336272854,7.039892785080542,3.9772083494895045,31.567594969331555,0
2026-04-10 12:00:00,8.340716178501964,61.55260628425682,125,12.259737386970892,8.525488290565548,8.83078772855281,4.047850076780615,33.581209811387076,0
2026-04-10 13:00:00,6.704614932524441,66.97049958397953,129,16.345545854968265,7.530436090206271,7.713153706688732,4.142215912395919,35.857693046239454,0
2026-04-10 14:00:00,3.5669288761076077,67.46795157265315,111,15.85908022787944,7.987127464073847,7.036680045044973,3.768689917690269,34.29718318520671,0
2026-04-10 15:00:00,7.981255354905539,54.58492048976976,110,12.744467256168813,8.741776560764862,8.104036993200394,3.926334587322865,33.614899632427445,0
2026-04-10 16:00:00,3.609645908337879,61.39829690317391,95,14.637038772659002,8.320871919551161,6.836976845670109,3.7902336330476256,33.70413902944184,0
2026-04-10 17:00:00,6.400198898300611,53.50738358426437,85,12.460004652386154,7.630620973286535,6.090952822377917,3.9417779601490275,29.972730599703176,0
2026-04-10 18:00:00,3.6416778914441412,54.319439705968726,40,12.319096039116383,7.080754913515393,3.9761385368993736,3.923292769099334,27.09058106400353,0
2026-04-10 19:00:00,2.3345062655607958,54.37131486645739,27,12.60026898502979,6.843389199678696,3.1068217553065987,3.779573807921695,26.151243300912256,0
2026-04-10 20:00:00,2.64911936447034,58.387720634742465,2,13.516173848976763,1.0919517987788157,1.4651264909841588,3.5312753047840024,19.51779020535112,0
2026-04-10 21:00:00,2.1828938897206482,62.86046336879917,0,11.931830377785033,1.4236778311775073,1.0624279446300138,3.494010473432753,17.832753122232873,0
2026-04-10 22:00:00,0.5552123678488516,51.11269976560433,1,11.64944170133693,1.744004056575575,0.9693291381698954,3.490920040273239,17.98109712392109,0
2026-04-10 23:00:00,1.9262882323186539,61.277161610276416,2,11.659978648551263,0.6936832149065543,2.242456573366935,3.90794256853323,18.37046037277849,0
2026-04-11 00:00:00,-0.13058890180360705,72.19409242364985,0,14.457921259045401,1.301827807118559,1.609875201385207,3.6102093444763996,21.38036514814131,0
2026-04-11 01:00:00,1.9444020446523043,68.27316488095552,4,12.450387568828592,1.2985164068309933,2.456297191270713,3.6459626410433272,20.249882376525676,0
2026-04-11 02:00:00,0.636812336415861,59.01128628852811,8,13.443383564769702,1.2801075697409738,2.045307425928623,3.3153305561137927,20.143179438249106,0
2026-04-11 03:00:00,-0.9077696884035167,55.29958981060592,3,15.207357980409315,1.1591216569828833,2.124736478626519,3.434859212340947,21.839916802098358,0
2026-04-11 04:00:00,-0.8443687609384753,66.39225840949281,0,13.508000610006473,1.18108449038565,1.7435680014444614,3.593373467719482,19.892706244894114,0
2026-04-11 05:00:00,-1.6167994877116154,50.30803011453872,1,15.118677880577462,1.2284502692473198,1.8750010279865934,3.5292756895648196,21.830594520846503,0
2026-04-11 06:00:00,2.4030643571955443,67.8586264273994,2,11.78191615299651,1.5275153525021126,1.9518665647749376,3.6279587120329495,19.012185488348774,0
2026-04-11 07:00:00,2.1501524666358147,60.1058609027237,3,12.958612878753094,1.3207801321295132,1.7644319594258346,3.6299818306522824,19.62355570911283,0
2026-04-11 08:00:00,-0.3739144428860284,74.26823775562893,9,13.858962176258169,1.19974319186327,1.7416703192042395,3.7260678370530553,20.42816114670455,0
2026-04-11 09:00:00,3.6539693289727877,49.89773008981162,4,11.46745844931123,0.8780274898781399,2.3647592855081667,3.3356257537790763,18.134056803751648,0
2026-04-11 10:00:00,3.8770601050885274,65.6010822724306,0,12.047412065057676,0.9346451187605369,8.029881394766873,3.4342157125146966,24.463414665174636,1
2026-04-11 11:00:00,8.812343595664984,55.78768928236607,0,9.127260560660309,1.1914081360076607,8.05943227276876,3.585058150808306,21.820128500112933,1
2026-04-11 12:00:00,3.795183227848855,58.16730939028088,3,11.411451339523996,0.9068752417411856,7.228813878299858,3.514889518752497,23.090289858974472,1
2026-04-11 13:00:00,4.589261987285793,51.33899271826279,9,10.91592911137841,1.5930569810501176,7.477858497193646,3.589458362128412,23.4249856388425,1
2026-04-11 14:00:00,9.045766348101635,59.79016267919407,10,10.022773585686375,1.4305192992354994,7.613358236754551,3.6563541132015045,22.535090570059786,1
2026-04-11 15:00:00,9.346055714522421,60.047282522769336,13,9.14575233477537,1.7342345970199537,2.435873169035294,3.540260044427278,16.854875842314776,0
2026-04-11 16:00:00,5.423435872233891,69.64318990761993,3,10.286493747178035,0.930413272661541,1.9413925661431628,3.640840518388999,16.655472765745372,0
2026-04-11 17:00:00,5.059145790199713,65.25394223451377,7,10.428227951052362,0.9351263173731128,1.7359321937842132,3.709597679701716,16.625634486232233,0
2026-04-11 18:00:00,6.456418128962578,54.59431442954365,0,10.715195490755415,1.497620029193683,1.1341188690545678,3.609761860214697,17.218124754618948,0
2026-04-11 19:00:00,0.6086149578737428,56.5203632798896,5,13.554323393275757,1.235483884833644,2.097474037928329,3.7281091668974273,20.517339165194855,0
2026-04-11 20:00:00,0.49478869116250124,54.417959880493804,0,13.222180163024879,1.0291190048843386,0.8,3.2740587924481326,18.78619837669275,0
2026-04-11 21:00:00,2.275704515516913,70.13256768719913,2,12.482071521450264,1.3805311734783388,1.8647044313078858,3.5200947570934833,19.404061623878885,0
2026-04-11 22:00:00,4.543631917241461,54.92323035640171,20,11.974930987709543,1.6915072335260044,2.474863576215021,3.813849636335541,19.749975586325913,0
2026-04-11 23:00:00,0.44320307078557364,71.54897691073866,4,13.477590900999749,0.7324826921433479,2.371069536975779,3.486347039054422,20.357430071797285,0
2026-04-12 00:00:00,1.0560963189549966,65.35836000595616,0,13.990413628480498,1.5846257930801313,2.271435694697316,3.44999114105327,21.1173113823187,0
2026-04-12 01:00:00,2.462294057597851,63.132696746365376,4,13.359340227562834,1.0283575698046192,2.50206059211157,3.5970597715142008,20.98015503830672,0
2026-04-12 02:00:00,3.9972967328236177,58.160817575020495,0,11.747078390323743,1.6950063167096667,1.644098903419213,3.597402145383512,18.74013402321448,0
2026-04-12 03:00:00,-0.445790110113101,67.29838006059833,0,14.9983334562621,0.6332579852527181,1.289185194616465,3.519795460564137,20.57621394752134,0
2026-04-12 04:00:00,0.8558813426584098,62.26526441598538,15,13.675386235768698,1.4810896088681091,2.2584334574100215,3.9365360751732985,21.359183578915438,0
2026-04-12 05:00:00,4.5382128283806855,57.381060629901626,8,11.840101363542894,1.1790325796715333,2.3694248074316304,3.674973613070434,19.130003009866233,0
2026-04-12 06:00:00,-0.4221460815746587,67.4926382810702,4,14.828409782410855,0.6,1.2793609862314643,3.4805675678327423,20.13106091735116,0
2026-04-12 07:00:00,4.756613848333444,58.568706958423135,0,11.69639459197989,1.3303727923180821,2.4270972702588165,3.3840738843100837,18.606486448943983,0
2026-04-12 08:00:00,2.1844562812366304,56.57164911663956,0,13.105814675073429,0.6,1.6512164856912,3.6608364813003704,19.102786412995183,0
2026-04-12 09:00:00,4.9956623681849575,62.852213876625186,11,11.632467181718072,1.195916598661541,2.630078152599321,3.5050131886286655,19.21967496307074,0
2026-04-12 10:00:00,5.253140305670303,58.67623083697588,4,12.298881115221693,1.558496417200666,1.2183582488184217,3.938892895361892,18.716968091446905,0
2026-04-12 11:00:00,4.7618466992115955,62.36207504613813,0,10.446372286244882,0.9144874079467366,1.3833080884087428,3.6641914206357593,16.793477659155084,0
2026-04-12 12:00:00,5.2754083224772375,56.320284608016955,17,11.051086542915035,1.0896930469695683,1.8774443844546296,3.7519957957058736,17.920504067841772,0
2026-04-12 13:00:00,7.766237497493891,49.920594048793845,3,9.068973870133437,1.4341247646967037,2.4245352722105187,3.649303075280822,16.467709937362525,0
2026-04-12 14:00:00,9.108009544127329,66.57943661699017,4,8.202900748595104,1.0846686823147103,1.947907867056241,3.78423541538602,14.906018304322403,0
2026-04-12 15:00:00,7.075781532842052,66.97283231494991,9,8.26002907621966,1.1202291068585624,2.552087229046306,3.276697695834001,15.675083717370564,0
2026-04-12 16:00:00,7.065873969342773,63.00330429056469,5,10.81668494234779,1.6362473670092632,2.1035361570485342,3.4395094949027256,18.230659136729226,0
2026-04-12 17:00:00,7.361462333098466,55.152039137930515,6,8.759519479565869,0.7994524426958982,2.340813774260562,3.77912070105232,15.963919194055038,0
2026-04-12 18:00:00,4.013840772128738,58.18771158193701,0,11.447824279162209,0.9391374605853524,1.6481511628161631,3.8250869867756996,17.797434459245927,0
2026-04-12 19:00:00,6.078936608411563,66.73476221907012,0,8.976727824981383,1.4032564538744199,1.7084044847367421,3.414707696073282,15.641975430069524,0
2026-04-12 20:00:00,5.30847595125234,56.89566281115627,4,11.197656532849432,0.740818425571669,1.978720411535841,3.3432053250936677,17.347745348198288,0
2026-04-12 21:00:00,7.435890736267643,53.627745729715485,11,9.083866544212608,1.9193715059076677,2.587534244717253,3.6691282680525465,17.216238001340223,0
2026-04-12 22:00:00,1.5262155622994804,73.0887463820941,0,11.846025434579055,1.0241033802266297,1.9944532895481126,3.6728118628128965,18.564708245109436,0
2026-04-12 23:00:00,0.6619798892620373,62.21744899337024,0,13.411526435813382,1.4060845834943279,3.065146597803305,3.6221073565767132,21.782377767393143,0
2026-04-13 00:00:00,2.4467675683275445,71.77547629483742,9,11.97528714598392,1.5673523123078896,3.051720957320823,3.627055638608325,20.621313940049813,0
2026-04-13 01:00:00,2.1823511950366092,52.97288513958253,0,11.91490903000967,1.0466992266131505,0.9995585463496633,3.322221742708904,17.220514366977675,0
2026-04-13 02:00:00,-0.23903366084269728,66.28838454233903,0,13.91607121544846,0.9323457608537045,1.735602534932735,3.5437484791373812,19.79950392676774,0
2026-04-13 03:00:00,0.10449755710489106,75.34812242747103,0,14.219382979786696,1.0849624033160314,1.6173468718805264,3.566114845351626,20.898705333185312,0
2026-04-13 04:00:00,2.0594480116228464,61.633918459236035,2,11.86079976296138,1.3854394866216313,2.4860587163645,3.5257639697730205,19.67210141644879,0
2026-04-13 05:00:00,0.2888475564958728,61.199337379021316,0,12.679514438039192,0.7547513046136999,1.657913416829453,3.3121892359659473,18.504465265835478,0
2026-04-13 06:00:00,1.7227067202721877,54.701458454205344,0,12.659617035587951,0.6788594939441139,2.0089299948509995,3.687710479998718,19.483274745000493,0
2026-04-13 07:00:00,3.4170555465652295,66.93126666668756,19,12.75450984719863,6.761470952613768,1.7933222663739459,3.8058643722382017,25.197071269713824,0
2026-04-13 08:00:00,5.863710264095552,53.98144880608421,46,13.019252200313078,6.470800725348487,3.6488796348730244,3.664803315895828,26.576471152002853,0
2026-04-13 09:00:00,4.048663510251316,59.39465101097158,76,13.094711485419275,7.391929358709942,6.921531930596107,3.876104258780456,30.956244548984802,0
2026-04-13 10:00:00,2.7885609144455707,53.50156563541015,101,15.303260988605263,7.647228526885314,7.377609979193711,3.929463268774099,33.92714070011974,0
2026-04-13 11:00:00,3.3872725392696705,69.80091319613234,115,16.641010747283794,7.914747036071806,7.675692989438941,3.9869211600339605,36.2195111390649,0
2026-04-13 12:00:00,5.060701199742821,66.13378596454697,122,16.55326893306014,8.596636402485675,8.619291892050143,4.161974882841016,37.814610697600884,0
2026-04-13 13:00:00,5.3189697709695585,58.82126417649405,119,13.925524733390652,8.012190784284867,7.871123470946369,4.1535978427935705,33.81772292646835,0
2026-04-13 14:00:00,7.407776210243868,50.51927422879553,113,12.707440262213236,7.809110855123743,7.8874819061469434,4.213215685690632,32.590522052821875,0
2026-04-13 15:00:00,5.530258630793524,68.06774832236064,106,14.447330069827643,7.713599527303788,6.9763219273401935,4.1820893530034144,33.53383371410736,0
2026-04-13 16:00:00,6.007019981447202,56.299144651631714,94,12.983733897006154,7.415789553322874,6.615075451992956,3.950229086016774,30.828075919186855,0
2026-04-13 17:00:00,5.329542229581145,52.37161428290903,74,12.531480103234975,6.997468257581235,5.682648489743618,4.322315665416919,29.355064152045777,0
2026-04-13 18:00:00,5.171751136456124,48.548478572822646,48,12.515960825950573,6.589193597979442,4.94431469145152,4.024492793674315,27.953709244455183,0
2026-04-13 19:00:00,7.324738521345845,53.63065531762797,17,11.226187620611231,6.788123539511016,2.943820703457422,3.5692790095236893,24.757642242965396,0
2026-04-13 20:00:00,5.295925401929591,50.30022721337316,7,9.765777430801327,1.475021089471149,2.472335816173942,3.646989817988832,17.34261968240172,0
2026-04-13 21:00:00,3.2921678480080967,56.79394909485698,10,13.279209934378914,1.1591812078991146,2.338401406886209,3.3421280006129437,20.18889748086451,0
2026-04-13 22:00:00,1.6368698229102892,66.23880003500358,7,12.47580012784572,1.5695794721165879,2.5552820942663135,3.632088644924041,20.621006224610426,0
2026-04-13 23:00:00,0.959245249485662,60.02816507903435,2,13.430271292304875,0.6,1.5169163287955418,3.859054214384879,20.11706014684727,0
2026-04-14 00:00:00,1.9498879129683466,63.67174435795601,0,13.781745587359847,1.5814874231004845,1.470282324758248,4.017195670555239,21.01080785967943,0
2026-04-14 01:00:00,2.0361548599827226,57.13287589781957,0,12.71928905505171,1.5533045194394228,1.983415982155596,3.58180822014531,19.97315694195546,0
2026-04-14 02:00:00,-0.6191419330754526,63.85537084799198,0,13.761109482624413,1.8827169049082744,1.6743836744877707,3.650232357754951,20.672310659120836,0
2026-04-14 03:00:00,1.1050847198280227,73.69659139264512,4,13.713591360655538,1.52604300367753,2.0137693682367264,3.706796804334907,21.052329423046146,0
2026-04-14 04:00:00,-2.0610343526771127,62.454859296346456,5,14.871866962686774,1.3430320903528103,2.0011391249384323,3.916955535728511,22.148492536671853,0
2026-04-14 05:00:00,2.3088475262326673,63.574940981043454,0,12.717949274460743,1.5518991347038522,2.364052686552665,3.4525538493003682,20.309517008378922,0
2026-04-14 06:00:00,3.9694615386253345,50.62974048122037,0,11.173967508895048,0.8809666990192412,2.3874988197054927,3.9983269573079037,18.34279826967693,0
2026-04-14 07:00:00,3.0418245037392575,69.83926835669678,19,13.229664105422462,6.103604227904247,2.5632254077463132,3.6284392169848374,25.575112224019875,0
2026-04-14 08:00:00,7.511903720733747,54.5028324357805,39,9.532710487934253,6.579514313541297,3.153058793899171,3.58047690916192,22.997068586144525,0
2026-04-14 09:00:00,3.8315691245131047,66.42952505605417,72,13.126872608507458,7.675108535815137,5.439826394600561,3.840710819411628,30.557154002040622,0
2026-04-14 10:00:00,6.5434565333111125,57.35332582546323,88,11.797652470785199,7.1844425765262185,6.236367934044418,3.830559249145544,29.439965178654298,0
2026-04-14 11:00:00,6.8377794921163595,61.54114157103757,102,13.198944351215442,7.39927840585062,7.784286753359583,4.0708883537437694,32.76991595333094,0
2026-04-14 12:00:00,7.28439070588731,61.562781533850526,117,12.286422815537545,8.088788327372455,8.649223864548505,3.820140879354911,33.02635570439801,0
2026-04-14 13:00:00,7.610200533699236,54.57770756264927,122,12.942618430400989,8.347135673976553,8.04601661763291,4.109246005709136,33.33718509437045,0
2026-04-14 14:00:00,8.10588637831167,63.47202383083736,111,11.937579016924184,7.651921798420973,7.565472858650319,4.143595340902967,31.480203690427466,0
2026-04-14 15:00:00,9.246078083195597,51.51153225364471,105,13.136015695377614,8.024646283470176,6.909445010735203,4.242425098876435,32.1194651062833,0
2026-04-14 16:00:00,9.79704834220817,60.31981906350913,93,10.42016767977859,8.052939769717641,6.975470335585242,4.0740909131429435,29.471113981126507,0
2026-04-14 17:00:00,6.894856145791416,55.48762612565725,64,10.851746873102305,7.472161592719234,5.299787607662166,4.069191171849751,28.137479452859292,0
2026-04-14 18:00:00,7.5598451499873445,59.42746382930185,34,10.643960640019955,6.635652468984885,4.0251048178475175,3.645149849093766,25.08436320707304,0
2026-04-14 19:00:00,4.136670676500862,57.12553897849879,9,12.905187931278826,6.030290787888858,2.5187090825517444,3.695128538436622,25.206069608027338,0
2026-04-14 20:00:00,5.725932096930164,59.00540677554195,0,10.226105720383957,1.707468272476595,2.0745913369752818,3.2656159508308353,17.362708996292703,0
2026-04-14 21:00:00,2.2225555789308613,54.884921105651244,0,12.319942319038448,1.105391398072008,1.106099082096418,3.5829018061721145,18.090877637778142,0
2026-04-14 22:00:00,4.527929718645393,61.08939461914872,0,12.046406732048451,1.4291241168653217,1.518153283533484,3.658012692361439,18.11274222487564,0
2026-04-14 23:00:00,5.707023584711161,58.98485932122414,12,11.452509791440683,2.001398517714952,2.8870037871344416,3.7195848813901646,19.74440019053103,0
2026-04-15 00:00:00,1.4364661190001673,58.68172908631504,0,13.147181638669416,1.392343827870477,1.55764074669181,3.3638884242851517,19.615364224932797,0
2026-04-15 01:00:00,-2.4329666845872646,64.49455721509867,0,14.585248094340459,0.7510180684825456,1.0675953564889311,3.5414751133648994,19.7152003450539,0
2026-04-15 02:00:00,0.24337365528086985,63.6214966155468,15,14.388609604966385,0.9363420265420995,2.9885953109422454,3.6223859248713777,21.90903643216728,0
2026-04-15 03:00:00,3.3885449780771455,56.76044894685147,4,10.726016636433105,1.067829702977915,1.760230752243517,3.5516387355513483,16.79885504671741,0
2026-04-15 04:00:00,2.58423926649445,60.289269095751145,0,11.642200785919142,1.348324693210379,2.2781866471320953,3.7087508769959325,18.797801101245273,0
2026-04-15 05:00:00,2.623377025391703,54.99915558558669,1,13.298611446037011,1.2736750533954047,1.8467133756218599,3.571475884810246,19.98941037681983,0
2026-04-15 06:00:00,4.639833846920295,73.59452284857582,5,12.165490516579128,1.9624787229122858,1.9502512506945153,3.6348990440897864,19.944084693421203,0
2026-04-15 07:00:00,4.592801830660564,65.91011058825369,28,12.306162697685172,6.556269700716492,3.9534359010055153,3.638557060109677,26.735507201927778,0
2026-04-15 08:00:00,6.7452304604640005,59.57964178844131,41,9.619283355829554,6.523395574137278,3.468804971388273,3.923723666276013,23.351548259175594,0
2026-04-15 09:00:00,7.143984549955766,64.67468915239334,64,10.769911738639134,6.655330263911539,5.965399530833991,4.02688512794722,27.49420247097916,0
2026-04-15 10:00:00,9.011988411449899,44.365493831309905,82,10.739468778467804,7.789153082264071,6.022289802004335,3.8817487383341573,28.076303223027253,0
2026-04-15 11:00:00,7.759924718590617,41.833978034053,107,12.74688443814647,7.823878569777112,7.758066437142204,4.455588384980337,32.79852047987543,0
2026-04-15 12:00:00,9.245127537582327,53.67040797631382,108,11.057497107797479,7.3168510811185445,7.817319087941511,3.917028330340044,30.347025087382065,0
2026-04-15 13:00:00,7.533722009562973,49.07832363121512,117,13.16839025558769,8.013791211020344,8.042796079396876,4.219079537082039,33.4272952348124,0
2026-04-15 14:00:00,7.15261426214676,56.21590615669996,111,14.790319918479163,7.549491661105547,7.562049289465377,3.901349898811895,34.13213257810294,0
2026-04-15 15:00:00,10.957343022521062,56.0159325766786,113,11.560409748424721,7.785026871377565,7.8485800149656875,4.167953637239434,31.571200097639284,0
2026-04-15 16:00:00,8.073734504791174,62.46718611145029,87,12.17729529038995,7.468167191754933,6.12844679229324,4.052250599019964,29.886491010548415,0
2026-04-15 17:00:00,8.518268337916028,49.7817148409117,71,10.370360028793913,6.861187683082753,6.587882289326614,3.7322392823972286,27.489243088438265,0
2026-04-15 18:00:00,6.635455666296433,60.421192367238106,35,9.705247884178062,6.359331540865275,3.5084910631907507,3.720409555324166,23.15989759609353,0
2026-04-15 19:00:00,4.583887693091953,59.64842238909443,19,10.663787997572236,5.9815580580603385,3.366526264493474,3.95616091695468,23.603541520391744,0
2026-04-15 20:00:00,4.693768559187151,61.56472944020814,0,9.574102917238642,0.8489487812879177,2.2622278313593416,3.477854764462782,15.839344966897231,0
2026-04-15 21:00:00,6.21042081414336,55.22355268487088,0,10.097984137590059,0.7471928190039541,1.9633183825305882,3.660279898067696,16.71750890109478,0
2026-04-15 22:00:00,3.8690057680720904,68.39705651311866,15,12.228085298044075,1.2010324023889072,2.5639444346701734,3.7103225829427466,20.08180741960871,0
2026-04-15 23:00:00,-0.7092804638976267,62.91090845734486,8,13.559150706805145,0.9308555453791163,2.3272018311861715,3.6256575568147285,20.17260647642483,0
2026-04-16 00:00:00,1.5274049913819003,72.49953959748619,1,12.907440576925817,1.323304440591546,2.1124763952643746,3.3443304418688715,19.704598585840444,0
2026-04-16 01:00:00,4.57356853639317,54.82749167561178,21,12.897525301877788,1.5482800187356016,3.0002108072684472,3.8082937551469964,20.86069152873603,0
2026-04-16 02:00:00,1.0609548156619737,66.66124792798684,0,14.590804080793847,1.518150328746776,1.0949629542103643,3.601742442280263,20.561463914437272,0
2026-04-16 03:00:00,-1.517144687152947,63.77984763200154,9,15.451272199148082,1.922346186653161,1.4767599076874518,3.801576850905407,22.716912478362612,0
2026-04-16 04:00:00,5.111503672779688,57.19991774541465,0,10.535455466621107,1.3370637548726192,2.479044700715298,3.6347637157804225,17.856653379166836,0
2026-04-16 05:00:00,3.6096030133357306,64.08668978280348,1,12.17191364736628,1.2753554586216578,0.8,3.6136703847395393,17.38189110938298,0
2026-04-16 06:00:00,3.0553876208251385,58.91341840924361,0,12.949323166863788,1.3591180453032128,1.8880583191320832,3.6558811548956056,20.282096878046268,0
2026-04-16 07:00:00,3.3871326716085592,44.487858473349604,20,10.769680540234589,6.423306085950756,2.7942598934779626,3.531870377833475,23.506830237969652,0
2026-04-16 08:00:00,6.7644077614528495,39.549485439864526,45,12.477298728594478,6.727569770899307,4.347360515634345,4.013715934090302,27.28984356218764,0
2026-04-16 09:00:00,4.908904358281195,66.9528546929934,67,12.702166015722456,7.095735967778411,4.972014966444683,3.8116878485823245,28.61361335043737,0
2026-04-16 10:00:00,8.626445402484078,63.911716695415116,97,11.603691302609242,7.288415512578289,7.292804869570356,3.9336157698591125,30.098310656507547,0
2026-04-16 11:00:00,8.32101520069105,68.0832842770174,103,12.134868805530456,8.047621844006693,7.557707395378783,4.205844447587792,32.05149888800174,0
2026-04-16 12:00:00,8.371457667380929,56.616237259771246,118,13.170621863939667,8.013046816549585,9.53245528627589,4.10910132932601,34.740261596264666,0
2026-04-16 13:00:00,8.552525041889151,48.82979740659579,125,12.165532072745279,8.657331641001726,8.733491020932806,4.064532495230594,33.699451851183724,0
2026-04-16 14:00:00,8.126963818392797,54.38727408029939,108,12.478509757579417,8.164297566254861,8.346705798072662,4.094073014032995,33.31949512929663,0
2026-04-16 15:00:00,10.08273807717439,55.50649353428708,102,11.782233680437166,7.516916932203409,6.735591446048381,4.1018976117939925,29.807093635580003,0
2026-04-16 16:00:00,6.484415579479316,52.09445896967986,90,13.203895963321191,7.956341866414565,7.209042893120421,3.9422490559884418,32.13821626543172,0
2026-04-16 17:00:00,4.64201049934846,69.40994046333185,73,13.807285521867067,6.317740315223749,5.91682298633058,4.030349512752214,30.28201382664284,0
2026-04-16 18:00:00,7.718957689724106,70.64779901056934,53,10.758829570055035,7.529579010735235,4.836382407812638,3.6214168445508834,26.608361551087402,0
2026-04-16 19:00:00,6.903381296379874,60.69214823209616,17,10.7860068100698,5.737544152787618,2.862605844557171,3.707271468358238,23.073010152054177,0
2026-04-16 20:00:00,5.740819440076902,58.62920293975315,0,11.15545762235768,1.2732892627098045,2.5678521770893377,3.720040452623454,18.599041389934854,0
2026-04-16 21:00:00,4.711681051298742,51.69643734067935,0,11.704376439976897,1.2495956581516348,1.9147970095751576,3.6932692657426225,18.460032117152572,0
2026-04-16 22:00:00,2.6294908376330683,70.30648524871151,4,12.59698350044733,1.5653009016446127,1.6671450778664032,3.279842581348872,18.98603830357912,0
2026-04-16 23:00:00,3.788256344109377,60.616648607012245,0,12.193925407395502,0.9849561174434559,1.5228278823278494,3.581011116669423,17.968048514748652,0
2026-04-17 00:00:00,2.063131739118315,59.717664805197586,0,13.140232058603162,0.6,2.167707372239118,3.417894463121193,19.44063313225409,0
2026-04-17 01:00:00,0.9628360224490283,65.16491751521045,1,15.257761432326882,1.0034492310168055,2.056354956199058,3.7968657556505483,22.38000717277942,0
2026-04-17 02:00:00,1.1414542370123901,58.6296401483056,5,14.12741019857178,1.11329319412512,1.3862868520878417,3.561398914700507,20.14426649779421,0
2026-04-17 03:00:00,5.2260165637537455,59.9617386159156,0,10.537915083714603,0.6,2.0315888207366872,3.7762055778809698,17.183075214822296,0
2026-04-17 04:00:00,-0.8088787848762009,54.951857983583196,0,13.379806265350698,1.1158800631362584,1.31294593943699,3.4174434237371085,19.103304997857762,0
2026-04-17 05:00:00,3.546435510996512,66.86269650226723,5,11.549155199814736,0.8134519789674093,2.2722161088938417,3.678596417609781,18.175890746944226,0
2026-04-17 06:00:00,0.5671817408862507,61.94814744752127,0,13.04560670580599,1.3271797860827088,1.4375006826666343,3.6011910903082045,19.514152490601017,0
2026-04-17 07:00:00,4.0818061348386925,66.89145056267505,14,12.171690495974252,6.065872092460721,2.443333219396523,4.070610389008347,24.85834985889594,0
2026-04-17 08:00:00,4.434502743084451,58.467305875636946,37,11.80278341285958,7.252383209931907,3.5898361939947425,3.924689153144223,26.5415022876019,0
2026-04-17 09:00:00,2.5329880213496008,60.28306073128393,76,15.784608684833554,7.178337470105832,6.663510842455922,4.07108264049562,33.866686665489716,0
2026-04-17 10:00:00,7.5830333715839675,50.03882040156028,87,11.175190239765062,7.616636943219419,6.76583148763951,4.2521711612958715,29.488085614157768,0
2026-04-17 11:00:00,7.000478496272753,62.308182965904294,103,11.87870236310867,7.679424972739175,8.032500851038298,4.054565138689872,31.56920031069852,0
2026-04-17 12:00:00,4.63410759873799,54.26937957680796,116,14.904124786391687,7.419856134038857,9.482845653558297,4.049074060842743,36.09710509135546,0
2026-04-17 13:00:00,9.979675614174537,52.59670905017372,116,11.237740904422358,7.916350448201876,8.201062403868473,4.031971418039636,31.627656737228886,0
2026-04-17 14:00:00,11.11117997042776,54.6728981386744,114,10.178928533964463,8.215694704410017,8.745895583835551,4.105172498650673,31.45469774321222,0
2026-04-17 15:00:00,11.08562124176248,55.41312917081428,107,10.445683715773887,8.036696431982737,7.370244950483241,3.612481607271384,29.720291495046347,0
2026-04-17 16:00:00,8.812984330199608,46.15368011104374,88,10.99928042522109,7.381356291760246,7.204695149468219,3.952348931156257,29.44454565946347,0
2026-04-17 17:00:00,7.724842037580583,55.82153327888646,66,11.477699083190638,6.578135359079412,5.066621018656846,3.898018730570241,26.59417467068022,0
2026-04-17 18:00:00,9.179535723369424,60.88672951933521,38,9.149492649794325,6.809560505706651,3.8817131908071705,3.7286224283918212,23.504692176809982,0
2026-04-17 19:00:00,8.93758822078356,54.02678062726892,11,8.409891345345477,6.2448203049122215,2.646594945575791,3.414363871307087,20.874669399880702,0
2026-04-17 20:00:00,7.098736262735132,56.32755727766872,2,9.588840393036591,1.4311937988484098,2.222404053525775,3.585524512107983,17.02782194231021,0
2026-04-17 21:00:00,2.665188886197085,61.97554464040854,4,13.04558370259403,1.0760607316678823,1.4473517610432605,3.385945118610787,18.82337344097327,0
2026-04-17 22:00:00,3.763955718311938,59.42127061598406,0,12.633502055770109,0.6,1.4098401342639928,3.866063660924508,18.267401908435588,0
2026-04-17 23:00:00,3.4439731789890837,54.233927101432556,7,12.005709606173584,1.4128160640768432,2.460152535446903,3.589397470079788,19.250948335397872,0
2026-04-18 00:00:00,-0.6906334259592111,63.29989832746798,7,14.466001882072757,1.2228000322242805,2.019527546554105,3.3185943920220633,20.891006669830304,0
2026-04-18 01:00:00,2.8339770637891912,66.83895622219349,8,12.129743689165595,1.7310893206900393,1.6111931710123797,3.6010233572645,18.59876465766156,0
2026-04-18 02:00:00,5.780890438610576,52.35727648743953,4,10.812082441653128,1.1820565613562464,1.9880604694716748,3.7503097579730897,17.600722778652088,0
2026-04-18 03:00:00,3.1239554242952208,58.41014209486368,6,12.350281342376082,1.1920865887836747,2.0764628222443027,3.650411711102219,19.281211644653684,0
2026-04-18 04:00:00,4.890517659651065,51.04232381165124,15,12.389177903873112,1.5160390651530933,2.7046117415890065,3.5229215887747833,20.108279219098105,0
2026-04-18 05:00:00,3.252885641511497,66.20862747180846,0,10.24236262459899,0.8910741259196042,2.0381585944262848,3.498262772273711,16.587290468541067,0
2026-04-18 06:00:00,3.542333183673118,59.78910087121788,0,11.397848558499824,0.8742024976067508,2.0095431115875093,3.5569729132889454,17.666252076342563,0
2026-04-18 07:00:00,5.159099039724451,54.02947791857148,0,10.919074452261933,1.0657366567817204,1.4543221074711332,3.534050485799626,16.829981910617914,0
2026-04-18 08:00:00,4.029899032872079,60.53116932620501,13,18.624799026029677,1.0118577921055099,2.330127189079229,3.463065078782072,25.291067918722685,1
2026-04-18 09:00:00,4.684253174005976,52.2652088301228,13,16.86360502779655,1.2538165870869122,2.9325049119795223,3.6418603378524548,24.86815690592894,1
2026-04-18 10:00:00,9.319522081633536,49.809385250012404,0,11.417999649033131,1.778846475107045,1.5555668098306286,3.3999398648201056,18.152120564963536,1
2026-04-18 11:00:00,10.224660051471611,46.570703782285605,0,13.258117224428801,1.4649218043542285,1.6222085736034224,3.7423567268823543,20.87931449843795,1
2026-04-18 12:00:00,6.763012511192654,51.527065191261116,0,14.459645635077804,1.2078132794898775,1.1230789138847195,3.7606658773349415,20.468119492600632,1
2026-04-18 13:00:00,10.443142694198922,63.31166848334965,9,10.305384868664058,1.8050870413342213,2.2820937884544437,3.4855218844899962,17.987555870173274,1
2026-04-18 14:00:00,8.76897237591538,52.02456073036789,0,9.239254309977,0.8112863656976741,1.9553717091422493,3.4925034130367347,15.420907351828374,0
2026-04-18 15:00:00,9.375219303091086,58.76593625859056,0,8.569559124564021,1.9716539544579983,0.9110280516988759,3.5365499797299376,14.905207342982147,0
2026-04-18 16:00:00,9.230264934730759,51.0594927792164,15,8.718747059889571,1.2088241188540956,2.1433873282831,3.6552723308528914,16.116823729846654,0
2026-04-18 17:00:00,9.582073864409871,60.37064707627191,4,7.490755884433453,1.873332063428213,1.38022251902798,3.654527161514817,14.64822472218321,0
2026-04-18 18:00:00,7.307425277613035,51.362939036202334,5,9.485940184288046,1.8897910667228772,2.4297585066651846,3.6894579073762084,17.05627521232106,0
2026-04-18 19:00:00,8.71994638431773,56.69540777833224,1,9.589901177511083,0.6,0.9944419269489776,3.669958279220132,14.598669886569983,0
2026-04-18 20:00:00,5.942806162037487,58.860003237685575,5,9.076412997195218,1.7034822500996352,2.039591931299292,3.8530798329256006,16.638506609822286,0
2026-04-18 21:00:00,5.572050939784996,72.78779381372081,0,9.157028361533026,1.0006318008415633,2.1230379697254973,3.6090546098477283,15.760474552734737,0
2026-04-18 22:00:00,2.250257928832296,65.09485828125676,0,11.83263814294734,0.9012110399386755,1.884519742103708,3.4046277728393957,17.645914918963555,0
2026-04-18 23:00:00,6.611650918490917,54.48383772515617,3,9.888927517840704,1.3376233420577452,1.7670186014524718,3.3706227847740404,16.393143492203038,0
2026-04-19 00:00:00,3.4273548980555226,64.53977760836145,0,11.255100640820773,0.7472296363358347,1.9559107740490518,3.8453680312473097,17.334077798004717,0
2026-04-19 01:00:00,3.491096672927545,73.2107243182156,0,12.12941718983564,1.2756989807706975,2.266637985224013,3.6764483802675025,19.37989072644385,0
2026-04-19 02:00:00,-0.574174437207005,53.65281428499949,0,14.844088329138739,0.7707219311958519,1.751574775250615,3.6309678497196445,21.179847051142968,0
2026-04-19 03:00:00,0.8804076106064047,57.28480203663283,0,13.352378605534259,1.1619777477416366,0.8,3.6673517169264316,19.199892041692586,0
2026-04-19 04:00:00,4.733054798068922,58.02882354676854,0,11.343174092124908,1.5673769026815518,2.316479756465546,3.6240403387323075,18.814992572640435,0
2026-04-19 05:00:00,3.6725826087971276,57.743033680550454,0,11.727581728516602,1.2352812774013586,1.9801190947771392,3.664978335467642,18.98566437432868,0
2026-04-19 06:00:00,0.6563158926434411,60.51122289053817,0,13.266943254999058,0.9740729444515988,1.785115635745907,3.544111737216432,19.653150084023927,0
2026-04-19 07:00:00,6.5189676632662845,50.28538065899083,3,8.9291517954538,1.3434938887932721,1.073832668293806,3.770279488445618,15.328214164734854,0
2026-04-19 08:00:00,4.735310674452985,67.87225331546033,0,10.071126442735164,0.6077319152982852,1.6657611285748282,3.521270213311594,15.681823767387167,0
2026-04-19 09:00:00,8.96484697570185,47.7407131773639,0,7.359653972515385,0.8063987255313881,1.4060352464744779,3.4645069322513375,13.417003575981658,0
2026-04-19 10:00:00,7.260420788226326,56.35340755109526,2,9.380152106859862,0.9854054788225448,1.3626743316659873,3.3543733040189907,15.08186580173956,0
2026-04-19 11:00:00,8.482616542240432,62.91302114388386,0,8.905904830504046,1.375397586141344,1.7385977561849018,3.564341293652087,15.978434235691811,0
2026-04-19 12:00:00,10.695053138703953,54.79760100309692,0,6.277459271726606,1.2420295638375003,1.558814901526064,3.7901253842103997,13.207967443122078,0
2026-04-19 13:00:00,7.514743783411429,51.48757716102481,0,9.339524643302978,1.2873082590754696,1.5884555388097654,3.531397478626733,15.811095421941177,0
2026-04-19 14:00:00,7.471901868534918,49.30401966035507,6,8.816123853641582,1.1984161078813484,2.462831864968247,3.417217818752433,15.996011378018933,0
2026-04-19 15:00:00,8.706434519187573,55.090178934442626,0,7.734908504041719,0.8241651238991025,1.915007463053707,3.6427242133454865,14.071821238607722,0
2026-04-19 16:00:00,10.097024114454229,50.88505451905653,2,7.353446480367981,1.6568409277992675,1.6870183295975991,3.510339830558906,14.002849851380734,0
2026-04-19 17:00:00,5.872123846562598,59.82729366529592,0,9.337786970317657,0.8557722909363191,1.5199284506175945,3.83224006443407,15.694527323319512,0
2026-04-19 18:00:00,4.574082622041152,51.160731147124054,0,11.472359373583561,1.2466636323970373,1.5953136432931565,3.761189664811988,18.211536844142667,0
2026-04-19 19:00:00,7.965933675685886,61.903764164561316,9,9.200354933663043,1.2227633713961874,2.1836500964545467,3.4453657807688205,15.647466043115173,0
2026-04-19 20:00:00,4.6346783104887095,60.217288406120254,5,11.77905782550662,1.3870476084621297,2.337822582969131,3.5939157897171663,19.077149032015154,0
2026-04-19 21:00:00,4.087090562029311,61.07370044459288,9,11.229690392337982,1.0500795551740723,1.8258479416680755,3.522709298464971,17.845330777997255,0
2026-04-19 22:00:00,0.7531637585543343,71.08158785052434,4,13.018616170531539,1.5404370063104675,2.67629764787752,3.4419243120878322,21.04370941039922,0
2026-04-19 23:00:00,2.030602873301331,58.85027485479281,4,14.100956446135996,1.654397270542578,2.283147396007437,3.6076098262285288,21.827440065460653,0
2026-04-20 00:00:00,2.8564554850411437,56.502758217819796,0,10.684807441331863,1.44696307887373,0.8,3.7227349145718516,16.27518875218502,0
2026-04-20 01:00:00,4.1013107685068135,56.63743515353865,0,12.288824749001806,1.155168864090777,1.8384071554928445,3.5877439068246066,18.606533556072385,0
2026-04-20 02:00:00,1.0893175199607494,61.02785244288989,1,14.366815068539427,0.9657061638637108,2.3233314895191084,3.5265773122529356,21.095930760450166,0
2026-04-20 03:00:00,5.33720781494314,58.45130477004468,9,11.472073464342179,2.2497391243508456,2.4699176586723603,3.3050645225713366,19.84649775352426,0
2026-04-20 04:00:00,1.705574648208439,56.736632594233036,0,12.386390328542284,0.7529314093333112,1.6144465681268272,3.5001277020411234,18.10212692966315,0
2026-04-20 05:00:00,2.2642790057119226,49.163279227517705,4,13.608239834078878,1.4804303431020467,1.9925086991597725,3.69877071421712,21.04459957023943,0
2026-04-20 06:00:00,6.763916640785899,54.56148851413635,3,9.564519260432181,1.2704747108268184,2.045243976676958,3.4107088602542146,16.135163658788752,0
2026-04-20 07:00:00,5.354024403719471,61.14343569493174,25,10.84503737727413,6.328111895237448,3.521314714580492,3.892384317688376,24.720002760855905,0
2026-04-20 08:00:00,4.961966763239955,60.09607476509099,44,11.991444601967494,6.7568070289069055,3.5832073183443347,3.688454770722989,25.784906598653475,0
2026-04-20 09:00:00,6.5425491374114495,65.29041496589637,74,11.979166509006529,7.053424643823544,5.597741741043554,3.9250579729969393,28.50693751886286,0
2026-04-20 10:00:00,9.950633884381137,67.26994385049687,80,9.911333847123275,7.489469440135837,6.937360157630366,3.860129126678289,27.915389691236392,0
2026-04-20 11:00:00,10.86782733007621,59.40513213119365,97,11.619666415842971,7.756888570086024,7.149826250476421,3.811552488936747,30.698708606412524,0
2026-04-20 12:00:00,7.542949311045735,65.63791187116506,103,12.251330717496048,8.691178628023811,8.152555961595136,4.078044408212247,32.99939663359671,0
2026-04-20 13:00:00,9.209011717436889,60.69388696550105,125,12.650055612749506,8.524787775279316,10.018516867002914,4.010298094512228,34.816871732937116,0
2026-04-20 14:00:00,9.55367540959451,66.09413897836842,121,11.178850750916142,8.258558970244241,8.233584336936373,3.9590453253942677,31.22346014069941,0
2026-04-20 15:00:00,7.604541006693157,68.40171605072774,112,13.174014761517322,8.11744562665837,7.421223486387698,3.6915776090973846,32.382903281577654,0
2026-04-20 16:00:00,8.836833126300181,62.07936617994843,86,10.599895951367703,8.091838179423512,6.4105111801490295,4.139403015995478,29.127131289907968,0
2026-04-20 17:00:00,8.384331399480443,60.95003232893718,66,10.142699129961159,6.748350702340905,5.924546722941929,3.8649223122463465,26.842699794281653,0
2026-04-20 18:00:00,9.588764916752085,54.577033280811726,44,9.531086020206924,6.628043539683381,4.777503142299329,3.9419854081332617,24.81983900374476,0
2026-04-20 19:00:00,8.8588980085475,56.10780280780592,27,10.292416967187199,5.718501410312445,4.307389868320581,3.8010288610493985,24.410828659611763,0
2026-04-20 20:00:00,5.3407528253493215,56.96741139288643,12,11.31469431148923,1.5115708447566656,2.443437516307677,3.813964862726289,18.987313488243377,0
2026-04-20 21:00:00,4.630821800137433,63.25439331526726,7,11.606419664826495,1.522860812690505,2.4046254319986198,3.5433782777045786,19.333904676646398,0
2026-04-20 22:00:00,5.279705716054217,54.71813248880325,4,10.61383694070535,0.8235399817178082,1.6997036570704538,3.4101316582148424,16.30907298547185,0
2026-04-20 23:00:00,2.430714705230801,60.03032671239744,10,12.311673258845719,1.7822780063002464,1.2218567727800724,3.7544039313120807,18.694378657690365,0
2026-04-21 00:00:00,4.10833444634172,45.78772985417391,0,11.89007853191719,0.848392002581325,1.782156286058209,3.6195298115498575,17.934322033793546,0
2026-04-21 01:00:00,2.608553681094267,71.38212410781436,0,11.676497135108683,0.980136161844203,1.280810585817131,3.5300450425619356,17.185303234263863,0
2026-04-21 02:00:00,0.9907575194780156,60.93408436487358,1,13.767907962260907,1.1598480704670113,2.1445107414668514,3.7154070111612985,20.477516013273373,0
2026-04-21 03:00:00,1.1313722977265328,64.88495340072457,0,13.97256161846586,1.6579687269659353,0.9533730057573772,3.6462195892586684,20.333535985116978,0
2026-04-21 04:00:00,5.567645971641009,67.57098568953765,1,9.772655910067593,0.8176307636716857,1.5223001991771081,3.6998407711201975,15.746348493519502,0
2026-04-21 05:00:00,3.3979448529371474,62.25330198494422,0,11.113635588789888,1.201936493877989,1.9204556416382064,3.446640835379358,17.71811241617155,0
2026-04-21 06:00:00,7.1773370612608,66.28305941661499,8,9.320588099337051,1.5151932141773479,2.407562975335906,3.778642469299433,17.153874108328917,0
2026-04-21 07:00:00,4.3596868005595,52.27980802667217,21,10.672811555072757,6.47696455728782,2.9336523386357696,3.6833053986002704,23.34530967063105,0
2026-04-21 08:00:00,6.6337839435572095,72.40892157991831,53,11.271883127429732,7.065890361573346,5.555305325568999,3.97473052572813,28.010291957157396,0
2026-04-21 09:00:00,11.112152188623504,61.188547049464965,59,10.30111152037397,7.228525077760879,5.751258636114102,3.9812379980698642,26.960832023181545,0
2026-04-21 10:00:00,6.091177635706096,59.68683172814027,102,12.840656537422186,7.541847046388208,7.102052628120336,4.110944698883234,31.451295908699617,0
2026-04-21 11:00:00,5.387324185956966,67.50998285628495,97,14.970508859068117,8.236722925390614,7.859234350503862,3.971331068328671,34.564765806081866,0
2026-04-21 12:00:00,11.357027238067502,47.47042025551314,109,10.521168635558388,7.823097710639651,8.58799065195558,4.142435383468209,31.238337406636344,0
2026-04-21 13:00:00,8.113900014477183,55.18288571652515,116,14.685166501285437,7.902653128956158,8.124243931680947,4.2306178330443265,34.520415653145484,0
2026-04-21 14:00:00,9.603534282653074,64.46285166642447,124,11.864499663808875,8.603668925459813,8.640431405283472,4.1870099298075205,32.99558271620502,0
2026-04-21 15:00:00,8.523414535877714,45.40507801272193,108,12.361234009333199,7.623301596593061,7.717175301093031,4.0623896018635595,31.482205208216893,0
2026-04-21 16:00:00,9.625700742503245,59.143471092875394,89,10.443947117194199,7.614097366744658,6.404750275329187,4.062777326646925,28.4933820851075,0
2026-04-21 17:00:00,6.997697283570826,60.9447839963928,64,11.27117495666026,6.799007881601668,5.074449544184739,3.7771443256869297,26.881959399035924,0
2026-04-21 18:00:00,7.582836952232051,69.12822718675893,36,11.572497901192122,7.429732535405756,4.373695157578468,3.971098432475408,27.549998539521773,0
2026-04-21 19:00:00,7.809287814638603,47.64530162068763,25,10.365242415620795,7.1580290808543765,3.3718192644176566,3.447725892339674,24.31667428061318,0
2026-04-21 20:00:00,4.424609994967426,69.33932884596423,7,12.141780426260851,1.187415656497209,1.9356147038221594,3.633160408121717,19.13941379502769,0
2026-04-21 21:00:00,4.0427255933768365,56.61113134607396,10,10.592747715049407,1.4619500107251864,1.933301767440047,3.579106312211303,17.661936905393503,0
2026-04-21 22:00:00,3.798184284516168,57.46930502714174,4,12.100915877506953,1.1738199317665834,1.678850320623936,3.5198662460009222,18.23708254917659,0
2026-04-21 23:00:00,1.234875129296083,54.741817331269175,0,12.146617771631897,0.9779901790570606,1.7262651500842878,3.6457794000247437,18.329853882873564,0
2026-04-22 00:00:00,2.6252071338453997,54.5039824248144,0,11.047525051943385,1.1418710246870531,2.2109264492882663,3.4311786591323274,18.2091470313108,0
2026-04-22 01:00:00,3.1958634436719984,63.02423650196953,5,12.152412113753085,1.1757894976721395,1.6879634737593219,3.9427898297775967,19.26581258631673,0
2026-04-22 02:00:00,2.195416517148476,54.67944612345051,0,12.549489086783016,0.6,2.205766155661464,3.3971841842518358,18.95845908200006,0
2026-04-22 03:00:00,2.5325692878531334,65.54227903602764,0,12.213786442084501,1.1920581625479567,1.8886305367445837,3.4573097965121855,18.990657239826152,0
2026-04-22 04:00:00,3.309727964062074,56.539907745134926,0,12.29440451094613,1.0851974946205747,1.8642788741393888,3.44314745435552,18.80330971165695,0
2026-04-22 05:00:00,2.785012097560955,53.633038091737404,8,13.003546037521586,1.3532701598217378,2.7016082666656644,3.6617747174639503,20.80397585007396,0
2026-04-22 06:00:00,5.7994560798224954,55.48355306197376,5,11.627098945057915,1.1628687777824316,2.4545114230729053,3.7721816159097243,19.029089478673225,0
2026-04-22 07:00:00,7.909945872153,59.087783746423085,21,8.834956995506591,6.151881222782509,2.3229669483427986,3.7629010358161774,21.49741851072779,0
2026-04-22 08:00:00,5.585203051116542,57.146978140076484,41,13.037195226712587,6.944218521096494,3.567193859386203,3.984851643826098,27.41729463858878,0
2026-04-22 09:00:00,8.10535336921973,57.126245683082,70,12.894744237609018,7.346597041297943,5.546717575596072,3.755909793186214,29.604043654029397,0
2026-04-22 10:00:00,7.717300553609904,61.38926935580908,82,11.740981665744629,7.864616554977491,6.470187770364033,4.026808219379043,29.67552660362554,0
2026-04-22 11:00:00,9.470851938567177,62.39138975577631,106,10.522112529172498,7.981155417565316,8.244059044850497,3.978469504628677,30.36811721126703,0
2026-04-22 12:00:00,12.067563834139872,52.08875527285851,101,9.06901384574358,7.648837706864703,7.384280386638081,4.038211118150986,28.594133616222578,0
2026-04-22 13:00:00,10.62011133299131,48.76958440679957,111,10.99585432211807,8.113868984164553,8.671663334426178,4.210302163936909,32.145883870675235,0
2026-04-22 14:00:00,6.859845001872348,58.31168312213084,115,15.297603171159977,7.27678539426636,7.806996018751338,3.8061594522601965,34.134369408814955,0
2026-04-22 15:00:00,10.527182683320373,57.928510504134145,121,11.782898043836727,8.814287961055774,8.213089605574252,4.382651284525349,33.21250804178011,0
2026-04-22 16:00:00,11.501606994719657,45.60944291812855,79,9.24032064966115,7.4180330503221485,6.0074428729628675,3.89421340028226,26.220479440722453,0
2026-04-22 17:00:00,8.472809963004947,51.30174274570078,62,10.347448414771293,7.780559562944013,4.84224761346514,3.607005873919613,26.470231465936504,0
2026-04-22 18:00:00,9.817228888249119,51.32195695803552,46,8.497829384810878,6.423729229111779,4.8517320168766185,3.6800728727628345,23.088829308835592,0
2026-04-22 19:00:00,6.10731995574932,57.17257690086575,29,11.812415249409705,6.030824116085078,2.1485760897458173,3.7313457848099087,23.649334878606645,0
2026-04-22 20:00:00,3.849233146660939,55.54687171824358,3,11.438789779161386,1.2820416524325102,1.738393980877369,3.5080385928828535,18.137344135612583,0
2026-04-22 21:00:00,5.708770392005469,62.960666556577294,6,12.218776780446774,1.3348871599683307,2.6466932760893234,3.316816057423872,19.630498532200278,0
2026-04-22 22:00:00,1.6386392925800712,52.140221321814444,0,13.19215672744472,1.2183856710529306,1.6594566835188616,3.614519859270408,20.081798796339523,0
2026-04-22 23:00:00,3.4921652617767833,50.90256387050087,0,12.27849320101528,1.1650391711376682,2.2827989116406258,3.491737565470278,19.291752195753425,0
2026-04-23 00:00:00,5.764625677864613,56.67319787253277,2,10.172833242244383,0.9161589936757639,2.8989578652482657,3.705670992827778,17.07400048692815,0
2026-04-23 01:00:00,-0.019254587167622184,61.96052411553657,0,12.77834339001843,0.6,1.8361730911660907,3.4397418959199975,19.141925131647856,0
2026-04-23 02:00:00,0.9329381915591677,53.57243311918201,6,12.61003106463234,1.3071026948277402,2.656020421047634,3.9632294327282307,20.326210272423587,0
2026-04-23 03:00:00,1.4728875358263733,58.25484129224483,0,11.690327674109437,0.6510927998955667,2.8886118856610707,3.67704436180985,18.947602538961625,0
2026-04-23 04:00:00,3.469350069858627,57.99172454309149,7,12.601092735336467,0.7440477957914455,2.3659408182447113,3.6575191665141604,19.39405756919973,0
2026-04-23 05:00:00,3.5114904748613225,58.006594461721136,2,11.365403374783725,1.0027788705361171,1.8883715656752638,3.7014685124794653,18.018247002513966,0
2026-04-23 06:00:00,7.236614593496142,58.483827954613645,1,10.23976396744589,1.2687306448649343,2.261109392841278,3.330773149627922,17.11239185651664,0
2026-04-23 07:00:00,7.3246082462098565,53.537070508801236,8,9.780458739044334,6.739715733039703,2.772897539017528,3.557456284026695,22.866947375070907,0
2026-04-23 08:00:00,7.450046752929411,66.27948273535259,39,10.449718198684586,6.944740756138828,3.9275331177568624,4.023453115607338,25.015035892848605,0
2026-04-23 09:00:00,7.761520936856221,60.10808713575926,76,10.862635588648551,7.769626155495179,5.762270353647658,3.855980096403205,28.897257882158183,0
2026-04-23 10:00:00,9.026573365487,51.38738885203682,89,11.760893634387683,7.730781590640076,7.467827893233349,3.9465761274012046,31.068938322254407,0
2026-04-23 11:00:00,7.617586474732972,57.85387910415571,108,12.82689343149744,7.972398801630306,7.618223494025046,3.962025077673172,32.39251098714972,0
2026-04-23 12:00:00,11.09642925890457,55.421769967455205,111,11.810818172199687,8.775026610199632,8.442177946717017,4.2636762093944025,33.75216566596086,0
2026-04-23 13:00:00,8.09834790421389,64.21456791882626,120,12.570629674855464,7.5970005351376635,8.518290272941277,4.04330485501512,32.46124418722723,0
2026-04-23 14:00:00,11.528223634246586,50.751537700816954,108,11.226516510934609,7.6993693892620145,8.562134320946326,3.844224704814366,31.54934233511836,0
2026-04-23 15:00:00,12.005265390226544,58.600083143653535,107,11.734624806646636,7.708687080646157,7.302929334805054,4.414822268382723,31.022272007306693,0
2026-04-23 16:00:00,9.99764148140808,55.75289574363881,92,11.27941267251109,7.868744957475412,6.477058819085327,3.7617464840000356,29.487546146152738,0
2026-04-23 17:00:00,8.783394278530352,65.36185338979483,71,11.658864480645901,6.835428134809869,6.089518880823501,3.869392965580626,28.55931761180641,0
2026-04-23 18:00:00,9.038609588739238,63.966391524282024,39,10.220118635473305,6.869200362651811,3.4363473120402137,3.6297308545102624,23.571276720819633,0
2026-04-23 19:00:00,2.6493681733004744,62.194849697580246,16,14.181839647099741,6.390877441119292,2.732482808120315,3.5587598379099883,26.506043661725677,0
2026-04-23 20:00:00,7.121921716038078,56.08486298687508,5,9.98153374205298,1.474671602231379,2.7717841548319444,3.461025133007503,18.085624433810384,0
2026-04-23 21:00:00,5.509514290426299,61.90749974025701,1,11.039448792941155,1.3963280663957844,1.0518255374798793,3.523001175862139,16.94756224592122,0
2026-04-23 22:00:00,4.77201495241591,58.33828862292507,0,10.843210504786008,1.6384118728214085,1.9809626753738572,3.7476049878201256,18.71058508565208,0
2026-04-23 23:00:00,5.3343142823861855,69.08110692408037,13,10.381586887669805,1.3167766879719187,3.060285425195922,3.366702066664922,18.45288242816984,0
2026-04-24 00:00:00,3.680768930776341,60.710243770979815,0,10.538613471604785,1.2855552683220466,1.7883415507259326,3.7891211373831664,17.34656273000596,0
2026-04-24 01:00:00,1.5198729623632063,59.426239483150574,8,14.052012934338679,0.9862077500529821,1.8228082263353838,3.7952597100054466,20.579160037417818,0
2026-04-24 02:00:00,3.098580470278771,57.91837413084737,0,11.036135830164282,0.7623217464063514,1.6818263963576956,3.676358886451223,17.568746963392346,0
2026-04-24 03:00:00,3.5730689416075765,53.04198478260208,6,12.374311613694351,1.825690074611261,1.7526660960866742,3.6429255716355424,20.12134833958812,0
2026-04-24 04:00:00,4.003263747124101,63.33690695821686,6,11.86092033097503,0.9237584244250239,2.161121201257399,3.6654958787735303,18.539645446754154,0
2026-04-24 05:00:00,4.639354200913614,54.60041713347778,0,11.683402839386689,1.324459226933511,1.675482497841485,3.813511864541521,18.88139766815926,0
2026-04-24 06:00:00,6.855892387043454,64.4469702228439,0,9.25181279744822,1.285864979827619,1.5690327648914337,3.3381322898280983,15.702347473041833,0
2026-04-24 07:00:00,4.08683961266504,52.17725996649178,6,10.847049093067708,6.419243313018045,2.339766327732761,3.733093453475282,23.639789011832086,0
2026-04-24 08:00:00,7.137655786162159,58.41020685421788,41,11.237857114505754,6.057629772990323,4.765602029954623,3.652074207008577,25.738449606362416,0
2026-04-24 09:00:00,9.937712156191747,62.44805843384091,72,10.162253610842777,7.507922447391164,5.907519395480026,4.011862128323406,27.42145309914463,0
2026-04-24 10:00:00,5.640125465888682,45.85642351284167,84,12.323904560499543,7.391688797754681,7.024649506699693,3.8439599482440303,30.32060916578512,0
2026-04-24 11:00:00,9.61923810216092,67.89516468613243,107,13.356662334618944,7.6160318085381595,8.395471204001204,4.134030494246789,33.17612924406681,0
2026-04-24 12:00:00,8.874910470573274,53.79210596388138,108,11.639425394297463,7.7562138708838635,7.476011863956816,3.7997271997408504,31.149100549016854,0
2026-04-24 13:00:00,9.589497749089373,56.65444898115581,119,11.448185135940152,8.404869775464352,8.468686326796037,3.8221139867811127,32.1465914184234,0
2026-04-24 14:00:00,8.800792255217397,59.82810116168501,110,12.191831877430408,8.135934181063776,7.6587735601331195,4.023040573939464,31.723386290068238,0
2026-04-24 15:00:00,9.931469186002897,59.90817244719115,106,12.59203472744465,7.7632267896980744,6.963026271470756,4.239329503938682,31.80822414906641,0
2026-04-24 16:00:00,13.000188468453189,54.8931622782182,87,7.411502653798258,7.067312387575752,6.745092390923484,4.028442663175538,25.132632045023424,0
2026-04-24 17:00:00,7.164307130833567,63.61107715411303,62,12.59060875577689,6.642009391080926,4.736532671878191,3.9273671694082375,27.733774111719597,0
2026-04-24 18:00:00,6.6006280064679075,61.16395327267994,40,10.48245695508357,6.883560555973632,4.217936474019495,3.8890290720263536,25.989985566250265,0
2026-04-24 19:00:00,5.53154289926278,69.41662966574674,12,11.063325310514191,5.668790151020962,1.759854862586451,3.5884535376588813,21.747748144008796,0
2026-04-24 20:00:00,9.775576097949685,58.802283183665324,0,7.429360293810142,1.058645929114492,1.8769468497649222,3.691612329095392,14.115327247527365,0
2026-04-24 21:00:00,5.1471208534369035,70.92747247922084,8,12.528203388208201,2.182375244582966,1.533170148077182,3.5450490539850623,19.64106781597251,0
2026-04-24 22:00:00,5.045378608090869,64.62243908535778,0,10.813376476621178,1.2608462934295337,2.103239144867367,3.5528977618569124,17.542733603026388,0
2026-04-24 23:00:00,3.6793602766483913,49.40597903790413,0,10.939497799270944,1.3597872213982516,1.6229789668847356,3.57152257402593,17.127822855383375,0
2026-04-25 00:00:00,2.430620294127091,76.84365084973173,0,11.989367171936136,0.7286376548467851,1.579593101609018,3.518170843564894,17.83066465514634,0
2026-04-25 01:00:00,3.286731609401603,57.088886642085484,7,12.05040532646842,0.7964444203396445,2.6919271830593194,3.6180924182403027,18.938394098777813,0
2026-04-25 02:00:00,7.746242230410034,66.16358241840288,0,9.289320792571942,1.3785377129633178,1.6552934243038793,3.5618162851153414,16.032812692235318,0
2026-04-25 03:00:00,6.0530082743023765,58.62100445298985,11,10.865265187721677,1.1991768038867998,2.454883670932909,3.537850252773691,18.045424189646692,0
2026-04-25 04:00:00,2.5861448971654846,67.42693287274136,0,12.138912273498168,1.510767518547286,1.710622706863986,3.578909743549894,18.861055907056848,0
2026-04-25 05:00:00,5.693230341709832,54.59920377852286,5,9.411196468521325,1.2400966331685817,2.3033265887044143,3.643289913184299,16.380773480906857,0
2026-04-25 06:00:00,3.9036393871250423,63.82673771819374,8,11.383675018746146,2.4887269749425456,2.7093252150181684,3.4670203565685,20.40642405573638,0
2026-04-25 07:00:00,3.1415364567604835,59.124704385063204,5,12.478235554951606,1.0246880646403282,2.451035955601085,3.682618461561972,19.82049813768197,0
2026-04-25 08:00:00,8.800396660687753,65.87372117402352,0,7.999863691697902,1.2361960352163002,1.5899991436993068,3.5259479821509485,14.181671214306313,0
2026-04-25 09:00:00,9.945252597810741,58.17306955614401,0,8.409978517028472,0.8220490180943858,2.34407113587262,3.6297305661786226,14.86602797591443,0
2026-04-25 10:00:00,10.595516927439311,60.66901815222992,9,7.834974688451448,1.6582280037283503,1.8826418865959025,3.5362054139997507,14.440052696418746,0
2026-04-25 11:00:00,8.743330911137523,43.45804058780844,0,8.394675946127045,1.2891793378560001,1.4658831389798972,3.757574310500302,15.191651081915666,0
2026-04-25 12:00:00,9.81479826610004,55.12546522169322,8,9.18273211969365,0.9425835513049854,2.1824896688845556,3.7754173565778584,16.310515930218784,0
2026-04-25 13:00:00,11.72256993388843,56.67138235993345,0,5.450404282837285,1.0239502870603003,2.2710602034939553,3.4425916841574367,12.44964903159933,0
2026-04-25 14:00:00,11.232771364149665,55.917110915525996,3,6.689735890181475,1.6691421707251843,1.4384318612503777,3.6907498754852184,13.457987735540772,0
2026-04-25 15:00:00,9.778784791464645,61.43285468870862,0,8.954247788693527,1.5730981868803593,2.2011678648623945,3.816940733631873,16.74695758058049,0
2026-04-25 16:00:00,7.345894919702539,55.29515333939837,0,17.038550598822244,0.639961526257024,1.7753638073319102,3.457773193178791,23.16844764139768,1
2026-04-25 17:00:00,9.73568966485222,55.99095538156862,0,15.433713812079677,0.9719106246937281,1.6048199143862396,3.469656846096286,21.462652349937642,1
2026-04-25 18:00:00,10.651544487359274,62.098702220970495,3,11.95368920891776,1.8264888647039388,2.4590128648565672,3.722258917769146,19.87191282734901,1
2026-04-25 19:00:00,5.937194667158639,44.87496997895888,3,16.762507424547017,1.1304877697568472,1.6037981270904242,3.4159232286961605,22.66864563024758,1
2026-04-25 20:00:00,8.153119049507042,60.42126372269977,5,15.30492670663997,1.2891978800922408,3.103554269187468,3.503373058626183,23.307589135178237,1
2026-04-25 21:00:00,6.724982324526336,55.952954300643924,0,16.906795197585076,1.494426170831027,1.7205111951559726,3.4478002148018203,23.709336236802184,1
2026-04-25 22:00:00,6.59248014815285,52.58173114156364,0,10.066835061811155,0.6687434027955523,1.8674287669039686,3.7121226442186215,16.21349618993957,0
2026-04-25 23:00:00,6.074712716027279,60.46323080863542,3,10.962585763461032,0.8601058758997109,2.659307257235366,3.508135536182662,17.917949024138146,0
2026-04-26 00:00:00,3.081124550742179,68.0538643677953,0,12.220766800925153,1.0217053208741758,1.8791683553611411,3.5573094892759887,18.624626216723183,0
2026-04-26 01:00:00,1.1632330029686675,68.36243823667859,8,13.663104011804874,1.7006182669493375,2.77499099528782,3.5197513641920115,21.856274904700367,0
2026-04-26 02:00:00,2.88582118159992,60.02495592836029,1,11.266528325151983,1.5099178718883042,0.9760786896389606,3.7762770251063302,17.185220492397196,0
2026-04-26 03:00:00,5.423580423044989,64.18676046528195,0,10.230952379132926,1.3869182285154842,1.6008313319230665,3.4710919562198908,16.413480525213323,0
2026-04-26 04:00:00,3.340308826021129,65.70317577115922,5,11.45940552244549,1.176294017965231,2.2535302002901667,3.408859991652604,18.026653412071376,0
2026-04-26 05:00:00,3.6380569905499076,59.747229634128566,2,10.648810582618237,1.5663494081878928,2.3966386839305343,3.390981145897624,17.965646841968134,0
2026-04-26 06:00:00,2.4465087939889294,57.00663509257906,0,10.899740720117688,1.0815741692065914,2.1463634512174092,3.704048945187725,17.910546586020807,0
2026-04-26 07:00:00,9.366438560138588,52.16376689316208,0,7.8685636362458995,1.3372888043303428,2.104214448569801,3.7148797689745776,14.757727722045505,0
2026-04-26 08:00:00,8.696517565683841,61.50473191894594,8,8.664913950754363,1.5982136413881118,2.717476029059538,3.8192831836177406,17.027138273254558,0
2026-04-26 09:00:00,9.507494201286738,55.6164984667588,3,8.314683024075967,1.7828870236287264,2.1787588440335663,3.4228540025081617,16.06484525728877,0
2026-04-26 10:00:00,10.68793753278592,48.706953532027036,0,7.8855865036562784,1.1152863953963608,0.8355671879445555,3.5653181783863204,13.505207670307836,0
2026-04-26 11:00:00,10.748082324037512,44.82976124391712,4,7.696610046942901,1.080086422668754,2.668991463631159,3.980094911145923,15.70648037071016,0
2026-04-26 12:00:00,9.90853423470115,60.55958803655242,0,7.687521201848871,1.5882763769759283,1.4230507504303798,3.554652507751652,14.024707823443784,0
2026-04-26 13:00:00,10.39514579026481,51.92297012371605,0,6.8787143890249105,1.6151484025388796,1.9411312533138743,3.5154887050594144,13.727642821514692,0
2026-04-26 14:00:00,10.065944955454203,57.43286781734524,0,8.503407203837536,0.9448189276633896,1.8814521425252395,3.59684854192844,15.055182810354038,0
2026-04-26 15:00:00,15.152604049778052,59.0737884050812,8,5.050031877297209,0.8922381938475072,2.2612974285814325,3.7114926160323383,11.905459436849256,0
2026-04-26 16:00:00,11.268943741715404,46.69474533259254,0,6.7569807937995385,1.5616620631581393,1.3022816920267333,3.676984983150407,13.074604492937283,0
2026-04-26 17:00:00,8.979217359116292,55.99476269758571,0,8.282890505781936,0.6,0.9275880312743429,3.5078353166442184,13.674575752869442,0
2026-04-26 18:00:00,9.83414889134349,54.600223454179165,3,7.45499816513701,0.6,1.5139294920316324,3.5242447065973717,13.167869922658458,0
2026-04-26 19:00:00,6.480193872763898,60.418311849194836,11,9.841948415068053,1.2390967098169516,2.776807296759953,3.599530991274793,17.632927156091437,0
2026-04-26 20:00:00,9.850465796862501,63.04711064287573,5,7.6517631871875995,1.2258539005052043,1.4240201618461217,3.510487003434376,13.643561387108603,0
2026-04-26 21:00:00,5.263120254529854,51.07594892112816,0,10.35752031797231,0.7290167418029803,1.4038735634963981,3.414785538551244,16.32517327588344,0
2026-04-26 22:00:00,6.394649610719007,61.622800484195345,11,10.840707191237449,1.375652518432013,2.5931209942098055,3.915192727795022,18.68569117781391,0
2026-04-26 23:00:00,6.630092611671229,64.2165731912088,0,10.120235940063173,1.193264531022768,1.3376588963095357,3.538961307866146,16.444884867259162,0
2026-04-27 00:00:00,5.138644603275166,58.027754163802925,4,12.036976055925033,1.0038642370810025,1.775628314613592,3.5634635240685015,18.23422517990569,0
2026-04-27 01:00:00,4.29548558545386,58.95370385355086,5,12.293001634126368,1.90171246270875,2.111819682231542,3.572137009432607,19.920832752522887,0
2026-04-27 02:00:00,4.0339905356274395,62.48520331218895,0,12.865422907923747,1.2504164235025566,1.9271892326085713,3.5879234999486065,19.770411071538078,0
2026-04-27 03:00:00,4.038936734652393,62.039699916349434,6,11.954743477638278,1.6029711627826249,1.6587483233196867,3.6892139654290923,19.404528707561486,0
2026-04-27 04:00:00,3.5041506469499253,63.86600265899029,0,12.042076802667868,0.6,1.8634243124615297,3.5302212294512403,17.925790569615497,0
2026-04-27 05:00:00,4.276631426610801,63.160209588449206,6,10.979621150456026,0.6953053656423092,2.309484638788666,3.7949030294072257,17.829954845377152,0
2026-04-27 06:00:00,8.280930626578803,50.89746819637199,0,9.497872154580694,1.2610219137271244,1.2270597641855763,3.689672381885973,15.823590029533765,0
2026-04-27 07:00:00,6.425248057948624,64.12266294276819,20,10.088462582355325,6.909200191297096,2.996679339225123,3.6513652084063675,23.291997309148545,0
2026-04-27 08:00:00,6.179773333421499,65.36586897307531,42,10.349367047110269,6.302522477359667,3.7875375466148995,3.668064806475536,23.56390691660495,0
2026-04-27 09:00:00,7.543787734566473,58.45865656121694,76,13.145661827749649,7.318181826275449,6.035761831308734,4.066738980399083,30.31738513437344,0
2026-04-27 10:00:00,11.136257148557494,45.68287529928388,90,9.331625578130517,7.087716314356289,7.075385551353215,3.9356936718387967,27.672216088530348,0
2026-04-27 11:00:00,11.139032001904743,53.9572517625709,114,11.520442870571728,7.700482090274871,7.990683440722199,3.8695873124468987,31.51029744094572,0
2026-04-27 12:00:00,11.499275507612586,55.54197863093397,120,10.466155107318011,8.127588961582873,8.811036937190575,4.233159678494188,31.407194313288855,0
2026-04-27 13:00:00,10.458581345237308,48.288462564351114,119,12.640356917995828,7.869586075323033,8.70086629290816,3.9670507327380187,32.873678892894816,0
2026-04-27 14:00:00,11.99034319066622,51.846414225538254,121,11.93096093803015,7.621066633890613,8.863523542866773,4.214275116374991,33.0135127249808,0
2026-04-27 15:00:00,9.802313470967853,47.19204857142286,111,12.263000432777195,7.433228808284895,8.086399472933099,3.666859849468063,31.30813188375134,0
2026-04-27 16:00:00,10.105372051329931,59.06472431142121,93,12.0309759778096,6.913897165187516,7.410345100697732,3.916700623313885,30.178971181009814,0
2026-04-27 17:00:00,11.639168354091098,55.266355623843985,55,8.820152015292061,7.056804331125107,4.998292886588611,3.993995290110407,25.234028021295217,0
2026-04-27 18:00:00,10.751899045534623,45.06137672696356,39,10.55623829825076,6.811153358900898,3.1947328351455186,3.756769609514438,24.642569294269176,0
2026-04-27 19:00:00,6.752246911114671,60.044603986155884,26,11.230628978347816,6.575393702791585,2.873568204458116,3.7937202931460177,24.70682755708372,0
2026-04-27 20:00:00,6.061232021427635,58.11502229958752,0,9.404044179873019,0.7817884707471654,1.7049343200295703,3.4647103894924096,14.92760957979974,0
2026-04-27 21:00:00,6.794553993296187,61.00257020155429,7,9.999844050883521,1.5780829517009636,2.1457496277777004,3.6801557840218777,17.089218605119328,0
2026-04-27 22:00:00,8.700052028310381,54.12576637623465,6,8.681968202607925,1.4553725336288006,2.2909824416606392,3.624562840048591,16.33301303995076,0
2026-04-27 23:00:00,1.7842924776220088,56.85290423732535,0,12.404771116229103,1.1025530423257495,1.4368716561779875,3.636500109760302,18.660168471857904,0
2026-04-28 00:00:00,5.177707005866338,54.49165198685341,0,9.311218554278158,1.045109939859263,2.703918917047239,3.905891985623503,16.771705715941273,0
2026-04-28 01:00:00,2.0156158661559265,58.25926680109262,0,12.780434433184329,0.8728095858374108,1.7538937607347582,3.7956884455133966,19.116686502562644,0
2026-04-28 02:00:00,3.15726723284859,60.74500015484984,14,11.190182621795376,1.4192566418750536,2.5665404917739734,3.774799001769541,19.228525115238643,0
2026-04-28 03:00:00,3.735361219121068,61.08622987820795,0,9.453164668491876,1.6660367318612992,1.4981629017895315,3.7206928711357503,16.719959726725868,0
2026-04-28 04:00:00,3.9896768247537677,58.863423114586055,0,11.05077652874417,1.49824981546578,1.3484804579190293,3.4636266207044817,17.359640100993296,0
2026-04-28 05:00:00,4.353303090268447,57.19510538831955,0,17.359978522580857,1.0103263517298229,1.7431635732440276,3.5293156370413197,23.471054583020184,1
2026-04-28 06:00:00,5.997881924481846,56.39316894860573,9,16.16518750596316,1.4505175116210258,2.3073978258852694,3.4061127392537007,23.260342319061422,1
2026-04-28 07:00:00,5.919828800711211,73.60647711250819,17,13.740530767900944,5.820499482667385,2.695893156577094,3.4775621956428293,26.070251995867828,1
2026-04-28 08:00:00,5.249452367589958,54.43855981531828,41,18.74620758201362,6.893523512091821,4.799820174366854,3.6310199263013248,34.4014545378743,1
2026-04-28 09:00:00,9.96727492098956,52.17671175798067,77,17.202567812959266,6.995200000067124,5.978160791879976,3.9036313126100213,34.12812360011646,1
2026-04-28 10:00:00,10.765512605995115,74.68899019571255,94,10.178679536445959,7.833589446447186,6.931331826503033,3.7922486954030803,28.603477117166328,0
2026-04-28 11:00:00,11.64389998303347,56.79315482748821,101,10.731412950843252,8.75717526666604,11.970349851381577,3.9981244720119475,35.72775375194043,1
2026-04-28 12:00:00,8.147470191438613,48.60951336099887,109,13.843595807746055,7.662495648685505,11.966487263048544,4.012895573781036,37.89121042917976,1
2026-04-28 13:00:00,11.624531173246814,59.33772484392847,127,11.755865871720989,9.20898115823331,13.276169466995576,3.9378656819303357,37.81550543259325,1
2026-04-28 14:00:00,12.384793976713787,48.25117118225777,117,11.372934928787592,8.177722420724043,11.907896753812171,4.2968380296795665,35.69728421287738,1
2026-04-28 15:00:00,9.363326797506463,61.43187394870074,97,12.49157180916501,7.383631028358318,10.81145185157199,3.789321144753678,34.76496558500379,1
2026-04-28 16:00:00,10.782313356997172,53.64749130602804,79,9.336169639288272,7.043590341642955,6.199926354005013,4.083598722064833,26.681703135852853,0
2026-04-28 17:00:00,10.012850358967313,52.85158713383807,62,10.353838545947916,7.843734462746937,5.105772086492667,3.5098585667181648,26.691057068928764,0
2026-04-28 18:00:00,12.617286041408065,63.19202528190945,37,8.413099978675696,6.738546039646085,3.470938848296626,3.726665017963989,22.39554691191872,0
2026-04-28 19:00:00,11.913139842622215,57.46355323398881,6,6.591610508840332,5.809846500341957,2.184833280311242,3.444356275043857,18.123322640029727,0
2026-04-28 20:00:00,4.906224053180676,65.15826858480973,0,10.161888729130975,1.0287887861349838,1.8940950423787404,3.5018317923607514,16.304895012757143,0
2026-04-28 21:00:00,11.069439173720777,57.3074386968291,0,7.644050446615103,1.2507715221981335,1.480546405272818,3.8715231683304863,14.269590317964793,0
2026-04-28 22:00:00,4.429746195881368,57.011023210330386,0,9.885444108958662,1.0969477636754388,1.5665418790180823,3.547954858190497,16.188721988933167,0
2026-04-28 23:00:00,6.927900788045726,61.47220093051495,12,9.171413876480443,1.4370647011959594,2.557477447249301,3.4823176804397113,16.525562390643714,0
2026-04-29 00:00:00,6.571505629276687,65.32666313414924,0,9.295121656952777,1.720763813828997,1.340514696906167,3.6731453801044887,15.834673500472183,0
2026-04-29 01:00:00,2.8793341974110698,61.648927613047015,1,12.365397536006148,0.7232102674030635,1.5831852096512435,3.5506379625949256,18.08795907817429,0
2026-04-29 02:00:00,5.291303224580348,69.84137820764377,5,10.921174146987932,1.4156206147173689,2.3152708132514,3.6426069751287233,18.05194439665103,0
2026-04-29 03:00:00,4.389200217789832,64.81102305586907,1,11.955160577323602,1.0924858383612543,1.8442737865034438,3.4668318165492393,18.57140715661087,0
2026-04-29 04:00:00,5.864020069683409,59.873880246367115,4,9.64137231609289,0.9973341288794497,1.8052587202198542,3.486217535190592,15.684272671624623,0
2026-04-29 05:00:00,5.870017154948028,60.10640631989589,4,9.595011673116138,1.5472609587264798,1.6136188064580752,3.4978478797280474,16.30100014291278,0
2026-04-29 06:00:00,8.2365251001833,57.646028948668274,3,9.386945016893417,0.6425010278603517,1.509054891702421,3.7317649713692616,15.176716165947278,0
2026-04-29 07:00:00,7.175060540543362,50.11127188102253,35,10.06453136319922,5.701748324648107,3.6657100333382897,3.705975537145145,22.96141916981539,0
2026-04-29 08:00:00,7.667362057029151,56.70904528237651,50,10.460126874527555,6.878586555166753,5.461615635456424,3.642760963466373,26.78592193479431,0
2026-04-29 09:00:00,10.72192382910991,56.285676040214575,63,8.140872307714854,6.985637091044487,5.519603989083553,3.876272920290393,24.48969043847683,0
2026-04-29 10:00:00,10.689421115313506,52.4864234359157,92,10.892812554249037,7.082503462332014,6.260211090697361,3.9799219281003033,28.048099178687064,0
2026-04-29 11:00:00,11.671704479552306,56.272283752563936,102,11.673443779312597,7.1373066263352385,7.72824727532953,4.094040419706199,30.441758425810715,0
2026-04-29 12:00:00,9.8540395454598,55.73731528303581,119,11.266225930593011,8.71772168218408,8.003501026446076,4.003729815031007,32.0759446364423,0
2026-04-29 13:00:00,9.556541638688214,60.474745117576454,112,12.834568738936927,8.078055196785888,7.9578141805270155,4.036364273373986,33.113449354759204,0
2026-04-29 14:00:00,10.487620331524287,59.112959037751175,110,11.359661342923953,7.886876003075123,7.5850127279823045,4.103251795118505,31.252490576560596,0
2026-04-29 15:00:00,10.278092011408619,56.29435071695258,108,10.046374922654977,8.612335718135805,8.6502396657933,3.8805970462761574,31.14763328848053,0
2026-04-29 16:00:00,12.320375645009369,45.55644091843098,96,9.138400641392066,7.985721872572949,6.569651439728289,4.11693342930913,27.753774625825805,0
2026-04-29 17:00:00,12.086794594706685,64.67924048605701,72,8.384485268827106,7.815246869689072,5.901125515260957,3.890466544230785,26.024062786601235,0
2026-04-29 18:00:00,9.4390264828488,55.06938414643654,50,9.662142411835196,6.387016125159218,4.241604288086937,3.634848078035623,23.967392069266495,0
2026-04-29 19:00:00,11.291176964914102,54.04629855414363,20,8.126728791107183,5.833912593456361,3.2324726357194646,3.51373665412423,20.51383650407127,0
2026-04-29 20:00:00,10.279145944454601,53.235515449462724,3,9.262233622009477,1.3699763322906058,2.097054219028293,3.5970902151093322,16.691957383421727,0
2026-04-29 21:00:00,7.460659475075974,54.474035457299806,0,8.167900868521146,1.2450747263335262,2.364548690768411,3.5174661284393913,15.300545853272164,0
2026-04-29 22:00:00,4.805531963430713,68.6601993154301,7,10.709969543674195,1.6633817124809562,2.5081530075951295,3.7411909932938623,18.75638025926478,0
2026-04-29 23:00:00,8.156014544941383,65.19925501361044,8,8.472726881605427,0.6732238936405691,1.9279097590069203,3.5889872131229192,14.768961388481378,0
2026-04-30 00:00:00,5.03209840424901,61.892286618279265,2,9.776999356344138,1.3822590955900758,3.2222911598900423,3.653456984582317,18.13598984108845,0
2026-04-30 01:00:00,5.000657256163757,58.60450613129283,1,10.850976940712673,1.464244021697103,2.1049417601429825,3.4767068325378245,17.64584536370107,0
2026-04-30 02:00:00,4.089588270711673,63.64751670704876,12,11.68922279593671,1.6436602233839857,2.21220212302717,3.6445506035842414,19.18803562528914,0
2026-04-30 03:00:00,3.273532867525864,60.98763223997184,2,10.360309059168703,0.9936569665773674,2.002493176780799,3.8053303918390378,17.73197566697269,0
2026-04-30 04:00:00,2.639140869461308,59.87930683796542,2,12.193818718068814,1.317515310058627,2.193875132046182,3.5857807561876864,19.687782095849723,0
2026-04-30 05:00:00,6.767919230137313,59.952696106435,5,8.925290052191446,0.9185200178121267,2.3417575155208574,3.537055375410775,15.761874876102542,0
2026-04-30 06:00:00,5.0851350226185845,56.53920225136339,1,10.735083862189203,1.0154688713535043,2.07821264392755,3.474429257497213,17.2114785222137,0
2026-04-30 07:00:00,12.462253245678616,55.166895649761635,13,7.882490312071275,5.768972281245723,2.949916969264617,3.6491844205176722,19.696119085401783,0
2026-04-30 08:00:00,6.320591723801625,59.484881760878594,47,11.989511169055808,6.4804669947314375,4.775676954321184,3.99939721522118,27.120718288274297,0
2026-04-30 09:00:00,6.935233264633333,61.41619117907255,69,12.174578382038337,7.057663185067308,5.213595225193756,3.6714608355616476,28.097692850967945,0
2026-04-30 10:00:00,10.78415263078569,51.197063782057086,101,10.49717886822159,7.546172138326745,8.303624346803257,3.9965123470543933,30.264158585349453,0
2026-04-30 11:00:00,13.241623462640156,57.32960052027913,111,9.89835251234453,7.632422994930526,8.790999517897596,3.78691921416033,30.046773634155272,0
2026-04-30 12:00:00,11.307808144291851,49.08127493407808,113,11.487074654108712,7.479141031737623,8.375434202857942,3.990436668448787,31.487694394617517,0
2026-04-30 13:00:00,12.520469320572943,50.17424809984286,124,11.089460868314422,8.818383525960654,8.63741352289778,4.135415404594409,32.430584390669615,0
2026-04-30 14:00:00,8.532886204563033,53.42678499170326,118,12.741550990302606,7.84880296987151,8.315148647220127,3.8349437379860576,32.80860927441255,0
2026-04-30 15:00:00,10.395887578578574,48.770773681824,114,11.77428626357556,8.06748795073593,7.924306022342411,3.989278567980085,31.727794088517218,0
2026-04-30 16:00:00,9.372858987954512,62.06432945934809,87,10.19549233095272,6.850359815314477,6.497527098767328,3.991577918990016,27.3143812853978,0
2026-04-30 17:00:00,7.420212603484358,51.62052569024795,70,11.198807270156882,7.6351771965182955,4.665947013295882,3.899670713701215,27.81812838697419,0
2026-04-30 18:00:00,10.115783212083446,51.219664566497386,44,9.87889353902839,6.750506227670396,4.908618553810811,3.8268437400831616,25.55181453192005,0
2026-04-30 19:00:00,5.259976515363926,66.58746387639691,18,11.89283998218829,6.068643909976205,3.3198541387329703,3.5258105045000385,24.610548587851337,0
2026-04-30 20:00:00,5.919183671894176,55.137116034957465,0,10.281752342972867,0.9477006252676182,1.0454909434054165,3.6435161555652447,16.047772838351197,0
2026-04-30 21:00:00,6.347820706561206,57.110278359250515,5,11.316436577686623,1.4942934502181193,2.4754945616912503,3.529998766018924,18.468857797824516,0
2026-04-30 22:00:00,5.0037308931260105,53.175027824656276,5,11.319251615156007,0.6,2.0715284264531313,3.727104402298225,17.552014649549097,0
2026-04-30 23:00:00,6.365937533841939,63.223254095354655,10,10.111254216081221,0.9915323314518234,2.260429237307949,3.2934022990488936,16.988510532441808,0
2026-05-01 00:00:00,5.8664703895483825,63.680564672985106,2,9.331644971629492,1.094320656839583,2.1317786788538347,3.564558593241181,16.21018161938107,0
2026-05-01 01:00:00,6.51679045263824,62.546082585262,0,11.011248137492952,1.054286121569057,1.0157457647982975,3.614831564224869,16.76391091716748,0
2026-05-01 02:00:00,6.157125322171255,61.607334977535224,7,10.930121278864332,2.102859187287445,2.179937868015492,3.8304148075844897,19.290075161933544,0
2026-05-01 03:00:00,6.93671432646231,58.238998921270124,0,11.055354828996274,0.981842285343154,1.8357665295592651,3.6130195558089384,17.638802727185062,0
2026-05-01 04:00:00,5.343722783298775,55.84594791089801,9,12.589118750089842,1.608579447221579,2.3312020340547828,3.6642428627520074,20.12663020597423,0
2026-05-01 05:00:00,6.419092973795125,53.295864429657534,8,9.167373829772618,1.878080015287583,1.6246297707324757,3.6883235342724303,16.592508311176946,0
2026-05-01 06:00:00,7.497646269822328,65.11619845820327,10,8.6138981682013,1.5147149300259504,2.5511121839690514,3.8279630800823,16.08544946944399,0
2026-05-01 07:00:00,7.713022704265622,61.80405860216032,20,7.5758869014706836,6.024164375051532,3.376916748227939,3.6227158381735807,20.432815195207056,0
2026-05-01 08:00:00,7.702842649700676,53.06304264952195,41,11.342040972797413,6.188429344904569,4.238299158838972,3.5535348508433495,25.298066586657715,0
2026-05-01 09:00:00,8.718787326040916,56.69990011480812,70,11.558289500886348,7.420897098949972,5.5468654399697765,3.640817908581329,28.303802200203418,0
2026-05-01 10:00:00,8.73822369939876,54.64564166754085,92,11.870053454449396,8.131758828279757,8.070068271313707,4.067629289031515,32.05826003125268,0
2026-05-01 11:00:00,11.56969532155933,47.553464274595996,103,9.553670128660869,7.945087083435192,7.048941346483629,4.0454810491368445,28.14716444505993,0
2026-05-01 12:00:00,11.249336093860473,55.62890618933246,125,11.419158114261108,8.581706853877654,9.02305308521184,4.061548629633956,32.60434710725159,0
2026-05-01 13:00:00,10.631417992488942,52.53348052019812,123,11.926541960362579,9.021181466708331,8.674473167556311,4.004085830762753,33.60925924641528,0
2026-05-01 14:00:00,10.752256783707894,49.220587414444964,111,11.914871598952757,8.191080999536716,8.810540827353048,4.071124905755643,32.868174444600484,0
2026-05-01 15:00:00,9.7011355313407,46.849353026643904,118,12.361730923394623,7.6387784969721295,8.46403741716162,4.103458484010161,32.3405110215555,0
2026-05-01 16:00:00,13.073192169908475,43.81228487133462,91,9.773589577446018,7.55587126792656,7.075519860247778,4.035974471207521,28.171637354857022,0
2026-05-01 17:00:00,10.986596748916657,52.53149567214467,62,9.3384691896971,7.495575317732403,5.437572641703916,3.681699960434746,25.986761121556267,0
2026-05-01 18:00:00,8.661312943285143,55.99344546998665,39,10.926624008034818,6.514927073168196,3.468754862014019,3.4913541650435955,24.72722542690299,0
2026-05-01 19:00:00,10.658470808741956,49.75434203246964,27,8.90847099288442,6.912996958184536,2.8940037959817584,3.570970968193868,22.319907838962227,0
2026-05-01 20:00:00,7.425309999909268,61.335454066011415,13,8.838773743491966,1.310572085704063,2.390949455516194,3.4493306711006273,16.318526602008433,0
2026-05-01 21:00:00,5.081155252780084,58.795854309717164,8,12.084306247512544,1.3610215973313922,2.6708222678656415,3.4215611098241627,19.4442133046105,0
2026-05-01 22:00:00,8.36415086823223,60.18819871241773,10,10.119249714597416,1.1572406358796528,2.4548935324110777,3.8754604524076894,17.717704911767754,0
2026-05-01 23:00:00,4.990134360144395,58.15993448876546,9,11.433101860758605,1.3178377191123762,2.201969300989549,3.2959497039811283,18.586868396884668,0
2026-05-02 00:00:00,4.859936525275975,54.63234179480038,5,11.220810979329906,1.2643565997193393,2.6924899105019007,3.690455706470771,18.82864455252389,0
2026-05-02 01:00:00,5.275419534458316,59.728140775987946,4,12.047145925116837,0.6090103257541492,1.1279066076345523,3.75204973217525,17.542605666728534,0
2026-05-02 02:00:00,7.028555570619648,50.152536249925326,5,8.431787476022945,1.0354423475966237,1.4918809414275325,3.7681196951134632,14.633609525732306,0
2026-05-02 03:00:00,5.239476894337444,62.307023453066805,6,11.804083020532005,0.7763771696012962,1.006530092221627,3.665584802596302,17.400701644752708,0
2026-05-02 04:00:00,3.516565864184027,54.739680362783176,0,11.219426439913782,0.9575119874140745,2.343739727209529,3.7979864543630586,18.54423263418166,0
2026-05-02 05:00:00,7.035871064714243,63.23249186066501,6,10.645336739594047,0.9296926806171804,2.086473234942129,3.8915099596381775,17.640832647143373,0
2026-05-02 06:00:00,6.011671360631523,56.46051200207487,11,10.634531288568951,1.6521374116824514,2.839831300411757,3.5986653426361124,18.667804850395637,0
2026-05-02 07:00:00,10.889757985617722,61.20788260864621,1,6.36459954961513,1.476189977979929,1.8058337501354311,3.671120755042202,12.942813141774664,0
2026-05-02 08:00:00,8.58425036448004,49.82607309511008,0,8.263918940573022,1.296102954016717,2.2604326508371324,3.7913691123531974,15.5997162097298,0
2026-05-02 09:00:00,5.692460203307544,54.66403664314642,5,11.330756340614396,0.7463227690748081,2.01796145772167,3.4907061069607295,17.53775822960275,0
2026-05-02 10:00:00,10.9436743445411,57.0778539226856,0,7.124502575110263,1.0656528279752602,1.9844601412940488,3.5632638139933617,13.796878381844454,0
2026-05-02 11:00:00,14.366843872871756,59.24784965590671,0,4.810042221959898,0.6284826908769563,1.918581070865071,3.506126764083105,10.892430806074742,0
2026-05-02 12:00:00,14.29630729564915,62.27742297815267,9,5.160604122287477,1.2104473149171162,2.446968280449585,3.7051466964431325,12.916268451766886,0
2026-05-02 13:00:00,15.079516574774352,51.938559551004474,0,5.407678324417908,1.3265974085302448,2.558131749093528,3.3152851119998017,12.433590121871424,0
2026-05-02 14:00:00,10.352561576727965,66.26205260217456,2,9.106022309609752,1.4832365130202867,1.1790089690416985,3.8234940469196292,15.197946075489803,0
2026-05-02 15:00:00,13.517553357048715,51.123847683260884,0,4.08711235640272,1.2654956729506652,1.7692274898572748,3.680069484652602,10.516271153393678,0
2026-05-02 16:00:00,10.38985208756958,61.80021666850065,10,10.204433347084274,1.7204650474049143,2.439094246380113,3.7284911757250008,17.934078069976174,0
2026-05-02 17:00:00,11.442319605038142,48.76517431446556,7,7.411451612258783,1.3169147354281105,2.206729156313642,3.273502877333071,14.47910017422952,0
2026-05-02 18:00:00,8.172134763018908,59.39210196891535,1,9.399341145688096,1.0362539047963961,1.6759516507509749,3.4479791359450953,15.235215192124938,0
2026-05-02 19:00:00,8.396445749434658,42.65250744278533,0,8.421052067609974,1.4057811783947942,1.5593776720154053,3.823570375530357,14.918830744711148,0
2026-05-02 20:00:00,7.436534506358307,50.69305305031253,0,9.323997886426719,1.4172666350618361,2.4885065949349108,3.573389119437317,16.906636788717815,0
2026-05-02 21:00:00,9.207831210260078,58.894187380789525,5,8.628468307754042,1.0065399055867004,2.043175510152065,3.3613904130848242,15.251900659625365,0
2026-05-02 22:00:00,8.197376398714868,48.97733458776071,3,8.15124489487575,1.2866437904995243,3.0620759402538185,3.6452433236816524,15.757898264474548,0
2026-05-02 23:00:00,6.581873697585934,60.625292391545656,3,9.282968104794133,1.0509903189821805,2.202723743868682,3.713873715583034,15.807542201241857,0
2026-05-03 00:00:00,3.4642925773874365,65.8405292918336,3,12.683364337828289,0.6,1.8346549954009417,3.6917238570158686,18.613109040369803,0
2026-05-03 01:00:00,4.880570471600865,56.33165098998968,7,9.812391650184122,1.3800372722396617,2.4337054782090854,3.6054392178090784,17.395914151642867,0
2026-05-03 02:00:00,4.0226998803244935,54.16925735571144,2,11.729665352062625,0.6829172363733196,1.9590197916969712,3.7783345390345073,18.185743597394477,0
2026-05-03 03:00:00,6.888806295696023,54.98827558309955,5,9.52307882100096,1.3048784732668164,2.6788996701227257,3.514698202119499,16.834061699606888,0
2026-05-03 04:00:00,7.762923237870806,51.38293365649178,0,8.368938802454473,0.6,1.2745249562742833,3.6810133548493242,14.109334703128969,0
2026-05-03 05:00:00,8.112079663426712,56.30865890433446,17,11.107539276788028,1.1541165230427408,1.9244663074634398,3.688252646519906,17.90545108474717,0
2026-05-03 06:00:00,5.757224888318192,59.29462508308984,0,9.537207515766298,0.9482404193925111,1.962441454717499,3.580037048182549,16.001027554319883,0
2026-05-03 07:00:00,3.2280249355761894,58.742920559737,3,10.968663937578231,1.5746036696089711,2.341063154127423,3.5551504882737635,18.035894017664305,0
2026-05-03 08:00:00,5.787262674506035,68.7057084352414,5,10.308809485970071,1.0032697290049257,2.2036574523280685,3.5684611409937506,16.891568174154393,0
2026-05-03 09:00:00,12.113730421925705,49.59827926543387,0,5.99918944800141,0.7237601662369526,2.1026138305360913,3.604838012435015,12.91963334729621,0
2026-05-03 10:00:00,9.858964504483426,63.954375697169304,2,7.996905112995252,1.263520778697758,2.1464465882241135,3.5640918802465427,14.886891078774713,0
2026-05-03 11:00:00,9.989739784429352,49.26025974380531,2,8.040270362352087,1.0600592439431509,1.2438199121016482,3.717960486781597,13.822911601340113,0
2026-05-03 12:00:00,14.61470931341426,52.4756334345886,0,5.351195050727671,1.3766961962272688,1.9265578667129328,3.519602202563407,12.078488473806882,0
2026-05-03 13:00:00,14.322610200669022,59.35667480078665,5,5.408773405817117,0.8358420177924131,2.6675512986071443,3.8552436496009705,12.797181516753941,0
2026-05-03 14:00:00,12.332660728590765,60.538647367076834,0,5.925327414943576,1.1737988587489225,1.8772951296650915,3.5128997222257876,12.71015709858423,0
2026-05-03 15:00:00,11.67305303853011,51.723662834901006,13,7.839351671796,2.198348378854515,1.9255188122703335,3.7900121171565413,15.908502240099594,0
2026-05-03 16:00:00,11.597614752790351,57.63220725583531,7,7.06902923017828,1.1422523643379798,2.0347642968573183,3.77248252991443,13.849379419233129,0
2026-05-03 17:00:00,11.652148392738736,56.787963207431304,6,6.6952600825675495,1.27335564339522,2.3805405283709526,3.648879324800892,14.315929787568015,0
2026-05-03 18:00:00,13.261178279570462,49.814481218765714,0,7.13251155712715,0.6,2.6080336272591236,3.611513997035442,14.155731271609241,0
2026-05-03 19:00:00,10.415159180389235,58.88433023759652,0,7.502158107061082,0.8014572492027463,0.9196442634702267,3.4906549476436215,12.60263117318357,0
2026-05-03 20:00:00,10.025347257493667,66.65594258919398,10,9.048887871850946,1.4409022457149694,2.5125544535959654,3.5624392825535587,16.532734289972325,0
2026-05-03 21:00:00,9.872990428887595,58.42546116871009,27,9.840136308932706,1.4705357901242233,2.8655065995164466,3.7409675394194397,18.067313508783364,0
2026-05-03 22:00:00,5.052648699585616,62.60865174973482,9,12.054602022580976,1.4770515362102727,2.523477193352438,3.629229660199839,19.953036285255326,0
2026-05-03 23:00:00,7.599489384380085,61.33331283091918,8,10.06522240354843,1.3927285400288074,2.5045240665403443,3.8094626263986084,17.392270677741255,0
2026-05-04 00:00:00,5.460988479408396,50.13839899631286,5,10.64711988444252,0.7286896974427841,1.9700837525167718,3.5518115309377016,16.91531734319775,0
2026-05-04 01:00:00,1.3347420507532295,64.76029150117282,0,12.814616258042307,1.4553571989186862,2.084219641031085,3.5408903308574797,19.88730226922825,0
2026-05-04 02:00:00,1.8749560542027908,55.49322551031674,8,12.63722939377575,0.8090602698021601,2.752953072417897,3.382290408925417,19.438874655013958,0
2026-05-04 03:00:00,3.8813039439851664,56.549700397824324,0,9.655327176478103,0.8322773329674007,1.7259427325594001,3.696529179557349,15.766126125041612,0
2026-05-04 04:00:00,6.864834850940524,70.82302454892562,0,10.233441231052785,1.1803197204369746,1.1982778797757576,3.6829828232915904,16.558615757034655,0
2026-05-04 05:00:00,6.7114298025042585,56.44685799016895,0,9.942943167655592,1.6484580528023027,2.441507769484983,3.7465622843989825,17.91314080273322,0
2026-05-04 06:00:00,7.556267677777299,52.89175461590166,8,10.197784159856068,0.8926432767553785,2.61291268656844,3.7870154404404057,18.017014209495382,0
2026-05-04 07:00:00,11.403581538287224,61.36280931969294,18,7.562321466615839,6.275689558696843,3.043690394240539,3.7903419809177623,20.52959519807723,0
2026-05-04 08:00:00,6.83539193031699,52.187394035207994,45,11.782332809978966,6.764607164090619,3.964065007896562,3.9046673924952158,26.449955993016736,0
2026-05-04 09:00:00,9.852074231325163,52.926429461368066,69,9.23879129554225,7.372075992220354,6.038446143432351,3.9675103144290653,26.694248808468014,0
2026-05-04 10:00:00,11.260384664362157,62.049024509645385,83,9.078564407260693,7.808410692387681,7.284091539479797,4.046613997402721,28.441701654538296,0
2026-05-04 11:00:00,10.216053711616418,55.59456510813544,102,9.303719567485373,7.594573657599321,7.35541035138806,3.7317057431784217,28.325012505721745,0
2026-05-04 12:00:00,12.072088655465205,44.57635123764192,113,10.48570922316488,8.288147234442032,8.05752171490573,3.887031393236466,30.74181246621834,0
2026-05-04 13:00:00,9.653670799647024,59.023684586200446,112,11.342850465981845,8.381612601589232,7.480664205836633,3.8585208963056172,30.789954311853943,0
2026-05-04 14:00:00,14.889684844946219,49.45394107401128,113,8.236277289794858,8.55838571260505,7.691206099302098,4.242525951642921,28.550675489161605,0
2026-05-04 15:00:00,11.214839928288674,63.827978972964964,100,10.903114743964816,7.875673154902567,6.816443776127665,3.8825560663911673,29.513469645706284,0
2026-05-04 16:00:00,15.47731346894766,47.754893212484454,94,7.612752432652255,7.647102918623422,7.028870138453447,3.8825706727986544,26.451986615999893,0
2026-05-04 17:00:00,11.412511659071914,60.74797209805162,73,8.429270432295361,7.047895434234796,5.661649471273813,3.892998589988479,24.670212435884135,0
2026-05-04 18:00:00,12.490535336757283,64.28628669162633,37,9.726302922882454,6.055354643747638,4.002760115498201,3.561448082931871,23.05336506216278,0
2026-05-04 19:00:00,9.80809605615253,50.53826861501618,16,8.481695791041071,6.090716263569527,2.2786446231666178,3.721081716901106,20.761426766848523,0
2026-05-04 20:00:00,8.94057976073577,55.13528705489902,13,8.042933296424696,1.373318207679278,2.439599552605385,3.3324414695936033,14.864885729695258,0
2026-05-04 21:00:00,7.094127751242435,60.011155831434884,0,8.989537535532948,1.0616776941484827,1.3709086987310473,3.423376548461399,14.564244766214749,0
2026-05-04 22:00:00,7.445354955501344,52.271909268048944,5,9.358179750601858,1.39920129748519,2.15940720996401,3.6498224282030582,16.85074504952939,0
2026-05-04 23:00:00,7.058568321929636,59.32784343879976,3,9.510833603475051,0.6450393539577158,1.230454065024075,3.425754565084932,14.75675113398919,0
2026-05-05 00:00:00,4.827004854425013,58.030224634145284,9,12.197068602870193,1.198309005398568,2.363210238444655,3.830866965545555,19.51500181708244,0
2026-05-05 01:00:00,5.598017333852812,57.3310815700502,4,10.469605980259605,1.8701693281956087,1.8945713745460728,3.6229419157950464,18.199362054193397,0
2026-05-05 02:00:00,4.654165160529261,59.803006485851725,0,12.42475074438763,1.4484595658257784,1.8814338400151205,3.769810519884245,19.258710506289393,0
2026-05-05 03:00:00,9.720021759159842,56.137571974101505,2,7.726449024477607,1.3516665452244525,1.1664799970339372,3.6616874976279643,13.590286929895225,0
2026-05-05 04:00:00,6.007702010731068,59.47750810640794,2,18.56530479326218,1.2727388312578716,2.2046220532709757,3.6062105345086484,26.05617934134648,1
2026-05-05 05:00:00,9.343354156557588,52.3995263098411,1,15.941727132734718,0.9900988499104668,1.7205656983328916,3.4545156767568517,22.165237934147,1
2026-05-05 06:00:00,7.108775270453284,54.337388201061515,0,18.40076580384602,0.6,1.8977007219128366,3.739371937244879,24.807764650558155,1
2026-05-05 07:00:00,8.726255565576874,55.74378279286836,25,10.503269545908465,6.5099950066442,2.3334665825152543,3.766188198850794,23.035148315089323,0
2026-05-05 08:00:00,6.9450143110293965,57.522693419313185,51,11.179282306898843,5.961050089298617,4.045770025694729,4.1166971853833365,25.27615000076951,0
2026-05-05 09:00:00,9.337176484509808,53.364021596937945,63,10.425046230764377,6.920055448085529,5.089430627499716,3.9762600551881797,26.23485092820056,0
2026-05-05 10:00:00,11.299242173168073,56.46920622264006,88,8.182901486311577,7.482719283674184,7.258975062329564,3.892389553557172,26.8965153944512,0
2026-05-05 11:00:00,14.362413479611044,41.339619398240536,105,8.827992150945146,7.633483347607545,7.812272106793543,4.06341323592766,28.545004074142124,0
2026-05-05 12:00:00,12.59979286812155,49.16735779545513,110,11.055123478833487,8.63998407104733,7.9084437686256965,4.103320696603654,31.755867492716888,0
2026-05-05 13:00:00,14.924398238866193,50.127134363633225,109,9.516318205342316,8.500519974785021,7.379061325323129,4.210443744435175,29.871569939724733,0
2026-05-05 14:00:00,13.780572720171318,47.527879337687885,113,9.53307812549257,8.295484106786867,7.517180772680568,4.250280494053927,29.761622415012695,0
2026-05-05 15:00:00,15.33865590192806,61.2711961624073,104,9.742891131225692,7.448135631874668,7.644494835934458,3.991703705260938,28.565114734638385,0
2026-05-05 16:00:00,12.122050376653295,54.021633297859736,81,9.137006554065245,8.03049536443791,6.570310184184342,3.741671838228867,27.443297938340745,0
2026-05-05 17:00:00,15.729585575087338,52.26342888803992,70,6.393928507233425,7.376639198588295,5.744038345660154,3.601924207138272,23.00443159405372,0
2026-05-05 18:00:00,10.116159687872345,52.51349598630297,51,9.183097992852945,6.488307119086446,5.374300743639479,3.6330675810421464,24.867131967261095,0
2026-05-05 19:00:00,8.79421477254914,56.30966539835038,23,8.446383412052608,6.325450918953685,2.757892224543714,3.6032335331341665,21.248356955020814,0
2026-05-05 20:00:00,7.134243388354996,50.35779667291735,1,10.035054860116933,1.4535011987383464,1.9357164733487262,3.829650305423561,17.285768504311626,0
2026-05-05 21:00:00,12.24820851661625,52.79494139596737,0,6.766824509649462,0.8903924057751922,1.0380713741536942,3.827925823328679,12.776611304292837,0
2026-05-05 22:00:00,8.83439410627678,50.75215384871788,6,9.21403497545791,1.2571863941354773,2.2249704843002545,3.7680240081232395,15.997795786147348,0
2026-05-05 23:00:00,6.148454251926915,56.72423780251784,3,9.847399612337421,1.2647667320130558,2.6262179460098833,3.7965598310717965,17.38416156544722,0
2026-05-06 00:00:00,8.4787556279478,41.28143388122416,5,8.850863352318873,0.8047010294610004,1.6063210028246613,3.5138910896550732,14.646204723351806,0
2026-05-06 01:00:00,7.174842279196884,50.85084903994118,14,8.225856499338681,1.2574675032847344,2.948959193882927,3.4287026341922617,15.923919427853882,0
2026-05-06 02:00:00,9.228922657846898,64.86186643370083,0,8.588205299497636,0.741088098734884,2.448467885864475,3.449020718045788,15.364984551854,0
2026-05-06 03:00:00,3.374449748838806,65.45154918301614,0,11.76189230972121,1.4040338054973516,1.4896292513258333,3.2947772148609302,17.950005637047646,0
2026-05-06 04:00:00,5.904304859128627,66.48600737114492,0,9.335081052510626,0.7821806010479748,2.0101228623351064,3.4329067122396766,15.231551261909232,0
2026-05-06 05:00:00,6.125345869652675,66.73231821578604,5,10.17857336993217,1.2921312964459866,2.785834285163874,3.5441079535436875,17.90233985198371,0
2026-05-06 06:00:00,4.281245406613771,63.82699049002654,2,11.020598222507878,0.6494454635622409,2.0137138230257943,3.6330055524113445,17.348778519883208,0
2026-05-06 07:00:00,10.283195546775051,52.5703912276439,11,9.472196130876464,5.7012970909005425,2.7590217488802353,3.6643185876477626,21.22965513081457,0
2026-05-06 08:00:00,8.926831811642685,50.08137046367425,36,8.873535974744998,6.134341576790262,2.981722788261897,3.6405545058736952,21.556304373652722,0
2026-05-06 09:00:00,11.549745662844373,61.218158385564905,67,9.551288458643626,7.004648696141972,5.753711437047576,3.953342190762614,26.356496919897868,0
2026-05-06 10:00:00,15.148118244868733,52.02631916267279,83,6.886476735833447,7.457133566989661,6.597756983233849,3.831434047339322,25.186103539250656,0
2026-05-06 11:00:00,11.260865414554376,69.51848783737566,109,10.477399304302246,7.989664353317071,7.198204570317643,4.037506705096086,29.430507214590587,0
2026-05-06 12:00:00,11.701634799236764,52.0331860445079,114,11.064506979396462,7.331717703901397,7.636052105713403,3.889502663683032,30.119309562516378,0
2026-05-06 13:00:00,12.968975437050926,65.11064355089468,116,10.008903853819975,7.928976215589616,8.451800810989175,4.227300096806657,30.34786253901181,0
2026-05-06 14:00:00,14.56482645658019,51.135629413390326,112,9.107607970212646,7.653299761601465,7.823779643057362,4.051125193815379,28.318160446321144,0
2026-05-06 15:00:00,11.803834205492878,62.163415929432546,108,10.839953847399705,8.030962472469591,8.240372275036188,4.133823752395109,30.942214535166954,0
2026-05-06 16:00:00,11.344960154629309,64.67143030742275,90,9.814971453356154,7.426327284122259,6.889827118727451,3.7775709919320355,28.0599503329508,0
2026-05-06 17:00:00,13.658601450071632,46.618349343362,70,8.875328386810805,7.13170914803353,5.6754050049440234,3.9061636256822623,25.621079445998642,0
2026-05-06 18:00:00,11.780192807033055,51.25486692498,45,8.138104377330745,6.449267871523929,4.198297935049645,3.8658500587033293,22.572847918286726,0
2026-05-06 19:00:00,6.816334567259021,51.68987372036455,18,10.238481581747712,6.827626698356675,2.9217069593705314,3.3654199031746965,23.467693138889974,0
2026-05-06 20:00:00,7.30333989741091,50.14282814739248,0,9.693111879171957,0.6507472018683795,2.161319567632269,3.7752145502405026,16.290598550680553,0
2026-05-06 21:00:00,11.032740267155829,58.72784590278283,0,7.4226108059814875,0.9600931033638866,2.040232811859437,3.4125863123833144,13.863152766004813,0
2026-05-06 22:00:00,8.319784037742377,55.580391750199084,0,9.329907597743704,1.137659458645539,1.609646102815958,3.6316350323185245,15.632966645383753,0
2026-05-06 23:00:00,5.615899139592155,59.1022735844467,14,11.126350020224315,1.2640238382246696,3.1277466736431223,3.924155437711992,19.18538920453904,0
2026-05-07 00:00:00,6.257519282189593,61.64429534819748,0,10.385863345574975,0.8326224060525949,2.095962407757855,3.743235451850352,17.480510390286007,0
2026-05-07 01:00:00,6.220066564485699,47.19062907434624,0,9.772063381266182,0.6,1.9733552512380863,3.376509312074361,16.07203584873156,0
2026-05-07 02:00:00,7.329051325210877,65.22380752983418,3,8.639133352909274,0.9119718671878848,2.0062637298355486,3.5852947346129094,15.540203360428492,0
2026-05-07 03:00:00,3.888516449462917,57.9890476828633,0,10.24254933710922,0.764215305474581,2.0250223039523103,3.7850144635099072,16.681972688443295,0
2026-05-07 04:00:00,5.117602163749285,62.35620621461518,8,9.615222626911573,1.8317286074495622,1.4157444771237118,3.5094837476259984,16.20169753097305,0
2026-05-07 05:00:00,7.5674556618494435,61.048685288984196,0,10.661057090310742,1.8926435750093185,1.908589173471556,3.5460180386832327,17.90469663692042,0
2026-05-07 06:00:00,7.658585825892333,65.48083999516379,1,7.462801492267146,1.100222912701539,2.5930823183047256,3.54581764204383,14.970451101322114,0
2026-05-07 07:00:00,9.644598565358182,55.13740674928316,23,9.806111631273936,5.822335210895307,3.16399400901701,3.777505838858368,22.569898672202655,0
2026-05-07 08:00:00,7.488142037223282,44.642068717824955,55,10.565182409372518,7.148315436999331,4.862564793418137,3.589451285750389,26.02971600087835,0
2026-05-07 09:00:00,11.091290020254668,55.02429816553036,77,10.851204565948137,6.942623228038736,5.766852062537418,4.00191653263363,27.653561808677622,0
2026-05-07 10:00:00,13.183996765676302,54.31624357471238,89,7.346249853575387,7.309790131241868,6.9167272760976335,3.862580123164071,25.251235150763332,0
2026-05-07 11:00:00,12.880769877041296,47.133857437378325,106,9.691078349809423,7.587902653585848,7.542216516697833,4.022299449292765,28.504649332717836,0
2026-05-07 12:00:00,12.84588348357484,54.2505313139165,117,11.447607101946808,7.830823018928615,8.824184902075764,4.03426930693637,32.16919306930847,0
2026-05-07 13:00:00,12.796042880384185,51.236857231354115,121,11.023862780157637,7.953847911978237,8.06637113889363,4.1739650261210475,31.089028554119064,0
2026-05-07 14:00:00,11.659057653023046,46.19918306453765,111,10.492934192694,7.438274317734757,7.701462779579835,4.040843976876196,29.670090242966296,0
2026-05-07 15:00:00,12.836647397598696,57.40142382185668,112,8.56036266816997,7.670295218419084,7.689604874392475,4.264065166343442,27.513113016872598,0
2026-05-07 16:00:00,14.750893475876826,48.5544789877056,91,7.211490966270696,7.894980486752202,7.630560589920139,4.1124143593321625,26.62642680346559,0
2026-05-07 17:00:00,11.850829885667302,51.67360229732711,69,10.292836343560468,7.130255070869046,5.5096054522744184,3.7567015953833107,26.678134147507105,0
2026-05-07 18:00:00,9.8156378308423,52.862798543145765,37,8.963337097108486,6.60985984452107,3.5883651417078637,3.952794664924317,22.735259088321737,0
2026-05-07 19:00:00,9.647351219692265,63.17735817001568,18,8.617077009847735,5.442713154377047,1.84923245454541,3.7199109382693667,19.2583364206307,0
2026-05-07 20:00:00,9.91975011810368,55.31469044078189,0,8.11337301526197,1.431724280483345,1.3898826065087886,3.6254825019492594,14.57015474835504,0
2026-05-07 21:00:00,8.037464159668335,57.44650080352368,0,7.93599965692232,0.8600680384429086,2.037548224526672,3.727231357811587,14.7362427565679,0
2026-05-07 22:00:00,8.653320193941939,53.86619292822517,0,8.946906431385818,1.4933889940286933,2.035744083716102,3.443827707741799,15.696938198028757,0
2026-05-07 23:00:00,7.992265271855035,59.78300197963815,4,8.808793757788875,1.225996181469194,1.7269585453958973,3.409084259199223,15.10530107947285,0
2026-05-08 00:00:00,8.246854860866133,64.91076714505442,13,9.546786409158075,1.1372812998341364,2.2469548451651113,3.655741220026978,16.527008104972097,0
2026-05-08 01:00:00,8.805983078262585,60.2826775962221,5,8.245089078178074,0.6027736415570871,2.911941980629099,3.5290547244430694,14.898280871751234,0
2026-05-08 02:00:00,7.959632198856781,61.15147761886655,11,8.149920476614142,2.0591960850998268,3.618370893149815,3.955057785735998,18.078516760486888,0
2026-05-08 03:00:00,4.797725566360497,63.0390870605357,6,10.725421146061297,1.4891365455665846,2.647397665553327,3.509351577867778,18.325567572496933,0
2026-05-08 04:00:00,5.19957489499857,50.81886296888409,9,11.45186865458723,1.5640760398911515,2.9966759492826114,3.642037102184465,19.61159784707594,0
2026-05-08 05:00:00,7.162987123289151,52.371046667338305,13,10.25571553975392,1.970589696908419,3.312141368403454,3.680794670943622,19.312487127000168,0
2026-05-08 06:00:00,7.249674260116763,56.33281994331767,0,9.459933623000058,1.1784304542801016,2.7965571974571226,3.7846911239419807,16.82961365267896,0
2026-05-08 07:00:00,6.925650273731343,53.45057803974214,13,10.796628323644095,6.6073400179836135,2.3791324628166914,3.5028158466933195,23.51590022496073,0
2026-05-08 08:00:00,9.015796317329677,49.85093061346675,48,9.927962925913405,6.59649865978861,4.044779416766999,3.5501901901547206,24.38208388536243,0
2026-05-08 09:00:00,9.865867038130224,44.36754527617889,69,10.377818169096644,7.400152486491622,6.420070402412207,4.085165221075453,28.31833920328126,0
2026-05-08 10:00:00,10.374531209829717,47.13992631382286,91,10.423958394543783,7.317466152401353,6.371067691926257,3.976077832621201,28.204122183449755,0
2026-05-08 11:00:00,11.704703975113175,52.68231867460952,105,11.291566075837123,7.61364942158049,7.112131757600445,4.141461378395032,30.077288759050315,0
2026-05-08 12:00:00,14.801127726210465,51.48259600442884,113,9.243568756975343,7.967950201408997,7.562464392082334,4.180504585550701,29.170311448220268,0
2026-05-08 13:00:00,13.486117429559215,48.12708927104713,130,9.922485402716958,7.796410381514097,8.890871648005632,4.274501286364852,30.678533791820044,0
2026-05-08 14:00:00,17.468747796718066,50.37199042856081,110,6.166902480681279,7.995298477831138,6.957030857846866,3.9833204797482455,25.094452714698985,0
2026-05-08 15:00:00,13.437276675668912,50.319040647798055,110,10.580348548030694,7.770814626544006,7.205100759398027,3.94265972654456,29.50573953202271,0
2026-05-08 16:00:00,12.304649464975974,60.314954425511104,93,9.163051269366225,6.878353778524311,6.634947542774997,3.6725614446078945,26.339242918054634,0
2026-05-08 17:00:00,12.248572002089956,52.84381641428351,60,8.693479720779463,6.819818339984377,4.561833608778719,3.69076478462894,24.033177968244033,0
2026-05-08 18:00:00,11.952708730777786,58.21345374032695,39,9.954508682664542,6.481230853896313,4.423085316311067,3.765322663765255,25.171198725942606,0
2026-05-08 19:00:00,11.412470752473398,55.659929509413104,14,8.151974596952076,6.450492762693385,2.572991690682943,3.5507905634451076,20.698790351966775,0
2026-05-08 20:00:00,13.297081621384109,44.61476254849759,5,7.391612330658809,1.2898192833728221,2.3346598644212513,3.4488648706728404,14.58254575758251,0
2026-05-08 21:00:00,7.423760919103078,56.88823025624964,0,8.903718816887295,1.6066153284581017,2.0103885806822714,3.607563233933073,15.927679100325879,0
2026-05-08 22:00:00,9.477050666325919,48.478467404283464,1,9.035091730987133,1.3000383584686894,1.7619521096051267,3.8054413065042585,16.160503875606405,0
2026-05-08 23:00:00,7.644974649214864,56.61754398378732,0,9.227249897816892,0.906113625418,2.2446591863520013,3.591597624125148,15.840249169632507,0
2026-05-09 00:00:00,4.249598327529298,55.34201635096889,16,12.028046506647872,1.3675742238332147,2.8834665483323225,3.4940770613712875,20.5594463690003,0
2026-05-09 01:00:00,7.881000940694242,59.38102749538817,2,10.755692824828987,1.0141831870809603,1.7667198770950334,3.798863707087065,16.917774646184373,0
2026-05-09 02:00:00,8.606513456511522,48.49098888281915,5,8.600305535903553,1.3607904996396094,1.3172405624987078,3.503882382670937,15.319080272484788,0
2026-05-09 03:00:00,5.113613124711514,59.25300110814299,0,10.68950795060855,1.1209377516121297,2.034296276580807,3.821905758434722,17.914453284248577,0
2026-05-09 04:00:00,6.905276914482998,61.255535809516914,0,8.912367668393491,0.8800041281143773,1.2324134798883448,3.560529960419486,14.304754778646549,0
2026-05-09 05:00:00,4.5435774235788715,65.03789034816982,13,12.170499939050716,1.3370101648718802,2.686127406515884,3.667469516137085,20.440969123517966,0
2026-05-09 06:00:00,6.0615824216815115,53.86880663643353,0,9.675780676795414,1.2614132329441656,1.8354998514028038,3.8341339613398215,16.374725119996597,0
2026-05-09 07:00:00,10.827337027235389,54.98600306281651,4,8.318312856858578,0.8197524615943775,1.4078338671820898,3.413275387756372,13.880591860800738,0
2026-05-09 08:00:00,9.158645342932244,57.23589783027026,0,7.0080551077034166,1.2109530665756467,1.9162786684656679,3.442484209234317,13.253622913011528,0
2026-05-09 09:00:00,8.97245500360904,65.55341642454982,0,8.874886555373642,0.6,1.8860937466187138,3.5510178057605204,14.875385131455658,0
2026-05-09 10:00:00,12.091636022724213,45.04329261845602,0,6.111896461969511,1.486949970099563,1.8877263756277913,3.5790048144982167,13.05240330225606,0
2026-05-09 11:00:00,11.53832600386506,48.87964022667491,0,7.532185029222433,1.284513283770191,1.8661486127799145,3.9963104670676355,14.886665065492608,0
2026-05-09 12:00:00,12.182245498172007,70.69009083278748,2,6.633450272776854,1.7062490624676296,1.6164253162445867,3.474790801700691,14.040493878737097,0
2026-05-09 13:00:00,14.589148038803959,50.419555267161186,0,4.75002300559907,0.7091912460786011,2.0662241103451606,3.404362875801645,10.801561078208657,0
2026-05-09 14:00:00,11.476606692956494,43.04658212086298,0,6.674320424584438,1.496708105085761,1.4905548925710024,3.4596247651297554,12.4330505826504,0
2026-05-09 15:00:00,11.793172933597509,50.65981943971287,1,6.154649058466532,1.4455230222488455,1.3714340886962832,3.638819956902102,12.772550662530415,0
2026-05-09 16:00:00,13.244578303043495,36.45332694393121,0,6.628374788491461,1.0362187834772387,2.103585166949145,3.6738053645299065,13.304406423614612,0
2026-05-09 17:00:00,14.074423781569749,53.88970643855961,11,5.022924327149214,1.1661748264307827,2.8263937704008635,3.5379369362932853,13.008043211163228,0
2026-05-09 18:00:00,13.806425915677629,57.50388912491109,0,5.418610057920738,0.7201988802284873,2.0727891449764946,3.6031554215220196,11.806107352571843,0
2026-05-09 19:00:00,9.726815136388947,50.23491439069577,1,8.30963888465639,0.6469666057971276,1.7617623123419017,3.895780350857387,14.424375459734598,0
2026-05-09 20:00:00,11.545094246908285,51.516835781309744,0,8.23464095715201,0.8370679881844398,0.9272404332373652,3.6052752722791195,13.350982496887372,0
2026-05-09 21:00:00,7.7126448463863655,62.7574412974237,2,9.229227108382457,0.6964785251589655,2.5767605768991393,3.6561485034879007,16.31433639384454,0
2026-05-09 22:00:00,11.306109292886445,44.01912524125874,10,7.238448140895109,1.8385028692567165,1.4702061516451144,3.9233482320435424,14.401696228083562,0
2026-05-09 23:00:00,5.54926892577843,50.9086210324689,17,11.235331915141334,0.8802818268558706,2.9987276270384973,3.563296142772674,19.044564325090942,0
2026-05-10 00:00:00,9.360218000757406,54.61114540913811,6,6.762302187021161,1.2601134173371333,3.0796065830126054,3.5094886922134116,14.558863504853859,0
2026-05-10 01:00:00,5.636126162053429,54.25889635365901,9,9.727130265456434,1.4144967944097868,2.362259901574397,3.5655476849478758,17.42308968643741,0
2026-05-10 02:00:00,10.05541190880782,53.69523968355261,12,7.927567893788703,1.4411247311817834,2.5910548700693092,3.5688134223587897,15.183527365878344,0
2026-05-10 03:00:00,7.7573977826944835,49.59944974654,3,8.67533396545108,1.309851013639643,2.1356944273260754,3.3388480331482615,15.02507252160572,0
2026-05-10 04:00:00,5.3745759224174865,60.25494897371593,11,9.627079333603126,1.6292401111073862,2.4941753028469935,3.6646991214494062,17.622490774108417,0
2026-05-10 05:00:00,6.770213786281822,57.0269411492087,7,10.64449892489061,1.0699272431471654,3.24277606777323,3.660541195337689,18.50163703226791,0
2026-05-10 06:00:00,9.71090098453736,59.01196722699518,3,8.320482812614188,1.1846427259915744,1.5855758162721378,3.584121217525206,14.608934856892189,0
2026-05-10 07:00:00,11.01652178774463,55.94000566207328,4,7.502629560934121,1.0692534704619945,1.584073009024105,3.6531206264251006,13.556028174519822,0
2026-05-10 08:00:00,10.012676429725413,56.73063311268208,0,7.277454749835761,1.5558839569375635,1.652624519928215,3.6387163260074926,13.853304207098695,0
2026-05-10 09:00:00,11.114678671153715,45.986146869454025,4,7.397000742461777,1.9069530732162066,2.803374216661679,3.418577204585756,15.68482201339464,0
2026-05-10 10:00:00,13.172093091151911,56.0764794915053,0,6.411745574684739,0.6821231839435187,1.540405525959645,3.6432959920675096,12.272858452953939,0
2026-05-10 11:00:00,12.83182399572831,51.39093359237711,0,5.985625239354955,0.6,1.9936342133058584,3.6837768118097602,11.997985977120907,0
2026-05-10 12:00:00,10.965023588027295,53.77664246308182,3,7.740944110336462,1.3531960491566575,2.446953843561892,3.3724347802949133,15.11116475322036,0
2026-05-10 13:00:00,12.131577485780431,60.19090314400954,0,5.966836672787259,1.474630509482498,2.1505426289663006,3.8194674033553193,13.705205582691175,0
2026-05-10 14:00:00,14.032596839014829,48.15893903163751,2,5.649082083763171,1.8209420596369594,2.3681332287033645,3.4226305545642717,13.233579897399467,0
2026-05-10 15:00:00,15.579953435714817,59.42214089396789,3,5.622625633626287,1.4122616229258296,2.6030938661598566,3.441264282286664,13.330045384500623,0
2026-05-10 16:00:00,15.911151969978015,59.73348781875505,3,5.5021476202735835,1.6425233355405224,2.103704269361367,3.642293296779074,12.640217299201552,0
2026-05-10 17:00:00,13.93296668512138,57.0669816103452,0,6.620950366589328,1.6810212565067086,1.594327995755219,3.6802048186174954,13.720806662410668,0
2026-05-10 18:00:00,12.371287229418817,47.83780971333135,7,6.93810813928342,1.7386722200708034,2.2512485007522223,3.74465069568936,14.713117108596494,0
2026-05-10 19:00:00,12.311743199686033,40.64843312647389,1,6.559480108068297,1.426406178557102,1.702425942491755,3.688148850281272,13.178570806487153,0
2026-05-10 20:00:00,8.999416490305345,62.72344711783063,5,8.236307302695367,0.7412266529697674,3.20969839176908,3.542044547846451,16.242541540610734,0
2026-05-10 21:00:00,8.966533645359211,56.94341013396707,0,6.993422680477723,1.0970733504565753,1.5603045061719227,3.6162841940229025,13.325278479068272,0
2026-05-10 22:00:00,6.981870709379891,53.29241214303631,1,8.54959523143927,1.2230135166707088,2.072413452015838,3.5564994439980384,15.253816587298248,0
2026-05-10 23:00:00,5.535156763300975,65.89000649005789,9,10.610165099713226,1.227066628382233,1.6196104803885114,3.662138855538698,17.12388707635843,0
2026-05-11 00:00:00,7.8465816366790175,51.94571048722388,8,9.282351891423424,1.230662914752916,2.299768276904636,3.6422684989409033,16.237627985439747,0
2026-05-11 01:00:00,7.24526945932533,55.021116356120345,0,10.567522136636502,1.6485298222907665,1.6708032650559252,3.5242637085635846,17.12189933376284,0
2026-05-11 02:00:00,7.979646453808327,60.16460734554572,0,10.063644360291672,0.8351089107090728,2.104058423629993,3.5479173125755565,16.438374105815612,0
2026-05-11 03:00:00,7.858286950648426,50.42466779732442,0,8.533004655434643,1.3796683270033285,2.115788865914098,3.3221693512045722,15.255203091984754,0
2026-05-11 04:00:00,7.692043578148035,56.57408185874657,0,9.833275296745356,1.2107545687077308,2.4376493125319967,3.724519502949087,17.00515522838253,0
2026-05-11 05:00:00,8.78201182764193,62.94831423274872,0,8.16477804830855,0.7998636637665849,2.401906200366745,3.6446336260482877,15.32395986394492,0
2026-05-11 06:00:00,8.488075966556295,57.90060748680956,1,9.29800901380039,0.7411894756112476,1.825162782044486,3.257997977592606,14.93091510608604,0
2026-05-11 07:00:00,10.106685944162264,62.904543562820386,22,9.192936334871282,5.700539724281943,2.5850262358739258,3.8069740403101444,21.052419075001076,0
2026-05-11 08:00:00,9.076191745576194,62.994470338853844,40,10.769483037283997,6.78995196048207,3.627802142669794,3.7520458287165286,24.642852909299364,0
2026-05-11 09:00:00,11.845003961588349,54.162677035338454,68,8.7557830184526,7.101864315309637,5.676232089209892,3.7314766825457926,24.944860341330575,0
2026-05-11 10:00:00,13.19694729512922,39.08184127050876,89,9.912213518569791,7.21297789950813,6.7660037510241935,3.8021862230952044,27.95024431333186,0
2026-05-11 11:00:00,11.647052536573174,47.63007682627828,113,9.34145829989054,7.277363206447381,8.131066965851579,3.948766674687853,28.763196939000757,0
2026-05-11 12:00:00,13.429840711676379,57.50762414054965,113,10.84266493245879,8.085448815647112,7.774200362148584,3.91227119990327,30.787167196293833,0
2026-05-11 13:00:00,12.631253355784832,44.22505146144965,117,10.388859675389986,7.94519544723989,8.881756844090411,3.94842179993441,31.41883503693677,0
2026-05-11 14:00:00,12.91557584606561,51.35316258392909,111,10.030983610893388,7.648207284852262,7.242292279956051,4.299095132453469,29.137253368130033,0
2026-05-11 15:00:00,11.77899771848108,56.19663539327339,100,8.678232118728612,7.3625860263722105,7.034290668257023,4.055668899157404,27.498837652984097,0
2026-05-11 16:00:00,15.493543516171686,60.1972665374403,93,7.597812050822517,7.490498692801856,6.43030180111611,4.277401547681021,25.639291547856526,0
2026-05-11 17:00:00,14.597175761320003,48.60200000028351,68,8.63802157812524,7.288498770008741,5.445962064645507,3.90586079234303,25.004411698673003,0
2026-05-11 18:00:00,12.974274782329479,49.408367658754116,45,7.348559112886651,6.594505955452528,4.835954884229081,3.866889858012575,22.739313975593806,0
2026-05-11 19:00:00,14.569237006306311,51.75839764629726,26,6.670612745122507,5.952015785446234,3.100510743582852,3.5718942210398428,19.331170464678557,0
2026-05-11 20:00:00,9.988919545976739,57.61378815937806,10,8.224070765504779,1.2596562657375792,2.3956648010982664,3.6147957426331443,15.529927513857695,0
2026-05-11 21:00:00,14.55876667797226,51.15544402714424,0,6.0460506384558474,1.465941613538416,2.0989092853913567,3.58774797432926,13.452479847136342,0
2026-05-11 22:00:00,8.17383722402553,63.16523217529571,6,9.262375182228494,1.222093656935474,1.9791076388858573,3.7170138668039625,16.20714308597935,0
2026-05-11 23:00:00,8.269592193975317,52.00294285634769,3,8.203187302615834,1.177948239803001,2.13718244891756,3.604577462887172,15.201158406477154,0
2026-05-12 00:00:00,6.777422250188518,58.63789891263287,0,9.754255638769814,0.9860158651276391,1.9128400883244174,3.6526991237598168,16.645711360612864,0
2026-05-12 01:00:00,7.736946677223187,59.86856625356472,4,10.573544450171521,0.8606176663023886,1.511135808715272,3.6633291815588596,16.675297350595457,0
2026-05-12 02:00:00,8.405278994539023,54.294643894660595,0,9.163054245596328,0.7769859042761995,1.5910580724518062,3.554571349121966,15.209234330011137,0
2026-05-12 03:00:00,6.910335356930426,62.855508101661975,11,9.923848447145419,0.7163510766368297,2.5645635258845347,3.5831463403363375,16.433480802433024,0
2026-05-12 04:00:00,10.474068443986829,56.03819991446398,5,9.544635357794284,1.6034290427355031,2.6519864115457787,3.5196510297957593,18.249489712039,0
2026-05-12 05:00:00,8.416413666856375,61.42076402877136,0,9.68585263527228,1.2618589616167473,2.3765671315161803,3.7623455533543075,16.688913706376987,0
2026-05-12 06:00:00,9.194558773519747,57.26870556815318,0,8.960543043677314,1.128870393738514,2.7429691636949975,3.5546352583022385,16.252185521509446,0
2026-05-12 07:00:00,8.033570878600266,59.23324926997317,8,9.514402862607346,6.147453968372087,2.4584557201795074,3.681334625669101,21.659255356127474,0
2026-05-12 08:00:00,11.196182043868061,50.80851292600283,43,9.235433482357411,6.792835288678712,3.9790084503920324,3.7485167298016995,24.282797830954646,0
2026-05-12 09:00:00,11.16275399961531,50.84330426914118,66,10.085788338769394,6.8309087984107775,5.401221450654753,4.023392608931598,26.19116135344726,0
2026-05-12 10:00:00,11.20072607725902,61.945834321628396,82,8.267326598748058,7.262158184747344,6.2588058317663755,3.629786850996652,25.528547325729058,0
2026-05-12 11:00:00,11.639600857433106,58.08336202404717,111,11.089980472952357,7.732026962916084,7.72145390404387,4.089445476839514,30.492215368873993,0
2026-05-12 12:00:00,18.057820275964307,43.31884379569235,124,7.411355312531474,9.010998405906252,8.792329904557972,3.9077634250438225,28.862422782847062,0
2026-05-12 13:00:00,13.417562683839787,54.02200853504915,120,9.657992624863663,8.41707071450963,8.593269823476366,4.138605224920202,30.94952722601626,0
2026-05-12 14:00:00,11.507858401804253,40.126449877434254,115,10.834092302918144,8.028758799688887,7.596809126375877,4.03801801729687,30.317936657999336,0
2026-05-12 15:00:00,12.678497527598774,50.04748587210442,109,8.85679248453495,8.34009449629539,8.284676521498582,3.8142458337288256,29.347706811755856,0
2026-05-12 16:00:00,13.428157203268379,58.69504815726815,90,7.557980742074597,7.953890885577946,5.9234383777165025,4.010645968022505,25.602629103883878,0
2026-05-12 17:00:00,13.888941306733349,51.83242048768303,63,8.786615976053454,6.55081649235225,5.164883121184332,3.88562727294876,24.86463158697832,0
2026-05-12 18:00:00,13.17788770406544,53.8240602399471,40,7.766551387409185,6.542001351623765,4.517191872875287,3.725316826387487,22.23551769790321,0
2026-05-12 19:00:00,12.540845013011324,35.49607876112024,16,4.995900190683608,6.182286461116996,2.953326142059245,3.648315163375303,17.741624158103455,0
2026-05-12 20:00:00,9.388471095848947,53.60512496929638,3,7.838579131286218,1.3680347821437233,1.8043617783103252,3.6362266623747206,14.61933500472224,0
2026-05-12 21:00:00,10.157615713226212,57.411421558043614,2,8.52302427304602,1.0576025391476485,2.7959705810529423,3.784733030478591,16.161562447319017,0
2026-05-12 22:00:00,7.245432528144426,60.357664856281716,3,9.318637634699726,1.1195141097192436,1.76696692396222,3.56485096972009,16.412169968830256,0
2026-05-12 23:00:00,6.956466811855673,63.55678415911443,0,10.601253212162398,0.9385279104480312,0.8991220639282738,3.7519547934594795,16.147524839094718,0
2026-05-13 00:00:00,6.063936338212459,57.19050123570008,6,11.172718363258081,1.575127306904788,2.3337328597549956,3.6183824594122225,18.069813589943898,0
2026-05-13 01:00:00,5.254129063279638,58.065468326795376,2,9.57723617584924,0.6308308450451808,1.109668900050472,3.8023601936777096,15.070488399141658,0
2026-05-13 02:00:00,8.96428663916705,48.28408044416554,17,8.921054470204046,1.2564258299514317,2.3608481622013384,3.6327287497309304,16.141462908886957,0
2026-05-13 03:00:00,8.445030007760804,55.43909825914021,0,8.38341105565177,0.6,2.080237619278166,3.500051367528708,14.503439635060271,0
2026-05-13 04:00:00,9.28437272382572,48.46727008274392,4,7.283673184699402,0.8116261948981109,1.812614050345697,3.4513485243131306,13.179600904793942,0
2026-05-13 05:00:00,8.247088986196824,45.727462541519884,19,8.358268928121625,1.5530121132301662,3.1062742784888258,3.6709276768676373,16.35815758767141,0
2026-05-13 06:00:00,10.225703596179184,48.81964608220214,3,7.169274677222692,1.2716540014862265,1.4438553006271468,3.4930240389055744,13.917680778159268,0
2026-05-13 07:00:00,6.755071862357285,66.98580555005587,18,9.839317992222664,6.114382907785771,3.1763160109179314,3.8826732511579447,23.092263530068784,0
2026-05-13 08:00:00,12.122379288785538,52.284848324331186,38,8.165603834299079,6.977394801148223,3.129074078932197,3.6213181187360033,21.84533076417404,0
2026-05-13 09:00:00,11.86210087697581,55.422688520408336,78,10.325352269925567,7.777915010554752,6.683384223581333,3.8084964945797712,29.127054490291627,0
2026-05-13 10:00:00,13.471216828362017,49.81560987154015,83,9.142610204199926,7.369770432652009,6.151089693358903,4.019162466353557,26.46546837535605,0
2026-05-13 11:00:00,13.776043850643992,41.92466099530563,109,10.065192358851142,7.949651499737974,8.484021334930684,4.213868792801315,30.863336088869033,0
2026-05-13 12:00:00,12.008225658641262,59.61050950559729,114,10.451934860811775,7.7936094452218105,7.6917694699649655,4.165656805973866,29.790705235700326,0
2026-05-13 13:00:00,11.489203281955394,41.34990869939992,119,11.623662253756185,8.261410702508034,9.211144376773298,4.234802701467059,33.51870965026108,0
2026-05-13 14:00:00,12.944638425597397,49.962765120052,108,9.7934097278813,7.426078831991374,7.309052498687771,4.019967585009426,28.264884820415446,0
2026-05-13 15:00:00,14.996230278284123,51.425138006186536,114,8.579008531992983,8.580542183282747,7.2627230939978915,4.04608122923045,28.58597080252744,0
2026-05-13 16:00:00,14.859374827152143,53.23840674021503,88,9.619243359368259,7.882994841954879,6.6593964742536595,4.25376368008879,28.903707300390998,0
2026-05-13 17:00:00,10.804502370712186,50.537805594792644,62,7.679007859748933,6.596375776120614,5.765295067593208,4.101540307081155,24.165581409140565,0
2026-05-13 18:00:00,10.73726158341247,43.9192849141108,52,7.733744843774879,6.559843533574761,5.015854830682868,3.9151303542158944,22.67642819616373,0
2026-05-13 19:00:00,10.331496499867832,50.44481787108649,15,8.47889183338354,6.317437067415689,3.1483370711237297,3.8259909806510484,21.779599822737673,0
2026-05-13 20:00:00,10.047711905654849,50.971668145040894,4,7.740341215894228,1.0536121137107328,2.384734089046703,3.74477989815145,15.04358032174809,0
2026-05-13 21:00:00,7.433777437800103,52.78610595071944,7,8.4238216059424,1.4166098420525772,1.815879449969949,3.447103831580411,15.328660724743479,0
2026-05-13 22:00:00,6.48764250567021,63.954619661992965,5,9.208478585780265,1.064211278544363,2.419887602788373,3.614052183505697,16.67502752398946,0
2026-05-13 23:00:00,6.783136770062678,50.631030753618134,0,8.966256035874219,1.6336841153420205,1.8417752785586115,3.824516143352207,16.6473742338542,0
2026-05-14 00:00:00,7.937320019131799,58.852885632280106,6,9.960223618608287,1.2109074474454564,8.422513875729958,3.7320508767492915,23.29296085902631,1
2026-05-14 01:00:00,5.434026641202152,59.87426224240588,1,11.493192892954303,1.9651942958530613,8.54760230917048,3.5944615509148554,25.43559141195047,1
2026-05-14 02:00:00,7.124911443842822,63.41904688194791,0,10.819201414755659,1.3109363539894905,8.386546358420816,3.8263136700346227,24.06337016203908,1
2026-05-14 03:00:00,9.240576806224173,55.27077616491029,1,7.044256474622509,0.6457084816131534,2.492196631893493,3.6593952861893086,13.706569437815464,0
2026-05-14 04:00:00,5.577662943946323,63.56353859522561,0,9.311256666501906,1.8302738042156368,1.5683051732613849,3.7133369457435967,16.542305218623714,0
2026-05-14 05:00:00,7.995945887343991,55.969719755927414,3,7.958850205740068,1.5385376342046806,1.7122720685695678,3.668179716865803,14.540677671822827,0
2026-05-14 06:00:00,10.813863858171139,57.49595726588045,0,8.399044566876746,1.233051668778343,1.485612611828591,3.6811743397317755,14.567168120858334,0
2026-05-14 07:00:00,9.204854489317526,47.07871260952842,16,9.194963959731458,6.4143217096694505,3.5335818113391273,3.7559003750352193,23.039342627798895,0
2026-05-14 08:00:00,9.846538936335513,39.78542734000172,45,9.568166790101179,6.2938336323839845,3.985791109050404,3.9749511115399683,23.661120862582706,0
2026-05-14 09:00:00,13.705586952974652,54.98609090666413,75,8.49946252235266,6.618468361382307,6.508577204600252,4.11449347830677,25.83349812504379,0
2026-05-14 10:00:00,12.051233876543193,56.54867334882798,85,9.579861729893954,7.415387602374525,6.0108756249273245,3.872336332147655,26.67488374039211,0
2026-05-14 11:00:00,15.174292687797207,54.472294483063386,115,7.966996603152417,8.45256961870221,8.352980719987029,4.1133266628922645,28.957823180509543,0
2026-05-14 12:00:00,14.582107488956597,48.91382429475448,122,9.862915888233099,8.234498095144012,8.62812922938371,4.2786513377821045,30.811225302495483,0
2026-05-14 13:00:00,13.619681892859843,61.723572093617356,117,9.686673697618343,8.6042100240932,8.790015806214894,4.048266089698072,30.65367151959484,0
2026-05-14 14:00:00,15.137251312810626,48.8877946209699,110,7.750137027786402,8.342427274117266,8.339770471065709,3.843665575068257,28.51498956594366,0
2026-05-14 15:00:00,14.747281976344828,54.4648126357756,98,8.976004810006446,7.671213047374908,7.226850519684461,3.855702771080288,27.555797525189945,0
2026-05-14 16:00:00,15.588367119744566,54.87654201021604,92,7.478116961530082,7.970314922464529,6.618315831755198,3.8420631441771116,25.846653308152256,0
2026-05-14 17:00:00,12.36446373057721,64.03909316056176,65,8.92559782573832,7.6029083850491554,6.106232737595866,3.791273149447731,26.25322657325399,0
2026-05-14 18:00:00,12.641827724323578,51.61645148801831,52,8.027756590853905,6.8079363101209935,4.373373646748428,3.6960657536528236,23.041251743938247,0
2026-05-14 19:00:00,11.623067413325764,50.363542002630766,14,8.101723918050904,6.077178553809312,1.5495243013065252,3.8103659124833054,19.6220849135147,0
2026-05-14 20:00:00,12.018829251582458,44.99700575482122,0,6.845209413465327,1.1491576705666349,0.9636455445713668,3.5584763874539425,12.652012386807943,0
2026-05-14 21:00:00,8.173106122380903,66.18437244818915,3,8.297638309133633,0.6,1.238222392898895,3.801165256897715,13.799640200038128,0
2026-05-14 22:00:00,10.800638392799181,57.42798664769186,0,7.6332323110073,1.198151165551545,2.068062995339975,3.4304559977140547,14.317470382294637,0
2026-05-14 23:00:00,9.139662589331618,58.8636196933671,2,8.692746677766111,1.388153294079685,2.906510420740035,3.555001583361732,16.64667005013058,0
2026-05-15 00:00:00,5.714763405696232,77.41415289367134,8,11.014503603927281,1.2945788819954256,1.3220176977116025,3.6476416030807313,17.665042779848132,0
2026-05-15 01:00:00,9.657931355422887,57.70681993055064,3,8.972099217640254,1.274636047126481,1.6128503025759504,3.7335992400443394,15.669817625321741,0
2026-05-15 02:00:00,11.28258318147392,46.72413418329437,3,6.708315526603389,1.138783268540174,2.005061607654694,3.783544014780917,13.384867003780842,0
2026-05-15 03:00:00,9.30700230034003,54.84432682478712,3,8.881287199547208,0.6,2.6604781345517488,3.531252406213305,15.739991215457142,0
2026-05-15 04:00:00,10.37941013515724,49.366747945540155,0,6.240088331336157,1.6819081663161777,1.4454281163814784,3.7490127762612913,13.075187948788873,0
2026-05-15 05:00:00,8.65488255868926,54.13362771348642,4,8.664180263729586,1.0432599034093988,2.2858599201176397,3.3637160764005185,14.857332673353765,0
2026-05-15 06:00:00,6.410066580562309,55.77691244805062,3,9.807433475427747,0.9377804553644395,1.8524598382139836,3.7426996776016423,15.879084244095502,0
2026-05-15 07:00:00,6.943753519274161,54.27003851414209,23,11.575899134965209,6.78929397245814,4.238222734811869,3.4908402451293754,26.077633682983848,0
2026-05-15 08:00:00,11.418264418692965,46.07660665384789,48,8.572338293976891,7.106545163961425,4.505043129434975,3.8589965910769144,24.047372911642615,0
2026-05-15 09:00:00,10.884127628835634,64.39191408040705,68,10.19359699781262,7.2195730495915225,5.700059947915397,4.041377979236843,27.080920539497907,0
2026-05-15 10:00:00,11.179845270961279,56.408204313409406,96,9.106266844544413,7.897279403084858,7.117915631669099,4.11708455091131,28.459591876770574,0
2026-05-15 11:00:00,13.352829315523943,51.632545805155615,105,9.288952625245248,7.385754082508331,7.388391044537871,3.7741233134176286,27.603434623416316,0
2026-05-15 12:00:00,15.0622088467275,56.249170342048835,118,8.356830974951187,7.995686969093159,8.717441684005927,4.00491513819758,28.72832598556488,0
2026-05-15 13:00:00,11.895677506633863,56.90464551912095,118,12.850915944788781,8.477174438310039,7.768437601032646,4.179539968185411,33.06964487838636,0
2026-05-15 14:00:00,13.721532989641123,54.362994654221446,119,9.313073460311063,7.8050003633044405,7.44411691981508,4.179244237119855,28.588990964933878,0
2026-05-15 15:00:00,16.93214549743405,54.41087931352543,104,7.517978869617414,7.422583343252187,7.452412418964412,4.0573896788117825,26.435825999432613,0
2026-05-15 16:00:00,12.187723610986975,54.662815754311715,100,10.17238094744769,7.727511383492842,7.667003674298116,3.669758912164616,29.03724488670332,0
2026-05-15 17:00:00,14.938092696451118,55.817759219611204,81,6.53932360330903,7.393719953884228,5.993650397160126,4.103707329158091,23.494969703068897,0
2026-05-15 18:00:00,11.910582649484487,58.585736818153286,50,8.061033734864507,7.026650234944007,4.633920744945424,4.006439058474213,23.085717428161367,0
2026-05-15 19:00:00,12.818340993721518,54.36255666490568,27,7.474175433760923,5.903646646966124,2.7356866553714725,3.7325609776191504,19.87685950340493,0
2026-05-15 20:00:00,12.85008170636265,52.04007175925132,0,6.2555304305026915,0.6,2.27819848963237,3.6342866905126985,12.485760226467498,0
2026-05-15 21:00:00,11.33893729013349,63.67818384112333,0,5.223087594116226,1.4224311746036045,2.0933593346719714,3.675459057047894,11.912998495096689,0
2026-05-15 22:00:00,10.780196267881365,52.04744356044837,0,6.933893009025128,0.7209563093783379,1.8088777436031946,3.819066420513712,13.439028807690136,0
2026-05-15 23:00:00,6.552042203171336,60.43384995018557,2,10.726472851318139,0.9225033735865842,1.985928404551206,3.645583127545489,17.666783015788553,0
2026-05-16 00:00:00,10.005757441053298,57.979132383644426,1,8.342239026039435,0.6,1.2278911315172267,3.5753238032031485,13.721839326067414,0
2026-05-16 01:00:00,6.313306165947695,54.607673261957416,0,10.952709105210499,1.4580194387089453,1.1929980042996289,3.6572280170224323,17.328064598096095,0
2026-05-16 02:00:00,8.084845854310242,52.08943129739836,9,8.477271534561428,1.3846183784253858,2.240103859301999,3.6343335183034635,15.805556264863155,0
2026-05-16 03:00:00,8.201902978722174,54.72546064073926,15,10.432639900564386,1.478568090417832,2.8561806648264416,3.660037421354398,17.849138541163935,0
2026-05-16 04:00:00,8.93724428967138,53.343765663692814,10,8.770873473359254,1.3862092794663377,2.6039704019235717,3.375121094337519,16.358337400885414,0
2026-05-16 05:00:00,9.241577467988035,47.32003352917578,9,9.86866306931809,0.6,2.1316802066487077,3.7144247394023178,16.62473845748009,0
2026-05-16 06:00:00,7.959147889346598,53.121668587874396,3,9.131337771445992,0.8091919040572333,2.3004202603311423,3.7877182573158907,16.487867988048595,0
2026-05-16 07:00:00,7.942983594077087,58.64010021224956,0,7.395089121263838,0.9418955113438316,2.439356187336108,3.753055914565405,14.419991781835298,0
2026-05-16 08:00:00,12.626617608773634,61.12569829831136,2,7.065965443957007,0.873940030102283,1.870099662501096,3.7506487203948216,13.276873728434627,0
2026-05-16 09:00:00,12.365410292479607,57.0522902916821,15,6.6382510879821135,1.2749709576238284,2.7643487579753,3.6520496533152715,14.669259836911941,0
2026-05-16 10:00:00,14.847565482466917,36.267118897928384,0,4.727428331074401,1.1861698959375784,1.7064656413496433,3.6218514289764006,11.366642895469836,0
2026-05-16 11:00:00,13.542452598872167,56.69098283938984,0,4.622900347798328,1.452253410689317,1.7431621609641699,3.778710404577236,11.815692250893953,0
2026-05-16 12:00:00,11.78593435293333,50.811638519925694,9,8.416917674503503,0.7439285905357549,2.371303945331247,3.766103143974267,15.136484264736989,0
2026-05-16 13:00:00,16.166785702557345,53.59339117120857,9,4.161383353474463,1.2589076146205331,3.0614689300742395,3.858953437990835,12.408603940341521,0
2026-05-16 14:00:00,14.013994816414746,52.40469233242517,0,6.771911626409463,1.349040287623322,2.2118743697604977,3.499092533162835,13.568568837101662,0
2026-05-16 15:00:00,15.105771122466102,50.51454590162946,0,4.533658219695378,0.7765708905098632,2.171332995192981,3.4981566058873286,10.978408756108921,0
2026-05-16 16:00:00,13.07403273766898,52.58106107897542,0,5.314864850432568,1.0325085291812426,1.5958157101870187,3.5501147512693225,11.406331921789212,0
2026-05-16 17:00:00,16.413811494388817,50.55509552958971,2,5.245612672478337,1.2992932404205724,1.5058211830437311,3.4665451017290394,12.103160683537352,0
2026-05-16 18:00:00,11.403464651727193,62.51383134374606,9,7.282322702798045,1.2659231008178304,2.470290948430219,3.437781733792308,14.593475913394114,0
2026-05-16 19:00:00,11.475860928716953,54.275143180951765,0,6.933143055460042,1.3359692161981223,2.3596853912886453,3.670295583909148,13.76109166739153,0
2026-05-16 20:00:00,11.326287647424065,61.01850106351915,9,6.360452412267547,1.2951443514673588,3.0705319793397665,3.696082559169087,14.421822445839103,0
2026-05-16 21:00:00,8.381048238931974,62.353649015874964,3,8.51789333766245,1.0448481111175145,0.8613132648304342,3.648933883835218,14.165031344335576,0
2026-05-16 22:00:00,9.955508051437539,59.53564224692376,16,8.768761989071026,0.977551585797644,3.780874731667038,3.7170617864475752,17.12576001745645,0
2026-05-16 23:00:00,11.408998930380445,43.7235378814366,4,6.12343662537226,1.2585089947447823,2.2076441267114584,3.396443245683124,12.710343196653067,0
2026-05-17 00:00:00,7.4338554354280815,64.12440436039857,1,8.93209369211426,1.1529904721223296,2.2640186638737068,3.5319921272242696,16.046223974424333,0
2026-05-17 01:00:00,8.58973242219512,53.81029291854013,5,8.496598045200866,0.8425087902680402,1.2920251507719973,3.57597973341702,13.966764867093888,0
2026-05-17 02:00:00,3.1246898655873814,64.95084628725809,0,11.880832521730518,1.3037195386958425,1.6933923734559055,3.607275906450664,18.6290812700272,0
2026-05-17 03:00:00,7.8518099890169575,51.2759455087948,0,10.269597922880775,1.543773227219007,2.1702815626037437,3.38103554730945,17.103218978075482,0
2026-05-17 04:00:00,7.735469222532842,50.087953823280834,1,8.948465344544564,0.8869674262125965,1.3263635085766914,3.4648313223513902,14.493152274122162,0
2026-05-17 05:00:00,7.432410363602356,69.28402464828542,0,8.776801459180582,0.8453287495027144,0.8,3.53452823218711,14.195695961051452,0
2026-05-17 06:00:00,11.38719582022143,48.71770473380524,0,9.232522929891307,0.8325480050775387,1.9509774085364617,3.7587428102651126,15.897084682349337,0
2026-05-17 07:00:00,9.838249105233595,62.497953005385284,2,7.65726723614577,0.6,1.8875978015767325,3.6472805432735904,13.800000871070184,0
2026-05-17 08:00:00,10.997018293793827,55.462758208273755,0,7.109202860664223,1.8015685904062833,2.4486016895445775,3.7532349293964735,15.105132107471315,0
2026-05-17 09:00:00,11.563368792570328,51.80675305541123,0,6.646969004956383,0.9428901168194809,1.7280366858519232,3.581635329471641,12.922169430369365,0
2026-05-17 10:00:00,9.790143039852296,55.38841941412954,3,7.8453017559979665,0.853541037905017,1.9259765431128772,3.6121483340062563,14.039082244806819,0
2026-05-17 11:00:00,11.849226807875008,46.30651291490588,3,6.934652341845265,0.7596287335537303,2.278954877536574,3.6868613876185696,13.280923025280435,0
2026-05-17 12:00:00,15.963677861502829,50.9447153262175,0,5.117704022402979,0.9642113867621068,2.265084196018417,3.5734183774482378,12.062711230939946,0
2026-05-17 13:00:00,11.092554314168712,48.184142380997706,1,7.564508676400871,0.8746767216678393,1.5360632053032506,3.5102911774600907,13.8680647918079,0
2026-05-17 14:00:00,13.495993927506227,50.50534178848641,0,6.673999972739526,1.603325615366194,2.2250244418096594,3.37653218650255,14.029940448633011,0
2026-05-17 15:00:00,13.999946318172066,58.05183764518841,2,6.425254075146149,0.6989417643776683,1.675219777881673,3.518312423804438,12.381271145108872,0
2026-05-17 16:00:00,17.293976109494125,51.554661977225344,2,3.8463355409861086,0.6,1.9174347216769607,3.7334280884948567,9.795067331887951,0
2026-05-17 17:00:00,15.08023015734967,42.796804388704615,0,5.194516084788212,1.293124428800594,2.101846384263311,3.789101121404281,12.597881586979696,0
2026-05-17 18:00:00,12.101540125862657,59.032773667086225,4,7.648096068014556,1.134477726291742,2.4003113547451,3.5000264647664006,14.803260210681144,0
2026-05-17 19:00:00,14.422269964808185,52.140698954939005,4,4.526115478009267,1.0939693073023098,2.163241707882126,3.355939377490255,11.329302495892163,0
2026-05-17 20:00:00,10.039853127001022,52.216998544293205,1,9.850454148130048,1.3138726862065624,1.3687501028350604,3.7429916310189215,16.534541320853393,0
2026-05-17 21:00:00,12.108333030341912,58.39880805069715,17,6.802098737979605,1.4538490730530869,1.8933853808441372,3.6783948001473328,14.224229733785075,0
2026-05-17 22:00:00,7.238638703783799,56.567779950300135,1,9.195817614550215,1.1016138445989,1.7704198052989963,3.4019429767816782,15.191113778568303,0
2026-05-17 23:00:00,10.648394601741577,48.01973600925954,0,6.494410351250872,0.608023864326726,2.2370781864193936,3.1333815875362965,12.150649756061064,0
2026-05-18 00:00:00,7.728378379605441,68.29057448399354,0,8.211819893465325,0.6,2.0023638486289843,3.4554884038433644,14.306710658580652,0
2026-05-18 01:00:00,6.320696888539753,58.15575267624926,0,10.753223059758733,0.8548500665483084,1.9089148533210167,3.5305581199463942,16.8169165573534,0
2026-05-18 02:00:00,7.580750347921917,56.82612601216526,6,11.269319420319091,0.8284722706853748,2.1268380495900825,3.4512523621694773,17.40195605765218,0
2026-05-18 03:00:00,8.540639203664277,54.16388956686826,0,8.23263717322804,1.1942220294831156,1.939095829562259,3.7037859549637666,15.37476492500662,0
2026-05-18 04:00:00,7.577733245012406,64.39649450298623,0,9.522767940394818,0.6,1.3526589703707366,3.478114826130712,14.701276088118997,0
2026-05-18 05:00:00,9.916741716190785,52.41317266400467,0,8.064423081179076,0.9434939674726683,2.1510908186243767,3.601860291722827,14.758101375698454,0
2026-05-18 06:00:00,8.708804887922737,47.19851718118832,0,9.38908881493822,1.0394237995838786,2.180837906289967,3.9560233933129467,16.15751748175052,0
2026-05-18 07:00:00,11.598660901976137,50.22893835214203,7,8.93274824846776,6.012120652163934,2.0251305212455244,3.645619194917855,20.631378382422106,0
2026-05-18 08:00:00,12.20167199561387,61.809393606018354,42,9.249808976929225,6.79563749194834,4.306653433793238,3.7506722429188524,24.39847653465539,0
2026-05-18 09:00:00,12.252191955006985,58.80364900248747,74,8.932801241311351,7.117710932278165,5.097552741033498,3.8820608420129794,25.333399073047403,0
2026-05-18 10:00:00,12.449544559129537,52.13274766469368,91,10.027278264272576,7.304377798613847,6.8860215621871,4.064352170925698,28.543277843845868,0
2026-05-18 11:00:00,14.182387577105521,60.6027401670137,116,9.97666147947258,8.423568052657426,8.12009363257625,4.145762756338125,30.646492928811487,0
2026-05-18 12:00:00,15.416414766554475,55.925342298015444,121,8.917406930464308,7.965988559008958,9.021654808091716,3.9334668283199283,30.116393255611847,0
2026-05-18 13:00:00,18.335693441807123,47.64869373683701,123,6.628251093202616,8.610695628644006,8.475610759266722,4.030327060989725,27.852404853911732,0
2026-05-18 14:00:00,16.546909207208557,49.594358963987105,128,7.88377168496862,8.09020546269448,9.230899031021426,4.011900658206045,29.10704026188675,0
2026-05-18 15:00:00,16.48981779685032,52.60854304403486,106,8.704427798570187,7.802305617855571,7.453972369967874,3.9816035290711542,28.037734695346757,0
2026-05-18 16:00:00,19.731454134659668,43.21008770102235,91,7.38604639665764,7.489438428374395,5.776254678441203,4.237993150210506,25.111151032147657,0
2026-05-18 17:00:00,14.801897634809903,51.92560716694868,69,7.303845479938907,7.2229265130213145,5.493508655635395,3.9686171281793876,23.656968303981156,0
2026-05-18 18:00:00,14.023788459381546,54.33323884314358,54,7.605047008806775,6.725053131786416,4.858540764801048,3.804035608773243,22.72757221376043,0
2026-05-18 19:00:00,13.552586774357286,42.7137624875808,18,7.367310727936489,6.257647240811012,2.8578768766598284,3.8586798270996705,20.305611527057554,0
2026-05-18 20:00:00,9.73465232825162,54.5630888184039,0,6.630486551987421,1.6357849093084695,1.8746777273730653,3.6282706907126703,13.463780348173056,0
2026-05-18 21:00:00,9.789395050380943,53.839616600020165,6,7.815068926107967,1.5750981264035966,1.9020956089354948,3.378292445396162,14.361547751952838,0
2026-05-18 22:00:00,8.839406736774686,62.53885306718092,0,10.127441197856797,1.4695084202668367,1.6543225909147392,3.8495947047166457,16.99572014582305,0
2026-05-18 23:00:00,10.075964517271991,44.3760446491798,5,8.210386752944899,0.7203242998603752,1.5681452699387604,3.5965401590600075,14.343393739189377,0
2026-05-19 00:00:00,8.269887795418871,54.508548035213586,4,8.080092210894307,0.7589580204046107,1.121527450520881,3.277595988407401,13.481461415512369,0
2026-05-19 01:00:00,8.451312895735022,53.77098744401121,1,8.867064355332658,1.1942128229649465,1.8070934484790486,3.3640560681493676,15.312696738414662,0
2026-05-19 02:00:00,9.945746318692835,61.301116044509975,5,8.863615608972776,1.4597582739095776,1.7396586128758482,3.7891528131873704,15.897255556362978,0
2026-05-19 03:00:00,9.683689328225743,55.47595358764134,0,5.986233839766204,0.9183025566454923,2.285926010549856,3.3624900663113864,13.074822080376881,0
2026-05-19 04:00:00,8.291058846024791,67.55827373939562,3,9.077214523058496,0.909845297685329,0.9831073411439131,3.8143836820928048,14.64971310086437,0
2026-05-19 05:00:00,7.983208065594552,60.98587424224241,0,8.711807678281168,1.5878450509355375,1.9309584596149316,3.6121571383291053,15.90303686090652,0
2026-05-19 06:00:00,11.777040508250867,51.70588165367474,19,6.160718004064939,1.6820568333637742,3.7996692691932763,3.7830841232497208,15.278281240903272,0
2026-05-19 07:00:00,12.006821814128394,55.432835818757454,19,7.406585151909779,6.612295338255327,2.7627191058171223,3.637479037658862,20.09722329955912,0
2026-05-19 08:00:00,8.866436873338294,54.22575948877953,41,9.823282428055432,6.483492479548371,4.053763359193081,3.8425047283883447,24.499263261383597,0
2026-05-19 09:00:00,11.97057842615519,59.17844272332613,61,8.812792311071878,6.815992794439455,5.346856046487171,3.8914850804164924,24.79082487421938,0
2026-05-19 10:00:00,13.628449749868942,44.785476407852215,98,8.886890648880204,7.996111711632105,7.417033755742577,3.986220478429895,28.459962087114764,0
2026-05-19 11:00:00,15.395957717699114,46.51085585229767,104,7.533274482171203,7.680045948910435,7.336171698547709,3.8561841901652527,26.34414407233905,0
2026-05-19 12:00:00,16.17533491908359,53.60263832201684,112,7.014463480052922,7.702200039712787,7.506266705478328,4.101779256356437,26.636368772733398,0
2026-05-19 13:00:00,15.460454058450487,58.75919814850386,122,8.39038469387902,7.776381247265175,8.803724358897737,3.815446385367696,28.53662751840426,0
2026-05-19 14:00:00,16.0919942677505,37.719192722351934,120,9.19404501596556,7.881046701126147,7.54137237566236,4.219725198254353,29.127167469217895,0
2026-05-19 15:00:00,15.086846420495045,59.931692480571215,110,8.92608531109427,8.186279243010537,8.224502744022685,4.069549255706987,29.629967896248843,0
2026-05-19 16:00:00,13.48261450777903,52.04722834859769,90,8.914744921930891,6.991617300145217,6.573690664169316,4.029629476212913,26.061022983744603,0
2026-05-19 17:00:00,13.62779773382323,41.4759019280096,70,7.354062795125335,7.380168363920374,5.651388319339218,3.4874640139907256,23.743869010948927,0
2026-05-19 18:00:00,13.379358481728628,34.9551140873675,46,7.190840134314027,6.480123434438848,4.093476457938233,3.615139944367912,21.634787131661664,0
2026-05-19 19:00:00,12.443985397267666,44.490694557199575,20,7.7122145162705245,6.18639486182457,3.543897180584731,3.6041350710471005,21.455973535857083,0
2026-05-19 20:00:00,8.391599526886544,56.58807121976268,5,9.351699284394197,1.1388140467839256,2.1870548183410676,3.721051735614589,16.577493964793778,0
2026-05-19 21:00:00,10.015485137201589,55.0929979202455,9,7.764259524604906,1.184739294926941,2.1502179060245337,3.4945783594695277,14.494655563011301,0
2026-05-19 22:00:00,9.942623074692003,59.34223530223686,2,5.8541568955043966,1.0355053295295862,1.7525436969612147,3.990200563145105,12.39032162349001,0
2026-05-19 23:00:00,8.643870744047838,53.22017387659834,0,8.086676864322989,0.9444754231555811,1.7333292893994583,3.5605031060973404,14.46664830279987,0
2026-05-20 00:00:00,8.289533966797613,50.13460624622476,1,8.480914685168875,0.9180011891205091,2.9336230794402005,3.4516006742551024,15.677634367624307,0
2026-05-20 01:00:00,9.189068270768907,53.62968047095796,7,7.829655652791823,1.6879207414379154,1.5923102393591642,3.599972519361167,14.61396886380305,0
2026-05-20 02:00:00,6.4059961144301685,58.39716463564684,0,9.593981627118739,1.1087672606244747,2.287296981434584,3.457357880989012,16.391364512045655,0
2026-05-20 03:00:00,5.591811176684049,60.19077838721863,0,11.049989620079426,1.0559180973712683,2.0556473791904804,3.4223487771160714,17.804343153848095,0
2026-05-20 04:00:00,8.117245774744964,52.177077473306845,8,9.182160288282708,1.0183715471767698,2.9329152885854346,3.7836469441046607,17.368705337422377,0
2026-05-20 05:00:00,10.564344087612973,60.485422136302425,11,8.689437267508428,1.1552196626042612,2.688080057836185,3.720986091702607,16.510442912945688,0
2026-05-20 06:00:00,12.859063499540131,49.6273217450007,0,4.975045501750401,0.8755900770735214,1.801513350165068,3.677421664230678,11.331958449733069,0
2026-05-20 07:00:00,12.16397468101508,48.65871481528927,19,7.0058434386472985,6.509870460170076,3.304012432879171,3.867512963437561,20.46244076794015,0
2026-05-20 08:00:00,9.244174940635805,52.81251973771341,42,8.197160845755233,6.392240319735176,4.213395970957182,3.841000798348153,22.810700588203865,0
2026-05-20 09:00:00,12.251065683331158,60.26074179171727,67,8.53811987979845,6.3198139449231245,5.82473021377284,3.7078889394855294,24.806913690116453,0
2026-05-20 10:00:00,13.926501780251446,51.758344947167465,92,7.946103003216023,7.57640781311271,7.502698758718652,4.0742965375940035,27.350390692588757,0
2026-05-20 11:00:00,14.517001965335869,47.94516750757947,99,9.710141126847901,7.584213210350427,7.286633988220117,3.82700719149914,28.45992828005512,0
2026-05-20 12:00:00,15.688129985661266,56.790549013445315,110,8.71865421299127,7.674974124117444,7.659026758256773,3.9682941976543646,27.89869589662396,0
2026-05-20 13:00:00,13.561980515441292,65.6850058531115,118,10.715914897518463,8.343044641981695,8.000284661087907,4.065142282798209,31.21067955685326,0
2026-05-20 14:00:00,15.350626581249108,52.745125869916855,116,8.453158322657174,7.031268138933159,8.382743183418544,4.041922968974134,28.19773676370993,0
2026-05-20 15:00:00,15.835512535044003,58.5264203639096,100,7.139628251981164,8.251685422739461,6.904824215974292,3.7313225273924004,26.0855376445175,0
2026-05-20 16:00:00,16.174952866274605,57.08525305374278,95,6.742276941929978,7.979137216156622,6.867587766073703,3.8348593180495403,25.39800304822279,0
2026-05-20 17:00:00,12.845376183324017,49.732129352556996,66,8.712033238288758,6.868181357881814,4.9945940572339556,3.860623702078041,24.26362119547372,0
2026-05-20 18:00:00,12.90345665809992,53.482212589282454,42,9.074124333656787,6.49822550491095,4.338752603288489,3.6763969934345098,24.234856086941704,0
2026-05-20 19:00:00,8.04959993414699,49.267532271165834,20,10.001137871811135,6.436535433011942,2.5615299032394905,3.848938677256402,22.625409039725415,0
2026-05-20 20:00:00,10.68373798753063,53.75754291118222,1,7.178617783802168,1.3039255964443492,1.275970189428615,3.798622864966925,13.311297091576858,0
2026-05-20 21:00:00,9.94285135650325,51.78571926786822,7,7.967129529126849,1.0041413498499538,1.6851510596865125,3.459942102579396,14.157388399194819,0
2026-05-20 22:00:00,8.256929668528192,54.38998700555005,0,8.825940526852209,0.6,1.543010237584066,3.608963212062002,14.527432065579571,0
2026-05-20 23:00:00,9.54689025365544,51.3404621214764,0,9.724117701022374,1.8397924524207014,1.5838646314964517,3.837407622675233,17.241006397727137,0
2026-05-21 00:00:00,8.753105527951057,54.7125900048633,0,9.550085646456294,1.434643417477443,1.913153690499075,3.5798673142175494,16.74202809670322,0
2026-05-21 01:00:00,4.657897691779872,62.699972848754584,2,11.216386542087966,1.1908985599030226,1.8372695200880877,3.5469530787020425,17.487933633353602,0
2026-05-21 02:00:00,8.745665223486535,55.72379961974512,0,8.655299744622694,1.1615213372340156,1.9666398571909673,3.729033144042033,15.323603068087149,0
2026-05-21 03:00:00,6.920410261320464,46.62345311747734,0,9.865644760730031,1.3174609599737825,2.0027756360437756,3.558869730267153,16.525898142177493,0
2026-05-21 04:00:00,9.67388399305189,51.26786361582016,3,8.529567819456366,1.4133721501157535,2.298224780142841,3.8026305274739314,16.239927113534765,0
2026-05-21 05:00:00,7.225280820381903,48.46464326936406,0,9.11877876179802,0.6,0.9414789404370177,3.5107880207396187,14.278130642930915,0
2026-05-21 06:00:00,10.180312791176148,56.8291267625085,0,7.060155423216525,0.9771948072221357,1.2927494828925028,3.5288118098787016,12.766038474333648,0
2026-05-21 07:00:00,10.492057358707665,58.15086116529438,24,9.220382940393447,6.1728095153284865,3.3696990253294734,3.8145234700643553,22.63151480923888,0
2026-05-21 08:00:00,12.394574880089111,55.243358171058155,41,7.903732754005903,6.5814978695243065,4.150135553883453,3.779081558522297,22.1328824134997,0
2026-05-21 09:00:00,12.997153705539661,48.52770836104893,76,9.52063319943897,7.537777880099635,6.419619829099534,3.9202609085679345,27.21265362218759,0
2026-05-21 10:00:00,13.195522578137076,54.58448164118449,90,10.453523903701651,6.893471930889941,6.055192067166726,3.673600278361876,26.750783063802892,0
2026-05-21 11:00:00,11.742512475951248,51.372430108423316,108,11.025834551227925,7.371800165052818,7.526180442152498,3.9789880008665284,29.939175571008157,0
2026-05-21 12:00:00,12.39913705103533,46.87129451322199,115,10.760339294055566,7.7313892372125315,7.991629028604533,4.189605618423508,30.708386763945114,0
2026-05-21 13:00:00,14.267434271228515,56.751003814832195,104,11.565082507101113,7.826020794263297,7.594953704594871,3.8984435026798967,30.6384086337057,0
2026-05-21 14:00:00,15.365225872993252,56.384247117597695,110,8.74378509628777,8.17124396466913,7.866144818540944,4.145100209845971,29.031576368291333,0
2026-05-21 15:00:00,14.226020557446788,58.02385746841595,106,8.226470630403785,8.378963196846405,7.841085001907777,4.064198473297364,28.77499612719318,0
2026-05-21 16:00:00,15.973250870904177,47.36997024662713,92,7.370534309137988,7.455776030040478,6.808405717472067,3.9380427338728157,25.315137931158986,0
2026-05-21 17:00:00,13.879499847166603,59.66654899078352,58,8.861237858039804,7.234668318368745,5.607551321929607,4.035663199440351,25.65754051452916,0
2026-05-21 18:00:00,11.988780043548381,51.04692145937031,44,7.1911736945179,6.9405568673930125,4.981044175177474,3.7250233961380137,22.966203427195016,0
2026-05-21 19:00:00,12.312404635452927,57.686704452641386,11,6.281837628114918,6.287584202874546,1.9019464609702939,3.603477944818517,18.073254115931512,0
2026-05-21 20:00:00,12.263263397411688,50.737076481341184,3,7.517448674276036,1.14550167105663,1.9853000446185909,3.5803295423475867,13.88557053736308,0
2026-05-21 21:00:00,11.52573903981652,53.01180273766298,2,6.807774842895991,0.9961638215458238,2.2690974238881974,3.620078736199765,13.582917651697395,0
2026-05-21 22:00:00,13.322546200061868,38.481023205618456,6,6.03472657438292,0.8351102342890857,2.3933975917691845,3.7390436353072163,12.883783185594211,0
2026-05-21 23:00:00,8.267282063514822,54.98805916586239,8,9.983674659265906,0.8479424968573971,2.056470369048942,3.4111167208540945,16.256599838354855,0
2026-05-22 00:00:00,8.85826464435867,56.90284131744116,5,8.103749565748803,1.311478638224302,2.1896891983610542,3.7502067902406937,15.323165556098427,0
2026-05-22 01:00:00,9.357937599889171,53.52124909590009,7,7.282514230846631,1.2069521214013301,1.47244375842499,3.6382147101555744,13.99162649428841,0
2026-05-22 02:00:00,8.4744482516665,67.18129221976096,0,7.613711237343401,0.954572417755935,1.7913861546983616,3.6831051869702005,13.990648892597665,0
2026-05-22 03:00:00,7.7824760421154355,50.188346456461765,19,10.256588250300744,1.6746830192038833,2.1878633329740933,4.034777562488928,17.724391579900765,0
2026-05-22 04:00:00,6.349441169277137,54.85643170041859,0,10.164629796883895,1.029828791518929,2.028590533814543,3.5232509398268768,16.7690828562258,0
2026-05-22 05:00:00,8.670974797764842,51.06753324176125,0,8.056781406672927,0.7803872961751701,1.2978189233554134,3.4162994143116743,13.988224811661512,0
2026-05-22 06:00:00,8.438973180687624,53.288108240511455,7,8.06336225855547,1.1327256758394357,2.2583649286456016,3.657069854273767,15.069743766476694,0
2026-05-22 07:00:00,8.17316926653864,63.05860142774025,23,9.488103325288494,6.601220446522798,3.208638015689703,3.7448250254582716,22.933265069445614,0
2026-05-22 08:00:00,10.66161325146789,63.87198082736087,47,9.994478143149001,6.387770361738429,4.419138750092038,3.918741399408839,24.64384767866799,0
2026-05-22 09:00:00,11.140078014863736,50.440185823338545,73,9.065100388315628,7.28724688613814,5.530621211680703,3.811243488402666,25.8402482004492,0
2026-05-22 10:00:00,14.756704409305897,47.59442643668135,78,7.280964225040531,7.284600989462141,5.99533428739937,3.787483969342114,24.271039650992464,0
2026-05-22 11:00:00,15.510997140065102,44.42398025338768,116,7.751204404885138,7.721716538020691,8.711482250694374,3.8340543720316576,27.63955513433372,0
2026-05-22 12:00:00,13.508761403265932,60.70614126666638,115,9.535988074824022,7.867326734536179,7.933926220062289,3.8548759706683136,29.024172765482255,0
2026-05-22 13:00:00,14.95261900236232,58.51156218972607,127,9.682944171203118,7.635910946927471,8.794643548125526,4.045605666805268,30.14293156434525,0
2026-05-22 14:00:00,12.355254756716576,53.09766813252985,104,11.806087566738858,7.810374067955067,7.269445037993523,3.9985122596121325,31.018325076901757,0
2026-05-22 15:00:00,14.554629759009046,43.70743250290194,108,9.152539950030702,7.366343455810925,8.199192194792131,4.341770124959526,28.914172073113132,0
2026-05-22 16:00:00,15.723625426747407,43.36730553720193,87,7.522354768296888,7.841353026027977,6.620023848822114,3.6941125026422736,25.60379066482773,0
2026-05-22 17:00:00,15.891535428804778,52.105125130703975,72,7.633258736081335,7.163809651938034,5.416211696191361,3.938310199077455,24.16282169524799,0
2026-05-22 18:00:00,12.552087243432652,56.88196207810451,46,8.526761840273258,6.527865220200755,4.333206366339289,3.675109622004563,22.868587225742935,0
2026-05-22 19:00:00,14.708287203063492,39.57191576757549,20,5.347064770729829,6.66619576481976,2.7915356533333333,3.7134300085443295,18.495289511333265,0
2026-05-22 20:00:00,9.437591015734984,53.99394727497146,0,10.00784526961777,0.7388529045213313,2.4266619499034454,3.517014619023514,16.807177688893308,0
2026-05-22 21:00:00,8.987433365904616,65.96920031291583,2,8.47778196594016,0.8743109829576318,1.8898906220722846,3.763307688056861,14.708667124043329,0
2026-05-22 22:00:00,11.470692453892276,53.091925419799075,1,7.211098633027116,0.6,1.2327630002286292,3.7583785591458376,12.878854085147037,0
2026-05-22 23:00:00,12.380299636712492,62.652603817209375,5,7.0755050805356605,1.648327206516472,2.299384956402287,3.6030348445715363,14.353675303098786,0
2026-05-23 00:00:00,9.952825625760564,59.42965755441368,8,8.424059031149236,1.899502993807619,3.04373934501438,3.8478667920780447,16.94759544325688,0
2026-05-23 01:00:00,8.695757709974256,49.97250411250716,3,9.921778663314605,0.6,2.503618900295813,3.7260163005577893,16.585714868548422,0
2026-05-23 02:00:00,4.913267790006063,57.55902139738431,0,10.318377690492508,0.814479645784167,1.303679853546636,3.808883844530797,16.586775619538525,0
2026-05-23 03:00:00,5.326179771808163,58.23319973987566,3,11.282521531433428,1.1784347535278183,1.8440723350537034,3.605529418051805,17.481763214620543,0
2026-05-23 04:00:00,9.33398745857126,50.28443999751052,18,8.987942030336653,1.2435070520469715,2.7761925701858474,3.8147698122277123,16.706424459452055,0
2026-05-23 05:00:00,9.061499886669903,50.38466694813192,12,9.590508621819074,1.3050397478499858,2.4516530136476886,3.5327605369521025,16.873349262790292,0
2026-05-23 06:00:00,8.515160349435217,65.65424129063496,0,8.529218637352951,1.0588407204013923,1.9714328357304776,3.469551144833717,15.320837663704658,0
2026-05-23 07:00:00,11.35061888864608,48.62287211535773,2,6.846308759662777,1.2786431510624068,1.7551545465561804,3.934973846024686,14.302065817779296,0
2026-05-23 08:00:00,12.340803483857094,60.215013845559255,8,7.347992769303694,0.9076620771161186,1.827969276238631,3.469119216742465,13.44723707600509,0
2026-05-23 09:00:00,14.656453793471103,49.38875278470657,1,5.460651405458744,1.1854308775854854,2.2833101514290193,3.538584155096441,12.602816523876488,0
2026-05-23 10:00:00,14.127304040215408,52.25068599053941,0,4.789928214814848,0.7093554019817809,1.2943952629784574,3.315298975662679,10.085340097826881,0
2026-05-23 11:00:00,16.708224319415187,53.83989826987005,0,5.025719723870598,0.9558497293889494,1.4390475565315821,3.4731205317822686,10.868494688847276,0
2026-05-23 12:00:00,15.189758922572334,48.01632877064268,5,5.590947324994814,0.6,1.5665985414134929,3.4708646653791404,11.29672791732556,0
2026-05-23 13:00:00,15.329751059933086,54.91011258601739,0,4.689381032841967,0.958408132991951,2.07549559595348,3.4994563940956995,10.826375066573847,0
2026-05-23 14:00:00,17.45441087571403,37.630613645924186,9,3.4568568027009707,1.0615418459822088,2.342912089236674,3.680982566909042,10.530322351154506,0
2026-05-23 15:00:00,13.862471055035119,55.24139103921148,2,5.9610715055784995,1.4662527748585317,2.3075766288670922,3.6891553073401897,13.536745813962868,0
2026-05-23 16:00:00,19.960729742891825,33.21827194540131,0,3.728388179221427,1.0792589746881396,1.4466629626847527,3.4489785712101297,9.488347302093793,0
2026-05-23 17:00:00,15.257891606130185,50.19550093521161,9,3.8301628092678293,1.304876131586336,1.7311440973342582,3.5175500179056383,10.498085087032894,0
2026-05-23 18:00:00,14.542489888917862,57.21859049522255,0,5.505900602445905,1.0921417900259864,1.600244570038398,3.762526534415816,11.528699775650228,0
2026-05-23 19:00:00,13.943609972706057,56.27606435682071,0,6.074749977761315,0.6,1.71787622095774,3.8557939603164737,12.271811790685069,0
2026-05-23 20:00:00,15.336212167157608,43.707378000860146,0,2.86303806307437,0.6,1.8940933384965293,3.788387528787057,9.481063664087078,0
2026-05-23 21:00:00,12.586476101078425,46.542156547630086,15,7.021795588370745,1.2584628283167185,1.8679237650205245,3.413050332087876,13.506584989933403,0
2026-05-23 22:00:00,7.666484994787149,53.11810401197383,0,9.749126010539916,1.197495995860832,2.0154288884776537,3.7784110713585024,16.495917765380746,0
2026-05-23 23:00:00,12.056106079045659,55.07521561486456,0,7.112161125565155,1.0177971825479608,1.3975925677697179,3.878053328477151,13.049319791612891,0
2026-05-24 00:00:00,8.66108844505071,44.312584525949745,0,9.258527385695247,0.7975793587732924,1.5086629574471258,3.345607606888702,15.008008407430722,0
2026-05-24 01:00:00,9.073124775167889,56.11581496353273,5,8.290534356788026,1.1058904082220042,2.6031692890136386,3.7824050835255654,16.01400324002779,0
2026-05-24 02:00:00,6.596969790654823,59.92084889980927,7,9.226832373679837,1.111520063084462,1.2025614195460608,3.661782492260432,15.188672745560654,0
2026-05-24 03:00:00,9.785504582151662,53.96264847816035,16,7.08461187693972,1.6606511371088306,2.8251259122251287,3.6149293435603256,15.06939555595775,0
2026-05-24 04:00:00,8.133276336992402,60.05196855557401,10,10.146478316998852,1.5330569936530318,2.493427883530368,3.6559274271623794,17.34616374114328,0
2026-05-24 05:00:00,9.967116193788767,56.867007804615646,3,8.52652500263799,0.9603049153247272,1.5965467604171595,3.678489085440588,14.792873104258387,0
2026-05-24 06:00:00,10.038733234239444,52.22102451792704,0,8.752325868803897,1.0825265111527764,1.5988480555877902,3.7736377578500764,15.035021509171422,0
2026-05-24 07:00:00,14.638356648444901,40.40409635210938,12,4.989640056826642,1.412669750167343,3.0094710609680777,3.813902179418188,13.06774131981581,0
2026-05-24 08:00:00,15.641544053600278,52.06932044922473,0,5.21097358701213,1.2486255384042384,2.6833155947869622,3.373960902164524,12.920979606543323,0
2026-05-24 09:00:00,13.25664059057666,47.33906736568764,0,4.7490036959000985,1.6784093317766549,2.2791266400980055,3.5026991621737977,11.75883665760369,0
2026-05-24 10:00:00,14.130463652679829,48.93209651132086,0,4.74873623447785,1.0901483290304346,2.648642250492212,3.6140348281362327,11.684622226547003,0
2026-05-24 11:00:00,14.111722234711516,55.29095363174488,0,5.55598287707359,1.5090606814722816,1.4889006338996031,3.8358328105386708,12.447608435208613,0
2026-05-24 12:00:00,17.183001152153047,58.616749436491325,0,4.20442543561237,0.693970922824739,1.0889621700932195,3.1908762717107892,9.081907050919583,0
2026-05-24 13:00:00,15.093278155797773,51.45168064249962,1,6.264108627954911,0.8948141614072515,1.831320321187169,3.5123746890664305,12.37291763202691,0
2026-05-24 14:00:00,15.055428176455088,55.0328178863339,6,4.925800405337325,0.6,2.4921863862475524,3.394816398961934,11.480966002782948,0
2026-05-24 15:00:00,17.316049803594954,41.346086600386435,0,2.904091336483676,1.1529572890034074,0.9653624522473894,3.3945933662854655,8.4809817062328,0
2026-05-24 16:00:00,14.387681994560008,53.6823799900502,0,4.561425340890052,1.3266333842005915,1.3830944178030897,3.747860264316413,10.775604079174588,0
2026-05-24 17:00:00,14.68239171894319,51.62877058472964,0,4.573936046993515,0.6,1.4330722081442067,3.520217161058557,9.979300827779374,0
2026-05-24 18:00:00,11.333473214784089,61.87526057266903,3,8.948406972605325,1.2199002286567944,2.1254536030741598,3.2619453037967303,15.568095562172148,0
2026-05-24 19:00:00,14.374691787920984,48.97623030288672,2,5.9781776279133965,1.3474736215311458,2.012428803687314,3.5842341424650837,12.964083118725995,0
2026-05-24 20:00:00,15.571175339961954,49.87179279205431,0,5.498743783112034,1.291533158718454,1.4511776519230448,3.905378923269104,12.267646939058826,0
2026-05-24 21:00:00,12.5919180192536,59.90894828835657,0,6.145499079088998,0.6814486079878737,1.8809150389608567,3.3289963204764295,11.891068067432084,0
2026-05-24 22:00:00,13.006760128183195,52.69272714949471,4,6.234760179734749,1.4425919905822868,1.5048376668564991,3.6959406063207205,12.96489274410034,0
2026-05-24 23:00:00,8.358454177698398,50.07811107900259,10,9.701508181701747,1.2832565740848896,2.1581088343229595,3.8751555717720625,17.25561609698855,0
2026-05-25 00:00:00,9.764756280638297,70.98623242926202,0,7.571802352605036,1.3068631666207806,1.2308448362891777,3.5925865980483946,13.713811771249377,0
2026-05-25 01:00:00,7.409981650996192,50.97095718173246,3,9.214164333184868,1.1099497382035404,1.897392977492334,3.901200047959818,16.096999983253387,0
2026-05-25 02:00:00,8.50689248694761,56.231630145492154,8,8.446238904559314,1.3773630784694115,1.8797798335141898,3.533028377155778,15.1775243572917,0
2026-05-25 03:00:00,10.326113033923413,57.335544160711116,0,7.292860280518728,1.4882325300142722,2.1106687590308586,3.81689100574196,14.554305726247666,0
2026-05-25 04:00:00,9.536100043465964,57.453630021587216,2,8.218244864792398,1.0645922810641548,1.8982158181740811,3.789490583230367,14.736048739406796,0
2026-05-25 05:00:00,7.5177304418609,56.22323994456593,2,8.69234824278951,1.2354366831138484,1.8079657616978784,3.6031200981866176,15.264336205552915,0
2026-05-25 06:00:00,8.408544435021712,55.58502945057587,0,8.991827410990915,1.537419043339877,2.5956559660475724,3.3769193766881274,16.614521527591176,0
2026-05-25 07:00:00,9.140248573042754,54.7352223724902,19,9.231321224076098,6.195369442316585,3.0174796796583863,3.52574051126097,21.747622178346802,0
2026-05-25 08:00:00,13.229563317333195,46.38222436045187,45,7.3984543616618,6.316111342103753,4.1093306623656325,3.4283719368424226,21.233418178658408,0
2026-05-25 09:00:00,16.80858128291105,63.29487932435309,72,5.749054971460854,7.432615093454598,5.497319093811262,3.9771224889769528,22.608252494563644,0
2026-05-25 10:00:00,16.460272929236254,49.33484979679255,83,7.082012140204462,7.896207163713281,5.833472327330938,4.003145076376308,25.25928816040369,0
2026-05-25 11:00:00,11.645792810040497,57.8472413494082,106,10.19151651981508,8.259074229486146,7.6003522515453446,4.035882617793058,30.267520131755067,0
2026-05-25 12:00:00,17.84101192240006,47.61132391211032,125,7.704488418692793,8.400245718215107,8.813426094069486,4.08159292301583,29.17639422857793,0
2026-05-25 13:00:00,17.36671501537253,47.8463817043377,132,9.065807265006681,7.4555448455678865,8.198530803374581,4.331638762017981,29.281532881677858,0
2026-05-25 14:00:00,13.267084007037004,50.31702501870435,124,9.282739182235312,7.90945854555129,8.006207412859707,4.14066972519144,29.202651282414326,0
2026-05-25 15:00:00,15.259391558039784,42.256381603534656,99,9.993341965851625,7.477389829319419,7.0127537448299115,3.912803226419316,28.740478442387197,0
2026-05-25 16:00:00,17.287570927224305,49.070594963857154,93,6.810189988779711,7.589703937139841,6.420818677847901,3.994084238807018,24.854589849185242,0
2026-05-25 17:00:00,15.804704617177944,48.70442561119996,66,7.112742741161529,7.678892692054235,5.449465868711672,4.1711257665147965,24.401060751930494,0
2026-05-25 18:00:00,11.918632325376317,61.09017281107643,46,7.734993179088268,6.349810428254982,4.411968419308098,3.87732503347624,22.07041470196824,0
2026-05-25 19:00:00,14.338222237148246,45.06613261663173,13,6.692600342087336,6.918770731008751,2.459961684430151,3.593512267845122,19.564441573229132,0
2026-05-25 20:00:00,8.760342901098893,52.9668597588467,0,8.458499941802105,0.9661852128540154,2.0475784446228724,3.593329133479402,14.624108009357997,0
2026-05-25 21:00:00,11.10942955778981,49.27728503113315,0,6.881236208642571,0.8315845402842943,1.5367894750944364,3.6695068101188526,12.857071016705206,0
2026-05-25 22:00:00,12.578620422415975,62.221217047258875,6,6.093988137978275,1.503821649309126,2.109342812792757,3.560837094565572,13.123914488443594,0
2026-05-25 23:00:00,9.95049034675422,50.32068157080631,4,7.793921978251197,1.495506493388444,1.568508886824094,3.5395683197816443,14.29791784208883,0
2026-05-26 00:00:00,8.63293825666133,59.89909537586082,4,9.107573669498755,1.3994814188583071,2.1480788682816323,3.6143017044294927,15.922946756257955,0
2026-05-26 01:00:00,10.64336924424343,60.83844190725331,3,7.710094390843271,0.8846905866178985,1.999158669968848,3.8398635172772924,14.609708037295523,0
2026-05-26 02:00:00,10.669299090489364,54.121288213640526,4,7.559918741027951,1.3477098447086755,1.4806592551996673,3.73464647697458,14.271067476081145,0
2026-05-26 03:00:00,11.358548090704252,46.220222926329,5,6.657904973031678,0.82825478963477,2.0052232811578605,3.5585706707808638,13.472398484416127,0
2026-05-26 04:00:00,10.967514219955499,46.58944118245123,0,6.66350297328583,0.8209639476069273,1.7829801570298367,3.7303519390922024,13.413165976182093,0
2026-05-26 05:00:00,11.87568442038241,59.251821073489666,2,6.453403610114418,1.10279544256351,2.0364553564490544,3.609286011776053,13.240991844544043,0
2026-05-26 06:00:00,12.008165552485984,46.43031172283637,12,7.4634845492867,1.0290127400346143,2.603153327957018,3.6996882521484187,15.051189561183236,0
2026-05-26 07:00:00,12.057753050481354,56.30884487849846,19,7.841311131337137,6.6104618867575216,2.520466327475345,3.714043573217851,20.7516093756983,0
2026-05-26 08:00:00,12.66438630444066,54.18780493059309,45,8.507291300942832,6.507641363831641,4.618640096069722,3.4634614536793493,22.990195962839895,0
2026-05-26 09:00:00,13.014746140235415,55.5017353006896,70,8.540273723832412,7.082840323601616,5.885375055477666,3.4228846007883353,24.86184370907553,0
2026-05-26 10:00:00,12.20119490664064,56.678612667094846,89,9.985156506882689,7.193930601414095,6.3689391844075365,3.989993213121264,27.6977496392972,0
2026-05-26 11:00:00,13.363065174001415,47.375676412991524,104,9.39466163517285,8.135163433997583,7.0057863297435325,3.8880708098244523,29.445662976443746,0
2026-05-26 12:00:00,15.063885298797853,45.84891695181316,118,7.63910813395455,7.790855558977609,7.998331759617591,3.8261106115338444,27.54612452278995,0
2026-05-26 13:00:00,16.30343006817804,55.06199025346888,117,11.876115336655825,8.405703885960664,7.572758423566208,3.9446986016748813,31.86087807648049,1
2026-05-26 14:00:00,18.46160242144942,45.377730520526555,116,10.19638728954545,8.361990254848788,8.27360293043338,4.202696379304189,31.155624743729202,1
2026-05-26 15:00:00,15.82190610946554,34.632679465869955,102,7.202058292966745,7.579920667169164,7.94260196538412,4.061673853023554,26.904971889209108,0
2026-05-26 16:00:00,17.24921961257974,53.95561707786839,91,6.366537284101508,7.548383732891356,7.444695726066676,4.079764180422987,25.416808653024383,0
2026-05-26 17:00:00,16.821931354929696,44.165983755390116,73,6.54635294557356,7.048201858201217,5.3247963620456975,3.9599643336548445,23.068433004909917,0
2026-05-26 18:00:00,13.868761448771231,55.4012441808531,43,6.194520931164625,6.865002698339943,4.519061917171117,3.6341752021902285,21.173894890710667,0
2026-05-26 19:00:00,14.42906102203031,60.53513532937908,6,4.912516230089772,5.939935041034885,2.1680253950438333,3.740481726291169,16.5080804684924,0
2026-05-26 20:00:00,12.09822333390991,54.02690724313925,6,8.071352078774426,1.0618817676795325,1.0518268442549707,3.711860949798257,14.017337079465118,0
2026-05-26 21:00:00,13.853985366916763,58.58410596479361,3,4.427523426484032,1.1701627071340164,1.8154212831064798,3.594377502909948,11.16131920497851,0
2026-05-26 22:00:00,11.84315467989426,55.04042007329652,0,6.6244245579756456,0.6,1.6003426215630168,3.6088260282867943,12.397141894132629,0
2026-05-26 23:00:00,8.013524887719056,66.51443230305759,7,8.304108072511678,1.1994531143182225,2.7298680531886164,3.7468698785026784,16.057763623230464,0
2026-05-27 00:00:00,9.869550806381342,49.22519424267136,0,7.314351094037933,1.327364189548783,1.4080704709594245,3.487582602643257,13.777590778516018,0
2026-05-27 01:00:00,12.047098094054196,53.91538654696041,8,6.7744933217540755,1.2923190330914092,2.493378956236519,3.7951824447473115,14.342421235707455,0
2026-05-27 02:00:00,8.817955052235947,60.425503341071845,2,7.805525171600135,1.4690797980037031,1.861810249255854,3.6927640946972566,14.717428299188231,0
2026-05-27 03:00:00,10.006422970115217,54.35271223035331,0,8.295419169626317,0.9679456692487286,1.1493859485213171,3.60033868450584,13.835760446011532,0
2026-05-27 04:00:00,10.522952921876351,62.02109928850876,3,14.388763410489725,0.9932482506858112,1.7165166111488825,3.8416854606841695,20.876767366540232,1
2026-05-27 05:00:00,8.388915148232604,54.116076401760864,0,15.584989624275227,0.708938348608342,2.4892341570250665,3.405850264752448,22.57273537072231,1
2026-05-27 06:00:00,11.744251324628312,66.6080384163021,0,12.616137380863059,0.957989283757946,1.7219832530845258,3.5309722841447404,18.77749239918076,1
2026-05-27 07:00:00,9.350661394647652,68.72018897964773,14,12.541580872142319,6.84006241873753,2.9776401767676113,3.553662380159761,26.002808370195872,1
2026-05-27 08:00:00,11.562486830082966,56.02056685480157,44,8.279300821096573,6.788440177815258,4.60297442947633,3.82971365696115,23.41930949191239,0
2026-05-27 09:00:00,15.360643513564288,54.79512444695448,66,7.414763616015459,6.883062324470623,5.228281266951794,4.041361959765126,23.464911420746184,0
2026-05-27 10:00:00,14.982533504489547,58.91312848538067,79,8.412083298687692,6.969850321676527,5.567459885728006,3.7685467091459603,24.49811466898741,0
2026-05-27 11:00:00,14.583309271949158,44.939333652233934,114,10.574363016357347,7.3925142459819275,7.551681751924367,4.551824710085649,30.095452206576052,0
2026-05-27 12:00:00,16.416120460327694,42.815909567287484,115,15.18121447388538,7.679362250707439,8.778250169135836,3.960586555496732,35.47014186583304,1
2026-05-27 13:00:00,15.904631381793354,58.61003994680079,116,15.507858461595527,8.253717727988525,8.248281835363196,4.1181025209112425,36.44637669024345,1
2026-05-27 14:00:00,16.147431264963455,52.533357388515405,110,10.231366330752685,7.730538879365313,7.069780491059191,4.040402945376388,29.04521308555383,0
2026-05-27 15:00:00,17.123379698401312,48.79843375032028,111,7.670487040213076,7.5626398881501,8.280282237501257,4.050923477032452,27.55319996601505,0
2026-05-27 16:00:00,14.42061156509035,52.25128114346921,82,7.91479854165434,7.079135675588016,5.505916929544963,3.809138277336995,24.26394403330673,0
2026-05-27 17:00:00,15.16949343456123,37.306631089894665,70,7.433580130882846,7.3873182799789765,5.278244090389018,4.040131971178845,24.232040508407064,0
2026-05-27 18:00:00,13.84519188013403,51.47273220315747,41,6.312746504972823,6.60955792361643,4.091582467658093,3.6359118118030294,21.022526149018375,0
2026-05-27 19:00:00,10.836388732003728,50.35442801583786,15,7.934001564052084,5.950478455026461,3.759188585956047,3.3946606373902,20.778385225686957,0
2026-05-27 20:00:00,11.06127302534153,60.21247503268435,0,5.842979890279928,0.9920640706559001,2.16720048525909,3.4317003851658825,12.503397266477199,0
2026-05-27 21:00:00,14.38613211311503,58.18058558546777,0,4.872428145139038,1.8720590939415998,1.5829246194225062,3.816797342895363,11.752014120980713,0
2026-05-27 22:00:00,11.530077445760236,57.812523320459285,2,6.93028797580659,1.5628680759719755,1.9227414332046033,3.7955705281714915,14.517270073996537,0
2026-05-27 23:00:00,7.901073964430063,59.446946419472305,3,9.922085333313,1.6680188653844468,2.378869147471022,3.3109146475570648,17.252853573493898,0
2026-05-28 00:00:00,7.08584925127832,48.70153256921965,0,10.419079869767664,0.6,2.4398384808748483,3.7220594397480866,16.807249623775352,0
2026-05-28 01:00:00,9.164121581266421,59.67076729403143,1,7.588915831064611,1.0651142027570708,1.7435622264584754,3.30671006145902,13.385359036910454,0
2026-05-28 02:00:00,11.889557709866175,57.85921939074068,7,8.649883275448492,1.000323815297191,2.0866223798529533,3.623915822277981,15.564217807149737,0
2026-05-28 03:00:00,9.037311382287015,63.69317238589712,0,8.517058181025133,1.2903440685418461,1.426478172484864,3.4188372660554998,14.236559701475542,0
2026-05-28 04:00:00,11.926350931007446,66.7644956763256,2,6.984752432840297,1.5069324074582702,2.2093214062752287,3.7416172304257436,14.512195645459844,0
2026-05-28 05:00:00,10.858949179704954,44.70042407379164,0,6.047654687780465,1.2142491745220139,2.2616873967428655,3.683199135497887,13.09965377228537,0
2026-05-28 06:00:00,11.786666381804173,51.82913925993759,0,6.307687586457535,0.7946354850691895,0.9275917872916108,3.746936888672731,11.728162130975342,0
2026-05-28 07:00:00,9.558949079789564,51.37718836721196,20,9.635668582948036,6.028645331700968,2.721437293760021,3.635714028336782,21.853003732404908,0
2026-05-28 08:00:00,14.329329570440741,53.28804595247989,41,6.89981161931485,6.855199803146499,3.508949290203021,3.735300659053719,20.76104888493297,0
2026-05-28 09:00:00,13.072022797959844,53.27639405083835,62,8.31447855818559,7.268025610623299,5.277908130616709,3.62311313165336,24.361666272719166,0
2026-05-28 10:00:00,15.952797774604697,49.63090923056561,98,7.999115027189661,7.713333330353091,6.632924198996361,3.8374273101655207,26.325792408789418,0
2026-05-28 11:00:00,13.826325368242678,58.79588214222504,112,8.386167842350408,7.96142682178635,7.365936527251258,4.190280015227499,27.83066529435687,0
2026-05-28 12:00:00,16.06761340747854,44.340804677306394,105,7.918497380941257,7.807542887518992,8.080583676319927,4.075089744570637,27.987021865605666,0
2026-05-28 13:00:00,16.714686017171868,44.217256682765466,111,8.957146394278414,7.99218379521153,7.830482639091066,4.059650249284085,28.778903119032208,0
2026-05-28 14:00:00,15.973683965287183,44.87438539944636,120,9.444629397785828,8.310586341310135,8.373042227054967,4.26931706402477,30.550386200327807,0
2026-05-28 15:00:00,16.80400782372436,48.235028607650804,105,7.468515908547393,8.010557997532786,7.769258307143251,3.824978672175551,27.177046447552133,0
2026-05-28 16:00:00,15.313754488884424,44.14314283786561,99,9.473957335936278,7.690254901859197,7.681868532895032,4.104022184818313,28.814922743191488,0
2026-05-28 17:00:00,14.107012757448896,52.1283114991177,73,7.005653795264925,7.196832703935433,5.626633225341168,3.715126507145806,23.30582681925799,0
2026-05-28 18:00:00,17.214862354215892,49.09591206655288,46,4.488021702669775,6.697445591825586,4.151658428349757,4.005681080586903,19.581719962172194,0
2026-05-28 19:00:00,15.424627134139428,46.71243896540095,12,6.604614163924977,5.842884274530083,2.2835700627716484,3.7296711259160356,18.257392492322374,0
2026-05-28 20:00:00,11.442070536884254,59.66104462167398,5,7.640977583253951,0.9124401477338882,2.561679002898108,3.7646752041047753,15.00496818169009,0
2026-05-28 21:00:00,12.796029265118172,53.04597488144095,0,5.987193152549609,1.2903846961810888,1.769339191681142,3.4947529854335952,12.549443240759228,0
2026-05-28 22:00:00,9.722986550474195,62.083644271335174,10,8.306412947896769,1.0304958897619028,2.2190057596416954,3.967314733790683,15.407463679987794,0
2026-05-28 23:00:00,8.246702975087288,55.644673661457944,5,8.386607383947627,1.4748768537695585,2.25090339434069,3.919783683660282,16.139538105791406,0
2026-05-29 00:00:00,11.567054074399872,54.17954011481197,0,7.152382718294031,1.0820300511375307,2.624064389900428,3.6645568530760513,14.865003547052726,0
2026-05-29 01:00:00,6.5629571816548165,54.70108768566862,7,10.236395591689382,1.5128583404523068,2.2184274149178567,3.804289256964153,17.928348579315585,0
2026-05-29 02:00:00,10.916321990347265,54.77047926402664,15,7.849441013488739,1.5929355812441826,2.503748748894592,3.6147169811913207,15.59316474673788,0
2026-05-29 03:00:00,9.030298613881207,60.500663876381374,1,7.509621831780022,1.4130254736702272,2.7293493330956333,3.4137278151610837,15.471094615738965,0
2026-05-29 04:00:00,9.449948798784712,53.44453300728968,5,8.545834585559996,1.023271985224345,2.6734107390130584,3.739368577634667,15.563319071813583,0
2026-05-29 05:00:00,11.062370276473821,57.813694067852616,0,6.800216093707558,1.2431148076676648,2.3331712529241084,3.4621034868000056,13.560554185822461,0
2026-05-29 06:00:00,12.078704917657376,49.06448954548252,3,5.950569339367371,1.4122607963419276,1.7396909606021278,3.808533021627637,12.794941538700929,0
2026-05-29 07:00:00,10.530016878799179,59.656790734033876,9,8.860984203526366,5.5190356552102,2.025077497157714,3.7931787207580308,20.55310691896244,0
2026-05-29 08:00:00,14.060800472142255,48.97496468202175,44,8.760512812425699,7.287592706642101,3.394630495984937,3.8112833975806732,23.48972884890003,0
2026-05-29 09:00:00,13.93926350976885,57.65563160704767,69,9.524323267389775,7.935083566139927,6.029212599534412,3.902894382405505,26.962442276790842,0
2026-05-29 10:00:00,12.455373789391482,54.02432891255838,101,10.470981413162768,8.049550903074234,7.389648717667222,4.152393272532444,29.95348052742649,0
2026-05-29 11:00:00,15.026754049334507,60.8556568633455,96,8.072014588122633,7.910058266745497,6.269600455335813,4.025184603464449,25.94590126253778,0
2026-05-29 12:00:00,18.219930176962855,42.41064600975261,115,7.168715533916304,8.176065509110831,8.665831420935449,3.9993307409051173,27.999830534630565,0
2026-05-29 13:00:00,19.071618486296572,39.83922549540637,128,8.004481810769821,8.090798330409646,8.688192070593695,3.884823916401011,28.893754220933236,0
2026-05-29 14:00:00,17.560159315201897,46.13257703774518,115,7.143909395213949,7.931440426056019,8.028663801683441,4.20383495941259,27.551762031904065,0
2026-05-29 15:00:00,14.197823399392657,44.04396676224963,105,10.135310476450176,8.127541713376186,6.8941638163495185,4.074965850056179,29.298984069304648,0
2026-05-29 16:00:00,16.70578758468769,42.174249944914564,85,5.297061205418308,7.089373981796752,6.69648929827289,4.3533490115408275,23.33001841233784,0
2026-05-29 17:00:00,16.76200420798069,54.157801406773736,63,5.886457116181252,6.662749080404807,5.490796511599575,3.8376133265251973,21.85376611710935,0
2026-05-29 18:00:00,15.824370508908974,51.106649357842315,33,6.257722298486652,6.354934783940126,3.593405601124804,3.777305407962606,20.154188091789614,0
2026-05-29 19:00:00,15.080955885895431,48.81119722535287,14,4.706917868356793,6.381688611213428,2.3817929297516054,3.7048255335768596,17.762050804200864,0
2026-05-29 20:00:00,13.45821417198795,50.58456378717645,0,5.642116667304723,0.7969223446040301,2.9819104373266887,3.6976134537022505,12.822288024193766,0
2026-05-29 21:00:00,11.811699303396399,50.55779953649466,3,7.369129137024651,1.075104376578925,1.4234845188155787,3.4669681610408007,13.731898522747356,0
2026-05-29 22:00:00,10.056442194230318,65.35988336124153,0,9.021878812976652,1.0626635385817966,1.4753533535114804,3.5884177120832534,15.209327452728376,0
2026-05-29 23:00:00,7.139302821661687,53.232488637895514,0,8.464053737703225,0.7458457664779401,2.118715532029528,3.724148912831759,15.257827261741966,0
2026-05-30 00:00:00,10.487697751333965,47.201423297999725,0,6.462675714022413,0.6,1.34350202850159,3.5500854857370863,12.002554717119594,0
2026-05-30 01:00:00,9.876945103363784,60.368594877395125,2,7.224547689777133,0.7767206112034186,1.4203068875512364,3.7265283115679337,13.49915192351013,0
2026-05-30 02:00:00,10.38927459396899,53.91351031443633,0,6.384192055091457,1.1913102810608425,2.3091833908932005,3.6145073951960622,13.58161348078033,0
2026-05-30 03:00:00,7.286830990557143,69.76751888998946,0,8.24053526114768,1.2701502138971157,2.0723362762234006,3.6602806601332394,15.08111197449041,0
2026-05-30 04:00:00,11.006835119756872,51.58763982741754,3,6.5829066723852545,1.327027044351492,2.182862089692425,3.7846704620374214,13.989994797376575,0
2026-05-30 05:00:00,13.959248587869208,57.60646863763885,8,6.810430657632653,1.4573503381950983,2.321821182066906,3.5978966607422804,14.469192598068377,0
2026-05-30 06:00:00,11.324760883489253,60.999613320978895,3,6.926977233121228,0.9347617848118941,1.6535309716259121,3.394222318387013,12.909545838383298,0
2026-05-30 07:00:00,11.930697960656861,50.92396153629534,0,6.745295267744306,0.8057868062544846,1.6862980032965371,3.5600490104458538,12.278908900087218,0
2026-05-30 08:00:00,13.466699666512495,48.44245064266141,1,5.09994278801941,1.2492703016977997,1.819416333131724,3.480166722836859,11.620062694747384,0
2026-05-30 09:00:00,17.3022352610332,54.47152273981053,0,4.11153320865241,1.0258874754170708,2.1807973589199254,3.2811395922718196,10.623870211765206,0
2026-05-30 10:00:00,12.951194466276988,56.73595565777585,1,7.663918431825565,1.4354775178911359,2.046635814513948,3.5879977559241145,14.722797504855427,0
2026-05-30 11:00:00,15.761721182089358,42.71504850916742,0,3.7880978071566354,1.2334807475181422,1.3824704405062629,3.6298545988574213,9.910034155193799,0
2026-05-30 12:00:00,14.613066956506342,45.269585964791915,0,6.544219862086109,1.5493371969915106,2.1552940024914924,3.753114201421297,14.332719479013122,0
2026-05-30 13:00:00,15.392228027742052,36.23724894950543,0,5.004047250443886,0.9370622934860416,1.044672277529176,3.429103431561602,9.821643305956362,0
2026-05-30 14:00:00,16.357092137767506,54.30450202054718,0,4.166377359525815,1.4736369875377462,1.655810167979553,3.613278903678277,10.932597745328245,0
2026-05-30 15:00:00,18.61258556392159,47.46959766824433,8,3.800099065860193,1.9561365639984114,1.7260782303123574,3.801213699807564,11.310522990927875,0
2026-05-30 16:00:00,19.03416859558319,47.751471027460916,9,3.8274211991736125,1.2808098965626693,1.9093034499881747,3.5498029194930294,11.091050777455848,0
2026-05-30 17:00:00,16.17811104118512,40.71775213290004,0,5.742379131363227,1.274757336929269,2.6669638251178043,3.6804332638920485,13.360924687715569,0
2026-05-30 18:00:00,14.051184632026878,45.87299740744388,0,5.906489498881791,0.7743150989555294,1.1381966341103733,3.8396577012529427,11.770066159125754,0
2026-05-30 19:00:00,18.084918392311106,46.56855773036128,0,3.632885736912777,1.4129197840588186,1.4313626748031585,3.320637858512577,9.829059182647855,0
2026-05-30 20:00:00,12.21455304290662,49.80513161693311,7,6.4633593791441255,1.6211703593335052,2.4146807970931947,3.6688981481547125,14.191715739692075,0
2026-05-30 21:00:00,11.064597948896427,55.408567991433465,3,7.998794898811596,0.9809413855766863,1.7534987580425465,3.786433481704338,14.960408265840586,0
2026-05-30 22:00:00,8.17399248538297,60.37031439575366,3,8.23860677957949,1.3591558498761933,2.0350009788455887,3.559393073922412,14.914243297586363,0
2026-05-30 23:00:00,12.839877594729952,66.98776721966371,5,6.455074186720303,1.288165458595612,2.7182973347083754,3.828013995683193,14.122749776978484,0
2026-05-31 00:00:00,11.652625520855992,54.14042867917245,0,9.188104042528188,1.236774851596548,2.09458253594854,3.695133267719338,16.40313757295211,0
2026-05-31 01:00:00,13.767225946456545,59.36699651873926,10,4.0016570153381705,1.5642069092678457,2.139092942474212,3.9054035747669285,11.674570533451227,0
2026-05-31 02:00:00,7.175507228299512,52.638532916896715,2,9.734723404654643,1.3176148281498188,1.8498262342696445,3.695369723732783,16.526727005316513,0
2026-05-31 03:00:00,12.135846907773074,43.84843692931806,0,6.818507130194734,1.0513542608395052,2.038772704403611,3.8778808053459923,13.768875468631048,0
2026-05-31 04:00:00,10.125838395047209,53.29181132345385,1,7.619542496882857,1.409653724400548,2.1407453947721686,3.6490000042947885,15.047422777575347,0
2026-05-31 05:00:00,11.933193561477642,44.46377452164632,9,6.870132325489023,1.6511496313336147,2.3043387329372313,3.430830654894275,14.377723767352451,0
2026-05-31 06:00:00,8.486475787192726,56.72318216262008,0,8.790971861957406,0.906031948093001,1.962274050025834,3.505349942966959,14.986387103559933,0
2026-05-31 07:00:00,14.62756936774251,47.34659822714113,8,5.234407146337719,1.2433703055336986,2.4027120981708268,3.7847545197736268,12.724688156397585,0
2026-05-31 08:00:00,14.374775404334438,40.49329012622166,0,5.48021404854283,0.6,1.7584980506976908,3.7498034455956994,11.576064913713466,0
2026-05-31 09:00:00,13.87741652579258,63.00808848081663,0,5.201009850386785,1.3042593166359246,1.5276430771216145,3.553409782543234,11.703927452798306,0
2026-05-31 10:00:00,15.884388496094234,47.86133834929704,6,6.254968927263008,1.636091151692495,2.4641680191097506,3.894645122258912,14.169603743329812,0
2026-05-31 11:00:00,14.21122864945142,42.51586269524624,0,5.195876388680294,1.0099466703787587,1.9313079577111392,3.5469048543168857,11.38195889135678,0
2026-05-31 12:00:00,15.083737694826972,57.07622747192351,7,5.592121263100129,1.272702655242143,1.2485591279002373,3.6972965487795433,11.978772349939792,0
2026-05-31 13:00:00,15.630581475918893,46.90537771782512,4,4.179033864092468,1.0949314927696212,1.6483740161409082,3.6811424875208028,10.740636654900966,0
2026-05-31 14:00:00,13.388059562196856,59.49995153049633,0,6.621439878246741,0.9656363216434478,1.5836977753800616,3.4004294710206726,12.925028198720538,0
2026-05-31 15:00:00,17.883426759227792,45.18706392251086,2,3.9243867095289486,1.2172599503963086,1.8194908894637842,3.591426211570156,10.22350652230376,0
2026-05-31 16:00:00,18.094494984426223,46.18374262010355,0,3.5354081892257363,0.8255151113402758,2.341775213878423,3.9570494364100117,10.642152399905509,0
2026-05-31 17:00:00,14.320285606624713,54.32877605189374,4,4.65236606318285,1.0896530722447988,3.4610466566863916,3.4776599665872054,12.623125710379437,0
2026-05-31 18:00:00,15.379642054176518,55.02458474359227,13,4.572885176126803,1.0174071751629419,1.4085305599789681,3.7457736365926233,10.645542674519307,0
2026-05-31 19:00:00,13.492144778059448,57.491793840499,0,7.163494417322465,1.306176805047387,1.9369828618347746,3.4268426156058287,13.448241725709794,0
2026-05-31 20:00:00,13.59576266260808,52.264731170667964,5,5.318678689518771,1.2737333420936958,2.1063137541200208,3.4800966237291915,11.91225125695802,0
2026-05-31 21:00:00,11.064948959152755,57.87298860996294,2,7.805051339861405,0.9850667289152767,1.8287795950973065,3.3958568394341255,14.082384828040482,0
2026-05-31 22:00:00,9.785874161721347,60.134366020249516,2,7.278455922056577,1.1489775609678385,2.1543227954129662,3.7491606460744933,14.205979564562304,0
2026-05-31 23:00:00,12.351350499157775,54.93990195703277,1,7.317923298969905,1.0407461604782782,1.9224049332607667,3.4732918587056356,13.547763823461525,0
2026-06-01 00:00:00,9.989873290877108,54.65164635225639,0,7.296755605293369,1.500363309700422,1.6373547109625455,3.790124121849765,14.58219671219564,0
2026-06-01 01:00:00,13.18638702327345,44.43844004315814,4,5.361345216469398,1.0176456896298,2.0331591987368247,3.5363019805839904,12.54188236019502,0
2026-06-01 02:00:00,9.708269138984319,59.31384308644169,0,7.439329918031575,1.3222657379011595,2.0504549991298813,3.619199889142886,14.417143041067577,0
2026-06-01 03:00:00,8.174469138226705,57.122190341176875,0,8.455765822499693,0.8531774501420974,2.007662069031568,3.6617071240453334,14.602767966435504,0
2026-06-01 04:00:00,12.184252775529842,51.38011530424837,8,7.176872074132067,1.528983440132965,2.324884538428859,3.3894685515597853,14.519309707382916,0
2026-06-01 05:00:00,11.727028743729598,61.87132662375276,3,6.99883029354706,1.5170569600012629,1.7024485675112333,3.642547387539011,13.339540573296908,0
2026-06-01 06:00:00,12.6152260671182,44.971578652181464,1,5.482044017141179,1.4975772024080898,3.1236142974512813,3.6564846676280327,13.422178129987639,0
2026-06-01 07:00:00,14.24769669505092,62.17844537090113,26,6.263978305831411,6.882855911898544,3.3917809900347122,3.8750025480957904,20.5170299873152,0
2026-06-01 08:00:00,12.01978849929643,53.85151895372088,33,6.908721544575194,6.5963557500276595,3.958108452301262,3.5880744915900245,20.70532668798178,0
2026-06-01 09:00:00,13.819078231418116,54.54080039745381,77,8.834780517778276,7.719281345582135,5.806488896212525,3.785446722880028,26.071989018880192,0
2026-06-01 10:00:00,14.588077485305034,49.6886771988396,85,8.815437377621006,7.998462983312148,6.560308162373292,4.038932194367494,27.042233838592548,0
2026-06-01 11:00:00,13.410146820230647,42.93995240968704,108,9.622956973426735,7.451281672640424,7.821723634560243,4.2438587962824625,29.15388595554373,0
2026-06-01 12:00:00,15.712527856810802,50.37794471659722,113,8.699056565443945,7.72286665038288,7.1546225952133105,3.9631246241008804,27.82048055808082,0
2026-06-01 13:00:00,18.782127669236623,50.92187368942929,114,8.59169928853153,7.428504751669007,7.747502657844191,3.8707194516220627,27.485213977772872,0
2026-06-01 14:00:00,17.033016975283818,54.2825899469527,124,7.974767760421692,8.50340044365367,8.28918549118805,4.0484907801272705,28.81099037078256,0
2026-06-01 15:00:00,14.221978333509542,51.145317059234436,117,8.730846206523754,7.47801370641408,7.964794455156955,3.9160015488551023,27.885694427246676,0
2026-06-01 16:00:00,13.515704112249427,39.70798286858642,89,9.379247803645566,6.879055180831757,6.213572389177511,4.0156671649029665,26.301095205289514,0
2026-06-01 17:00:00,18.43453523285926,39.9241305078598,71,4.778876987387725,6.793912561686693,5.724735216335425,3.722024783508444,20.811706894454375,0
2026-06-01 18:00:00,14.72599988140056,64.26761783152934,45,6.505464898169322,6.101590796316449,4.903811376254284,3.925935706650492,21.63328531066498,0
2026-06-01 19:00:00,12.934811507000354,46.743675467117036,28,6.6386172890729815,6.499255310438901,3.398719914880325,3.7438925039972135,19.92710953054789,0
2026-06-01 20:00:00,12.663756198509375,62.06447960055321,0,5.733565538297466,0.7204100741149112,1.268428294947638,3.750614991241408,11.390055381008192,0
2026-06-01 21:00:00,9.712252358635993,50.11129030651743,4,7.946823555475516,0.6,1.556093243560481,3.2525037072253307,13.457874725377271,0
2026-06-01 22:00:00,13.798803953004036,51.55616157687977,0,6.356606768228926,1.08534433796319,1.630326982855729,3.3362773934296825,12.636005078243201,0
2026-06-01 23:00:00,9.986478470785116,59.26139070451059,0,8.732377517603982,1.1059892099564665,1.1629770684471157,3.7939008936721073,14.90539653358505,0
2026-06-02 00:00:00,12.510397944632238,48.69603486204058,0,7.124933882585838,0.6,1.9370056877823862,3.492071852843219,13.135853058639695,0
2026-06-02 01:00:00,9.923971783271153,65.11031197710096,13,8.608179637005463,1.0842045892853167,3.123894491395051,3.432042587216515,16.10609906536727,0
2026-06-02 02:00:00,12.147108617488804,54.34403868529387,0,6.388503752746368,1.0738764368094504,1.5408431042703572,3.569595239017118,12.80414761955003,0
2026-06-02 03:00:00,10.272544517083961,58.06069668998505,7,6.040664183771336,1.1011118542855394,2.219260258050534,3.6643518620696085,12.808582076632925,0
2026-06-02 04:00:00,11.63631087435435,52.66712479611949,9,7.500068487496296,1.1466808705315419,2.101967690547957,3.612297822086417,14.147964018931614,0
2026-06-02 05:00:00,11.964488704919713,57.978955193412766,2,4.947131171339456,1.5487504425576393,1.6266674669254297,3.678202121973922,12.138875985352538,0
2026-06-02 06:00:00,12.526499073350807,63.07788213408607,3,4.940936716278122,1.905290677313251,2.050309230565114,3.661875027907498,12.648477087148343,0
2026-06-02 07:00:00,12.902526214074241,52.53538971370503,8,6.307200671207383,5.93434552990637,1.941512526299805,3.674022701514398,17.955983044482636,0
2026-06-02 08:00:00,12.821058043325962,63.762483212000944,40,7.81544813057534,6.157341463597086,3.6362197963795104,3.9622556482266775,21.72090234956921,0
2026-06-02 09:00:00,17.37900989425514,46.29616772903394,74,5.78930633826861,7.149895915485165,5.14131887813176,3.8938729510081287,21.95068034313091,0
2026-06-02 10:00:00,13.425111386059426,57.51574269656569,90,10.231860314960707,7.588002586196834,6.7790647024823905,3.9534629621213058,28.192967297729414,0
2026-06-02 11:00:00,15.699100986858745,54.16036027731424,109,8.719202753636734,7.843352509330555,8.275154227728716,4.156421723420244,29.056922860614616,0
2026-06-02 12:00:00,16.273299161820905,44.383533192540106,117,8.09696016070767,8.219741891378538,8.553288954844051,4.150898956155968,29.016331393808446,0
2026-06-02 13:00:00,17.281793933418182,51.32151277776036,133,9.380607474762892,9.068168237568676,9.786396998836874,3.9965712636101807,32.01697582844598,0
2026-06-02 14:00:00,15.986800762701806,51.05409505507588,114,9.609746235684225,7.352407700021888,7.766468045371692,4.042182937937186,28.49854193617501,0
2026-06-02 15:00:00,17.132713372236495,45.03131191316155,116,8.17307319888257,7.810522116538168,8.562864224318009,4.129734364751929,28.66455961064592,0
2026-06-02 16:00:00,15.96096077912295,53.17729402082255,91,6.9474366203026925,8.077400112076527,6.308815321669537,3.8759757789647016,24.87017791007922,0
2026-06-02 17:00:00,13.002458715230944,54.125893240227896,79,8.423357600348666,7.139284053906958,6.464166390577552,3.835123681600824,25.826079727260364,0
2026-06-02 18:00:00,14.983143147359096,51.327120955637376,37,5.087386004137055,6.842322726951049,4.574884275545697,3.5392812252176773,19.9778642817823,0
2026-06-02 19:00:00,12.251809852430021,53.39967779632538,19,7.165016781750177,6.46281524407168,3.0692716764004513,3.243583095552047,19.910899364256608,0
2026-06-02 20:00:00,10.268448464559325,54.758602098038786,0,6.844266737399965,1.532907949884831,2.5478152276246835,3.54388820374274,14.569542094704504,0
2026-06-02 21:00:00,12.543722248035587,51.386010586495345,3,6.2063812807821455,1.8236689104558352,1.6955706008658065,3.6310928696705838,13.512202298078234,0
2026-06-02 22:00:00,12.29630594215572,54.6167751134731,9,7.031622795993811,1.3785754474851832,2.2345960205189797,3.4716878719297752,13.93860788727675,0
2026-06-02 23:00:00,11.637417198147322,50.40845182720683,4,5.443331111471402,0.6,1.6079423371718073,3.8226808217426647,11.69140214877138,0
2026-06-03 00:00:00,11.232858514158433,70.51621306320118,9,6.42894904697112,1.0168574883075583,2.3106554318049435,3.4789949738405435,13.18061426140606,0
2026-06-03 01:00:00,6.633615497859714,49.56878890381332,0,9.387024567373105,1.865118503307765,1.9213532191971403,3.7368795835929136,17.34870121984356,0
2026-06-03 02:00:00,7.486028448027792,53.877062200572404,0,9.256081605165344,0.6050307667152592,1.8117157781845779,3.662800505757359,15.189273427749919,0
2026-06-03 03:00:00,13.274003276041991,50.01004491550686,2,5.6159654601051585,1.3098822992167007,1.6966374737123378,3.934450308808608,12.154103031846205,0
2026-06-03 04:00:00,8.488413420093995,68.87665042087673,2,8.57030587123638,0.6,1.6891779076821356,3.688975898413563,14.756870194279163,0
2026-06-03 05:00:00,11.863313244249946,46.18170716694755,1,6.229328561434586,0.6450704863386719,2.0103267663925175,3.3870585903828347,12.378189632993756,0
2026-06-03 06:00:00,10.381963268638552,57.769061336437744,0,6.458941430742739,1.4104280484899696,1.728320881342426,3.7581549908624927,13.656260726201355,0
2026-06-03 07:00:00,12.529334224366526,55.09336372200434,25,6.820185527954057,6.362586322115415,2.6566886476740086,3.9546372752447096,19.87150872503586,0
2026-06-03 08:00:00,12.22322508160538,55.83419501684325,42,7.849994632724636,6.524245361114103,3.2562212793121024,3.5021681595886847,21.71763165985588,0
2026-06-03 09:00:00,15.16024384618271,59.04787609102861,78,7.32874648632903,7.018975391475781,5.8220301808811055,4.00786933616736,24.130399392727202,0
2026-06-03 10:00:00,15.282273224908879,58.833271239800865,90,8.015718264590014,6.821210111127718,6.127979068477592,4.089047227212155,25.315530137833886,0
2026-06-03 11:00:00,15.012538344428208,49.03485528255814,110,9.117843416611798,8.122692060179324,7.473993505161769,4.008075772992931,28.59124040857427,0
2026-06-03 12:00:00,14.545553535258819,53.25493954551983,120,9.948959931067222,7.96089842061985,8.209512637052727,3.7167068007694164,29.959021921092713,0
2026-06-03 13:00:00,17.1357137532195,38.96360249217251,115,7.219445354723579,7.437347188920222,8.05925537219926,4.015606316426736,26.901159842368813,0
2026-06-03 14:00:00,14.738135267098087,52.540956600808,119,7.996244101947282,8.052566198828599,8.045297375638585,3.9888396178126415,28.29108799162085,0
2026-06-03 15:00:00,17.407215389087654,45.18065189119274,118,8.691092166912048,8.227436805393546,9.276040498672677,4.3014663794595345,30.690117494598596,0
2026-06-03 16:00:00,20.795870484078755,46.284802581177836,92,6.72835673248887,7.48576420845612,6.292503634880915,3.95471130604727,23.652152133007373,0
2026-06-03 17:00:00,18.06992004676883,39.33532877602321,74,5.02627011906085,7.272597439159347,6.4141456060731805,3.8341533249900004,22.52999717534623,0
2026-06-03 18:00:00,16.270948633190567,53.226022245421525,49,6.140013837943408,6.795344385420605,4.421844395638236,3.708023129655329,20.921448838688217,0
2026-06-03 19:00:00,14.060091477169362,42.27551921866933,20,7.03954272985627,6.012621816980139,2.6041131238967337,3.728862142518735,19.29066850480026,0
2026-06-03 20:00:00,10.003877759564496,56.38679932107615,3,9.326092119644105,1.1729908646549414,2.229409204676072,3.62053022887472,16.278169974157287,0
2026-06-03 21:00:00,10.146003694581353,48.03146367092869,5,8.130806078069,1.44732592596338,1.871205101929247,3.5015082608795534,15.19521386683155,0
2026-06-03 22:00:00,13.730505080845102,47.60427497855087,7,6.76904356298973,1.5881252856639538,1.8218658911022538,3.6676030936533435,13.897282636651292,0
2026-06-03 23:00:00,9.482298155105449,62.81666899894189,0,7.172585412187059,1.3767552685062703,2.6054144560118733,3.5164117599776397,14.544286081035327,0
2026-06-04 00:00:00,9.158259061832396,59.65881337910743,3,8.404487542859869,0.9177156890674306,0.9774929791792788,3.2231610324442244,13.155791048465389,0
2026-06-04 01:00:00,9.715730341282237,62.60842107006158,1,7.771866282651247,1.3406743930494243,1.7448067785284216,3.704203435494893,14.944815304774645,0
2026-06-04 02:00:00,8.07259790191767,66.30391436856948,0,9.231949098251118,1.2629132495677908,1.8855322292223557,3.68597761518783,15.904542692782604,0
2026-06-04 03:00:00,7.911829301207293,52.42909578125594,10,10.690094153648747,1.0316019226441817,2.9836101399299144,3.6699608689265837,18.342590473547123,0
2026-06-04 04:00:00,10.26118170498286,64.29794369590809,0,7.888426126533347,0.9374905418611973,1.6207060959695325,3.533629841611261,14.514969827151836,0
2026-06-04 05:00:00,9.387602734861435,47.16626401178051,0,7.445037822366865,1.337892585926639,2.997456859950751,3.5891909752403817,15.214551349063072,0
2026-06-04 06:00:00,10.368344956332692,59.7003432900199,7,6.860609061419934,1.7079178534822548,2.5266035776067115,3.7508923971102575,14.777103082700346,0
2026-06-04 07:00:00,11.144185139648078,51.681834857664114,9,8.807996669207267,5.427914835706826,1.2297182351604885,3.5412282507600428,19.06490281179105,0
2026-06-04 08:00:00,14.266088905475408,46.718632465057546,33,6.93170316473245,7.068021433429254,2.9608427719645967,3.860946872197346,20.420027616901866,0
2026-06-04 09:00:00,13.889329525973528,56.26982205934651,74,8.5326539525154,7.63945588656786,5.976620300356297,3.674772853773085,25.393053268069227,0
2026-06-04 10:00:00,14.82450419653726,57.55133100361233,91,7.951802455161854,7.607691475058112,6.290260184189382,3.989224390592071,25.71857520451684,0
2026-06-04 11:00:00,16.867758301534828,55.84079159372815,109,7.885989612844075,7.777749181824701,8.041524960088768,4.039863617505756,27.633376594138976,0
2026-06-04 12:00:00,16.16769812120635,52.16338574246399,114,7.46316716479887,8.0886517072267,7.865821597530838,4.206402748165563,27.657599771548835,0
2026-06-04 13:00:00,16.285785527591358,51.57740466228192,112,8.424003078559934,7.691802123769361,7.4217881182545895,3.910160585589861,27.203255323097665,0
2026-06-04 14:00:00,17.6778421464261,52.90281790437984,109,6.26195544581364,7.7998067430186655,7.360934781724968,3.9145284777852245,25.44572055645091,0
2026-06-04 15:00:00,17.894753268016522,51.40151950209076,105,6.648612348528211,7.2737405669963575,7.9583611222858615,3.810825851541009,25.152360660340452,0
2026-06-04 16:00:00,16.159140506037723,54.128779657987586,82,6.623383987570596,6.7664669650260745,5.3996709052414875,3.8429898315736013,22.61493883941476,0
2026-06-04 17:00:00,15.989983494664616,52.231509145665825,71,4.244915458961263,7.994307322147059,6.175373671324504,3.9223126957226433,22.42695322494967,0
2026-06-04 18:00:00,13.799033151410153,57.70742808348057,42,6.8291458709553865,6.678076326442901,4.593541592763545,3.4983234835088686,21.681198333801163,0
2026-06-04 19:00:00,12.820782026435943,43.62116664087048,19,6.14985328509681,6.313291157350829,2.6958669382924496,3.6095631235400916,18.7278803818515,0
2026-06-04 20:00:00,14.685627295300385,51.198138678006394,3,5.059024261613151,1.1432435224111943,1.333000810721724,3.7036185529450307,11.073802499924625,0
2026-06-04 21:00:00,13.228611390423845,44.775462494108595,4,6.108783633939653,0.8822790931816883,2.270138894094578,3.60056809139649,12.813802111568238,0
2026-06-04 22:00:00,12.402083887264991,55.358649190180564,5,8.036136899771574,1.0825282615828566,1.856138307270692,3.631280829358321,14.91457410765111,0
2026-06-04 23:00:00,11.380655200637285,64.31608965464422,0,7.282987181356382,1.1319160428889228,1.1181970436683186,3.3740851228260507,12.75731853181482,0
2026-06-05 00:00:00,10.499295658117564,52.281019564730016,3,7.9226986246786435,1.0851766028568124,2.8241131025757276,3.5969931614799706,15.673509176010846,0
2026-06-05 01:00:00,11.254998824864646,55.322263063134805,3,7.613591749753902,0.8907290453069324,1.567014016835047,3.6163028303650337,13.97194880873552,0
2026-06-05 02:00:00,11.541523896216411,58.882777367367524,0,7.643362949987382,1.2678210776284158,1.1375321009714638,3.5754404992129065,13.190183671235667,0
2026-06-05 03:00:00,11.620186219290039,41.87852274493332,6,7.473715555895391,1.2739276421538503,2.258272868913407,3.6469202690876212,14.62079858754143,0
2026-06-05 04:00:00,10.249427632123966,52.1802663830419,3,8.025702392907395,1.291517720110293,1.934468653672351,3.5656311821425084,14.572884518033295,0
2026-06-05 05:00:00,13.334852909169786,55.18595427375976,5,6.649782847532038,1.4367656842069427,2.74378476615952,3.5515943846161933,14.006469218968773,0
2026-06-05 06:00:00,12.090222161422624,36.55036502498938,0,4.6863636097099945,1.0403166306956064,1.6287658762129347,3.444034370769958,10.997488196887115,0
2026-06-05 07:00:00,13.621011871980713,46.92339013756464,16,7.971054380874247,6.128889220901483,2.5135196574842413,3.8101692420922624,20.54196323108558,0
2026-06-05 08:00:00,13.931388416896974,59.156606527615004,38,8.161578593970475,7.1028583967882195,4.040852704488273,3.568001248088126,22.939155794954537,0
2026-06-05 09:00:00,14.777617063059598,57.93476860540965,73,7.797690704912865,6.883594676881809,5.904783064549622,3.9156920500416117,24.230386265939586,0
2026-06-05 10:00:00,13.951060619052134,54.7826138999315,82,7.287979680622749,6.720228888121472,6.413516971706799,4.199979561200741,24.674321167395302,0
2026-06-05 11:00:00,17.1190091618168,55.45392896829647,101,8.214255032140613,7.912438545720118,7.477378173710483,4.169215254288545,27.445671208876323,0
2026-06-05 12:00:00,21.3199283870662,48.300679116229134,120,6.844898800748232,7.839727466794006,8.474077332702985,4.1564047106540665,27.334423796442668,0
2026-06-05 13:00:00,16.195427767346278,54.18579861914417,116,8.733724708199109,7.6109271649472925,7.992582665470181,4.101461324834918,28.27330815368162,0
2026-06-05 14:00:00,17.07253001870009,48.30168023293125,111,6.596608107725576,8.207833305982346,8.279704918546006,4.024834312761576,27.371678349723624,0
2026-06-05 15:00:00,16.074030445099073,51.63935326370825,112,10.018187861021037,7.865331065684295,7.798046168744701,3.9127975718475425,29.50357641959041,0
2026-06-05 16:00:00,15.653294083067925,47.46580711920413,96,6.767316022133707,7.185752579828855,7.441957633921106,3.945925294056245,25.398762070043126,0
2026-06-05 17:00:00,18.55227684943234,56.66669242801962,73,5.810188856253202,7.8912311416533445,6.439492939725349,3.978231346649569,24.17748629027041,0
2026-06-05 18:00:00,14.057788272340987,61.58601525275747,49,5.5037330304330325,6.21825980746091,4.190106609698377,3.8544572421722307,19.747606786751106,0
2026-06-05 19:00:00,13.551768855613687,61.11565016247218,17,6.341996101987004,6.175662562682366,3.8170175384010996,3.7863083739955323,20.14731759948525,0
2026-06-05 20:00:00,10.753101202134467,52.48652152833198,1,7.097973138651389,0.6,1.534324192670987,3.7869507797566846,13.09519317108769,0
2026-06-05 21:00:00,11.258032412897034,48.8338314541367,0,8.020087915644492,1.1947303818482795,1.482575319606696,3.5762314240682613,14.049526534246958,0
2026-06-05 22:00:00,8.79755918445699,64.06367257615824,3,8.302112127741452,0.9296119549263526,2.207995874172216,3.640777722799825,15.181232514880186,0
2026-06-05 23:00:00,12.051033256985042,57.2251682728097,0,7.561299577225739,1.3867461853652794,1.9987030819776337,3.315139295530906,14.47785418088652,0
2026-06-06 00:00:00,15.249419113502006,53.534441714015344,0,3.9760404600979005,1.093914764792652,1.8323168514795063,3.9384296662553204,10.94003875348434,0
2026-06-06 01:00:00,9.516928408406487,52.06051118402426,6,8.104612240688443,1.6807127226523904,2.498212989589734,3.561922663470641,15.756917263633879,0
2026-06-06 02:00:00,7.1875342635407105,60.16333217816506,9,9.576700448809982,1.1116001289086264,2.408683519126483,3.733753879051811,16.874338391853914,0
2026-06-06 03:00:00,11.67028178714292,47.7356203016712,4,7.40770716796344,0.610409475348929,2.9495838988750673,3.5538209141610086,14.430581163271619,0
2026-06-06 04:00:00,9.254161406197312,59.86375308182621,13,9.022285925531204,1.417130618559403,2.491048561957126,3.5863381953906095,16.48711832049559,0
2026-06-06 05:00:00,13.255038797412215,61.3320410995781,0,6.5298576214396045,1.0116048818392815,1.4154778702861972,3.5644497127553683,12.224468254730365,0
2026-06-06 06:00:00,11.291573368381208,64.3175932371618,0,7.304351928970691,0.6,1.5517308164122332,3.4132321994853845,13.21433144916801,0
2026-06-06 07:00:00,11.541069420324565,58.595342259415474,6,7.685231597502244,0.8386169033700016,2.342095971778285,3.251968102975063,14.60178446003439,0
2026-06-06 08:00:00,13.218494904856447,44.79399952363093,0,5.254981812228749,0.8420036440832288,2.018678258994943,3.7739535104414523,11.71363452556824,0
2026-06-06 09:00:00,15.715109901074456,52.39764835987029,0,7.074946455169098,1.6443841866402567,1.8929142143629967,3.681855383550056,14.490642974880268,1
2026-06-06 10:00:00,14.884407677339498,64.67478470634165,0,9.20686683403342,1.3476060298494927,1.4177233925681134,3.4626217712677057,15.799285074648235,1
2026-06-06 11:00:00,15.151464489027731,46.42473209057549,0,5.132052578193999,0.978292693022543,2.298891653974822,3.6677865683273425,11.837616726250001,1
2026-06-06 12:00:00,16.214097937805565,50.48433710918452,0,4.627029560047914,1.2648044054552836,2.671645795509725,3.7235900995483466,11.747461677472222,0
2026-06-06 13:00:00,14.73960932798435,60.4264391148176,0,5.632450412119571,0.6,1.8131513948528797,3.4960469575915414,11.920848598574034,0
2026-06-06 14:00:00,17.69597647352388,53.430821177298604,0,4.545282747333495,0.9022828610981997,2.6147722244148572,3.6617771934929357,11.721533870284732,0
2026-06-06 15:00:00,13.864327932099506,67.482691997836,3,6.284527346014455,1.294348382652927,2.354815198398907,3.7630204928380575,13.56683874682574,0
2026-06-06 16:00:00,15.797105190448272,46.75495480779227,9,4.872931743266969,1.3198817072384137,3.2934092285910004,3.4202471500024885,12.918304679965201,0
2026-06-06 17:00:00,17.286851338789294,44.0963267814631,6,4.167684779910241,1.0192253489337373,2.342689840755845,3.7040116775445617,11.141341853512646,0
2026-06-06 18:00:00,15.786204830609734,58.505098992053746,0,3.895970930597282,1.08659215375415,1.8614713840977954,3.6546580753822577,11.238556973354756,0
2026-06-06 19:00:00,15.4304343815598,44.25190244420094,6,4.5899736008091185,1.3263379766492065,2.509080554840835,3.90606760043509,12.19878284968942,0
2026-06-06 20:00:00,13.410445106002138,51.76155823759318,3,4.898379566757164,1.1507251689410294,1.7698867502973272,3.6955552880614486,11.596378127134084,0
2026-06-06 21:00:00,14.60372459944067,51.65332728126204,1,6.394463343799791,1.4193513849232156,2.038202824536837,3.542367857585013,13.717446881633562,0
2026-06-06 22:00:00,13.343011384132762,59.20867830221596,2,6.331179252363675,1.247545738460675,2.508822400978958,3.563721651597185,13.973125842484903,0
2026-06-06 23:00:00,11.804588722692246,57.8321662661323,3,6.165448572578806,1.3329341646503878,2.3337797050734794,3.9155090523807856,14.02166845691146,0
2026-06-07 00:00:00,12.131346190946216,56.643879841851515,0,6.820904779381262,1.6997441758805292,1.7860690538677384,3.5467724237373046,13.747071493183709,0
2026-06-07 01:00:00,11.480586933233068,51.9749745326652,1,7.943737746720287,1.4076272165377732,1.9451870173442036,3.6919219202280527,14.95044924022085,0
2026-06-07 02:00:00,9.338519310069014,63.286134631939895,9,9.332892660523477,1.8713354562333404,2.6359545515858036,3.600242917330289,16.896809423947957,0
2026-06-07 03:00:00,7.920238740871721,81.21476520070979,0,8.30415063976128,0.8648299718229371,2.1260009744054433,3.762189301443144,15.038547028340497,0
2026-06-07 04:00:00,11.269133983445654,58.695842105953254,0,4.5968312368978825,0.6,2.1375289724078392,3.7696005094325318,11.11216239647123,0
2026-06-07 05:00:00,12.03908524101924,54.568719314516585,2,7.043639428125945,1.0869017232511826,2.06274714743883,3.6045998345997097,13.983318934318783,0
2026-06-07 06:00:00,13.689409667694289,44.945764923276315,0,4.990646687266726,1.0210412734129164,1.428954912252956,3.5389858225637747,11.428500536240579,0
2026-06-07 07:00:00,11.087994457322907,50.8591154611049,0,7.706825219537115,1.6107949533362746,1.500681211287266,3.535408791761979,14.531537586922552,0
2026-06-07 08:00:00,12.04467448198755,52.68423273482551,0,7.414305111116214,0.7044844485701065,2.00752504414808,3.3409109728138384,13.734886865252138,0
2026-06-07 09:00:00,15.27330439334076,48.33742026339163,11,6.0573899407930645,1.2703923638390204,2.7791567387790796,3.6590838398688463,13.761656373422692,0
2026-06-07 10:00:00,15.214623401708481,51.49256544155755,2,6.281310815791907,1.2778127781150104,2.225871300806678,3.6200594383639517,13.726128723983491,0
2026-06-07 11:00:00,12.854686278940727,64.02708175163818,3,7.278367492676221,1.1890358763945257,1.6611524776420186,3.48958020807544,13.620919136991358,0
2026-06-07 12:00:00,17.254380074386386,57.54221644842562,0,5.032098619883114,1.0399646234664566,1.7319746839578167,3.3247783309492847,11.413967807990907,0
2026-06-07 13:00:00,13.817228719289245,51.684082161723545,5,6.904255617400502,1.315498958622221,1.546574601026184,3.6509428243969753,13.618396903868009,0
2026-06-07 14:00:00,15.47867114457399,44.14131697357435,3,5.94034479536482,1.5316841708191917,1.3388570941778277,3.661893451157057,12.570960945767952,0
2026-06-07 15:00:00,19.264206008632648,56.57605135093999,0,3.167305488561782,1.6375109149279319,1.8366656851468948,3.659196786001827,9.91549661960451,0
2026-06-07 16:00:00,19.718990526276357,47.91643146452454,3,2.273538855014098,1.1654825226096297,2.576170364116026,3.463509230971932,9.752037722778395,0
2026-06-07 17:00:00,13.993865190509311,42.14559855350389,3,7.6143743930905305,0.8684539862419026,2.0099118003171657,3.671515962814646,14.258790050509232,0
2026-06-07 18:00:00,14.775641669157148,56.192849459090354,0,5.120490180061671,1.6370869329326778,2.658660942993162,3.573212623388576,13.165094432345198,0
2026-06-07 19:00:00,14.563932229851352,58.23117093301228,4,6.315885757865603,0.7948282936425786,1.9461532129722119,3.7456731854944185,12.88092578103267,0
2026-06-07 20:00:00,16.613693059647392,35.98427977565644,9,3.8788381605851354,1.8887025950902965,2.309047743666103,3.489776853466398,11.687847915739399,0
2026-06-07 21:00:00,11.841863413598423,49.17127458700376,1,7.577857174149426,1.5884473777215555,1.4090468990413831,3.7765304818136998,14.677045429212246,0
2026-06-07 22:00:00,11.024904443602157,54.0685975994521,0,5.289584762678776,1.6212895770001046,1.6437402074983103,3.826497957318478,12.26263161961141,0
2026-06-07 23:00:00,13.743566997992678,57.099390219357204,1,5.3753764283634835,1.3578867995905801,1.3195277948712656,3.621411805077537,11.791112469498058,0
2026-06-08 00:00:00,9.977342991223935,52.42251324883702,7,8.019412198376285,0.6,1.4895982220721544,3.6885511015032706,13.603202767234254,0
2026-06-08 01:00:00,11.492575977321748,49.387716605165075,0,7.344392947797536,0.7363077091235596,1.2721809222502922,3.7175838858823647,13.214635498697232,0
2026-06-08 02:00:00,7.634430423399382,61.63719268053216,5,10.244650095709245,1.2974108772425708,2.113373790484722,3.466144692155829,17.18440123827342,0
2026-06-08 03:00:00,9.973737407121815,52.70976270477369,0,6.979917966565095,0.8635235505071734,1.4684821738939737,3.527060297581327,12.681241804385932,0
2026-06-08 04:00:00,7.793169925690087,60.407450459024616,3,9.752935994235912,1.0436520425817397,1.7400572321870367,3.6396336783229892,16.199694932061085,0
2026-06-08 05:00:00,9.376462302312895,49.298559343417786,0,9.182985445967914,1.314482863289074,1.984441756376098,3.9040341774548883,16.243766913654177,0
2026-06-08 06:00:00,13.322215767849357,44.89434005869459,0,7.789844120850779,1.040509000239977,1.1030407323653377,3.420584055507712,13.259477676501696,0
2026-06-08 07:00:00,12.654867641384275,58.04046421438418,27,7.8104791550671475,5.959342788486481,3.321466226438597,3.95365868324878,21.133648586201545,0
2026-06-08 08:00:00,13.103093705150451,54.68779918304044,36,6.932600865827761,6.857980549598498,4.161633946190571,3.7150160426100753,21.734331119132367,0
2026-06-08 09:00:00,13.278565761181772,58.57581007853092,72,7.441020132827964,7.376215971303804,6.180551770985805,3.8828344527953798,24.400502760764446,0
2026-06-08 10:00:00,15.020458139580327,48.539098389786105,101,9.926496117335596,7.630851419957152,7.587455172389002,4.186706652827361,29.424131559283012,0
2026-06-08 11:00:00,16.632339582314604,45.755113498385576,110,8.433116590731883,8.128943164436636,7.826517978413338,4.343217422261222,28.65596188501667,0
2026-06-08 12:00:00,18.347619928321038,57.403598379004684,109,6.997419494735809,7.895266472084156,7.5143174965853285,4.0994268687461135,26.40285334688742,0
2026-06-08 13:00:00,12.563564493137685,44.439574046179914,112,8.97727795860269,8.381976417345337,7.922938561041795,4.2227120479574145,29.223116257541633,0
2026-06-08 14:00:00,15.731579467843734,58.710079654200946,112,7.690736747932192,7.968922759945128,8.704058452565492,3.9099538533001765,28.26232398836964,0
2026-06-08 15:00:00,17.29677746782356,57.95044514402663,107,7.857925299681486,8.289374683303238,7.8078797911461155,3.9485797557570663,27.773005128395184,0
2026-06-08 16:00:00,16.50859508020016,55.779090775446335,91,7.533081272784629,6.882221526518676,6.756903158354082,3.7611328527169023,25.251719508950497,0
2026-06-08 17:00:00,16.806186810538858,46.268514790033166,61,4.470346402714299,7.158726658124141,5.408661745508769,3.7666617873121324,20.367038793247236,0
2026-06-08 18:00:00,15.850391950505651,46.21306301676861,39,6.317862713908185,6.462748371161706,3.967375911985787,3.8407852188153035,20.347791318356354,0
2026-06-08 19:00:00,14.03316475486054,51.2147917958654,13,4.70101528360492,5.833332154079774,2.616606827805535,3.6838218189324667,16.576868091767917,0
2026-06-08 20:00:00,12.749923030912308,45.66731966582737,1,7.3632518969526695,1.5234752027917942,1.743977280370871,3.8630654059342064,14.558434221501173,0
2026-06-08 21:00:00,12.322354273681334,47.988070302217416,14,7.149879253188793,1.663180601156712,2.383278010666383,3.96420665533715,15.453826511468561,0
2026-06-08 22:00:00,13.848435458789172,56.48207915496239,0,5.237170274902841,0.6,2.2482001170884525,3.57952433770115,11.79067517631974,0
2026-06-08 23:00:00,9.926286243997879,59.45138000234653,0,8.674877449769768,1.350423472360763,0.9223426393232821,3.4980473384818462,14.172029120104868,0
2026-06-09 00:00:00,10.563043181755491,48.780268654473645,0,7.796234385338442,1.3079518162420771,2.0153707815367157,3.774005384909446,14.786254608862086,0
2026-06-09 01:00:00,10.631844896131325,59.08284793970195,6,8.743472047047845,0.9549249726698196,1.9154611560744295,3.813633545963792,15.225197541569873,0
2026-06-09 02:00:00,12.853500105132328,56.08569475558959,2,6.319350429734903,0.8436436185628924,1.0526543912761688,3.6741872197678873,12.016768490317038,0
2026-06-09 03:00:00,9.809639093332278,64.70208820746342,0,8.06146481899185,0.6,1.3614257598964135,3.7058341593223,13.616332178157057,0
2026-06-09 04:00:00,12.299785926318847,57.189979206466,0,6.277923816656741,0.9818638359670625,1.783779259815959,3.682372904230673,12.372740312859218,0
2026-06-09 05:00:00,13.32039477574337,59.36119024059874,0,6.124544744282575,1.037879361592702,1.845665653126676,3.4516864965506,12.60595288540111,0
2026-06-09 06:00:00,11.842521273861648,56.98057459018503,4,8.269698364991648,1.4509488731254794,2.3530020049810507,3.433214261295388,15.822678137785514,0
2026-06-09 07:00:00,12.43681460205643,59.551963706640805,34,7.214436194758436,6.606283127575196,4.033608205545226,3.7283647151658186,21.538024131119585,0
2026-06-09 08:00:00,13.141512281863783,45.42116284919551,48,8.216286995983516,6.393032159643484,3.743978266547751,3.7618626832181032,22.14526019997778,0
2026-06-09 09:00:00,14.171870853992182,51.640630116840384,68,7.095960038278175,7.207606013730696,5.709876613858126,3.9135415710268635,23.550408934666407,0
2026-06-09 10:00:00,16.903111287326364,50.08876992514005,86,5.19280975920795,7.359084103208631,6.857844788040248,3.9243162758980934,22.81924551372921,0
2026-06-09 11:00:00,16.56849421983304,49.11112965351352,98,7.626240344792926,7.3368108252174435,7.288515179419428,3.736510294867867,25.525805727654877,0
2026-06-09 12:00:00,17.13198494318006,52.81433107451531,121,8.234773071731103,7.521672464679668,8.681098668343026,3.7671710123876903,28.193534767276226,0
2026-06-09 13:00:00,15.16876394871177,55.42970496544068,124,9.094075894193185,8.350681167258927,7.750365637087122,4.2066145624553535,29.324751761931882,0
2026-06-09 14:00:00,15.556170392807848,53.686414667821,114,7.41063319555366,8.108239002317813,7.624403254762888,3.956581429746985,27.236415034326292,0
2026-06-09 15:00:00,20.725503518478355,46.39420907381321,114,7.433440859713297,8.146869159898317,8.684721151071953,4.021181339200603,28.23679921635142,0
2026-06-09 16:00:00,16.429688704600512,46.263352992478865,90,7.47383145864326,7.265114448277883,6.624131255036353,3.87630380253933,25.48632142368177,0
2026-06-09 17:00:00,14.858664866015454,58.439117795425815,74,6.9009498728369785,7.291877951735618,6.870396761631126,3.7590426346602235,25.040333870372756,0
2026-06-09 18:00:00,17.883772105847555,51.685567820297344,46,3.7946189214300023,6.246622548526464,3.7547099147882497,3.6430222226855,17.35835862621321,0
2026-06-09 19:00:00,15.08584471496661,45.57393331337859,17,5.283299723154592,5.860696015851842,3.4386975085096303,3.8209754560202813,18.152808985047024,0
2026-06-09 20:00:00,14.683766883015435,50.82504958784068,0,5.6457586052732625,1.1118062699119173,1.5251824741569102,3.564127452223177,11.36783446396343,0
2026-06-09 21:00:00,12.56035683850832,43.11993430487459,1,6.723316819098768,1.2098235606127625,2.243096192326761,3.699214644389896,14.23384347971809,0
2026-06-09 22:00:00,11.409159270365183,54.65535423331077,7,6.563018024920932,0.6559137364212232,2.052077913028687,3.7433627358476196,12.778740908992152,0
2026-06-09 23:00:00,10.93773295694744,53.60642062669785,0,7.4056549529880895,0.7298593499940768,1.852055166557375,3.6474846219010897,13.260945607996263,0
2026-06-10 00:00:00,8.369837265280275,53.275820348907764,5,9.670195510517894,1.0621125073708675,2.3429944883382134,3.7403065214114517,16.848073378409993,0
2026-06-10 01:00:00,10.22136408000791,64.84157807881525,0,6.77347626618196,1.4354815565186025,1.5239910323520585,3.6021463779929324,12.963209899127795,0
2026-06-10 02:00:00,10.754837299005924,47.996947308492885,7,7.697718661011119,0.9414140364968232,2.5454978776936565,3.8325723082733703,15.049415706113672,0
2026-06-10 03:00:00,13.516628173556118,57.10088657992693,4,7.01206844347415,1.2212013489782774,1.900356813975317,3.7395124604463756,13.789061356239385,0
2026-06-10 04:00:00,10.866690565296807,67.97023104161863,0,6.317373747892733,1.1858874242219284,1.8801224701711592,3.7434664788848626,13.357769856795407,0
2026-06-10 05:00:00,7.30860636212304,63.982152650707846,1,10.360429342808244,1.0306078609967844,0.8,3.4632223492328698,15.863433636042418,0
2026-06-10 06:00:00,11.841805832299618,53.92941293318869,8,8.34710257912413,1.3378070133558022,2.0881991265093767,3.671486568035739,15.720425937911179,0
2026-06-10 07:00:00,17.502871436458772,43.06843458611596,10,3.660570146717203,5.6092791184026884,2.9185938947582395,3.3647465304696214,15.604755122308147,0
2026-06-10 08:00:00,15.224403667508042,43.40932418986224,38,5.865438977632311,6.354474480503318,4.202604734203415,3.9621534409824735,20.170086635888136,0
2026-06-10 09:00:00,13.278936521417698,50.5714874391916,69,9.179692352793383,7.644025950114114,5.9939455264546755,3.7825009780445127,26.340943347917737,0
2026-06-10 10:00:00,16.50646214256542,46.49814898959249,103,7.5223476572884405,8.280667715699163,7.48899295503764,3.9392947004699495,27.098628885190703,0
2026-06-10 11:00:00,14.965031979873833,47.45894456134583,102,6.647780091117104,8.031022260846918,8.164323526300983,3.80289554036033,27.14459013094078,0
2026-06-10 12:00:00,14.481197198049353,50.18122136863552,119,9.326869949379711,8.427137266483776,8.474797422455946,4.0705592518259195,30.237066873980442,0
2026-06-10 13:00:00,16.540093542547293,49.98144728577541,122,8.693068919878222,7.456931200386083,8.212954963006231,4.047762168160515,28.450971125531076,0
2026-06-10 14:00:00,17.407176014739537,52.85588967481712,113,8.090904994317043,7.601956440147251,8.399813393798425,4.325404649950525,28.797728413309105,0
2026-06-10 15:00:00,13.949657105908443,45.11097985379409,107,8.589695546771566,7.717114450612661,8.100169261769784,4.156885308044946,28.62751784941943,0
2026-06-10 16:00:00,14.82909918736333,47.784712832679205,87,7.868281575751183,8.311474674244915,6.868316051145353,3.870802333042656,26.73171179921407,0
2026-06-10 17:00:00,16.244025259596395,49.858948558367814,67,7.344991160755931,6.996420608922745,5.303679750641497,3.618065057183122,23.445695996209633,0
2026-06-10 18:00:00,14.807686668852254,50.721323837821195,34,6.193542834935023,6.772716504868111,3.7966624774314566,3.3934494231634003,20.049252288251456,0
2026-06-10 19:00:00,15.328626886840652,62.522072079350046,18,4.156406010463691,6.356430209889196,3.416996187449878,3.5180620080077203,17.520175730045796,0
2026-06-10 20:00:00,11.686644911608921,55.62849587263646,7,8.096856358963127,1.350643211255923,2.3998974975233067,3.428317517856897,15.403753798535098,0
2026-06-10 21:00:00,14.059707782715265,42.773680291207,2,5.384080668123351,1.1277642817619764,1.2450068584885143,3.6602920128376533,11.293567521499474,0
2026-06-10 22:00:00,9.989190603031146,58.01719521724723,9,9.034244471987039,0.8419885094208572,2.012056329388719,3.6142579461058837,15.549140148429986,0
2026-06-10 23:00:00,14.069355647174532,55.72196560108297,5,4.538408367945531,0.6,1.7711305968833486,3.6225989414073148,10.932149456701733,0
2026-06-11 00:00:00,7.849713081615107,56.36194701932024,2,9.06037701459197,1.5846448687125043,1.5705544646536633,3.46566171372771,15.524604378252675,0
2026-06-11 01:00:00,8.559508426640242,49.29998863356461,0,9.083273931490448,0.8842257748098615,0.8499220639897264,3.6228048592110493,14.76944977524842,0
2026-06-11 02:00:00,11.00712144345789,65.29298708928735,0,7.186153673593633,0.6,2.650759887503008,3.3869390278739577,13.676228389439114,0
2026-06-11 03:00:00,13.246047213838029,46.64616110813393,0,5.010887654117148,1.2532863573510253,1.4056705741457083,3.586755013643708,11.707116801324387,0
2026-06-11 04:00:00,11.302075326455737,58.4880767436538,0,5.175353665180861,1.2465762931741629,1.4382232607056442,3.7245370744441333,11.370818806260674,0
2026-06-11 05:00:00,12.279575808460931,54.99062131803792,3,7.841458134695348,1.4227623090184784,1.0912311952227833,3.5571850827016873,13.814172795983904,0
2026-06-11 06:00:00,12.077403811147981,57.54681043581763,12,7.253536351055231,1.70650049562943,2.849893043112142,3.7145465736102437,15.901540407123832,0
2026-06-11 07:00:00,11.14684704844913,64.88101225866713,21,8.843269554132416,5.956354770752134,2.9141108161998175,3.3874702832144186,21.48926361201541,0
2026-06-11 08:00:00,12.964355886296836,56.64656631812358,39,8.228608865436195,6.295756402666081,3.787088877712696,3.4474372804630544,21.963498091303496,0
2026-06-11 09:00:00,12.643211212194434,50.16560622859298,60,8.884414957822893,6.868453856060885,4.965899391398752,3.8890888103394623,24.337394640157875,0
2026-06-11 10:00:00,13.3737841330831,59.60561555095544,89,8.741135318694147,7.789574064419307,6.9595119765201305,4.113052856489303,27.623876525615735,0
2026-06-11 11:00:00,16.955437975300267,46.49682481826009,111,8.082659514837149,7.1620763521656645,7.68899032019621,4.008264903975581,26.942303254313853,0
2026-06-11 12:00:00,14.919277421999784,52.79189000187177,115,10.157848652336705,8.014872217631941,7.22999452179209,4.381781263338936,29.57054338193252,0
2026-06-11 13:00:00,17.721573281745233,41.95031839059633,123,7.732896239206771,8.440242638568234,7.983808826558987,3.8754902983881814,28.206647294085236,0
2026-06-11 14:00:00,15.084492399527916,45.48694333633355,115,10.437355243793162,8.28179975645635,7.520437835468943,3.9580024287341864,30.00342199018683,0
2026-06-11 15:00:00,17.682182604514004,50.04668306923161,111,6.0697965802083935,8.145996554693067,8.028893028634764,4.0650137547076355,25.98705257137521,0
2026-06-11 16:00:00,15.997919624312281,53.21008053325102,81,5.910679728888919,7.7300501820859395,6.6735085682399164,3.993656227075296,23.902677819218138,0
2026-06-11 17:00:00,18.663711219662794,38.78787284910672,79,6.755460171615515,6.360486052719506,6.804612533441567,3.8284145949212767,24.177047173871475,0
2026-06-11 18:00:00,16.09791320078819,53.91028930741284,38,4.978215994326146,7.1487140413502965,3.154297512229436,3.5931102500856724,18.746716979525097,0
2026-06-11 19:00:00,16.804288654252645,45.480209649720734,23,6.333182116876489,6.429641733750681,3.3441215415136636,3.7850394297853094,19.76960851654598,0
2026-06-11 20:00:00,12.512991660380955,61.293384348741284,0,7.452337933965402,1.5671279450873015,1.5232179635080103,3.6199860983956573,13.905002499590726,0
2026-06-11 21:00:00,12.987168098860042,51.14783735290792,1,7.412499708067609,0.706877933080319,3.1705561350169944,3.5523068466687664,15.184221805267297,0
2026-06-11 22:00:00,10.379742909506108,48.4734592005705,1,8.362298156927459,0.6,2.4775993587930567,3.678822183757194,14.773657140727229,0
2026-06-11 23:00:00,10.619588431485356,55.49013602414149,4,6.883371810802258,1.7972321897519739,2.7858529354605204,3.5955478225167647,14.760971312492225,0
2026-06-12 00:00:00,10.362253829486244,49.730899621412966,5,6.477419498789824,0.8657173578831698,2.436097919110988,3.599038672520521,13.297816423113767,0
2026-06-12 01:00:00,9.224220554217773,63.69550543293542,8,9.76618781390491,1.1352028833784185,2.4118496884138376,3.6055134603272463,16.91336214215231,0
2026-06-12 02:00:00,8.272565061359966,56.79875744917862,10,7.992257699601574,1.464609124161871,2.1688376631832362,3.5168413369751925,15.307204636532887,0
2026-06-12 03:00:00,8.055200079176398,56.04854020205798,4,10.375892504259705,1.4425103311009806,1.7503056351286725,3.4775884777029957,16.87739814729047,0
2026-06-12 04:00:00,6.830259211449539,61.4281117049989,12,10.63414146554275,1.6934457032024999,2.0999527108690588,3.569144652054996,18.382767984266923,0
2026-06-12 05:00:00,9.568257199288853,49.7941224653316,3,8.134408701356385,1.232185158586781,2.242909046127901,3.6168106459506295,15.059116618223376,0
2026-06-12 06:00:00,13.155659545739784,45.39833340872407,8,6.6433556109391745,0.8749917719293369,2.9421812596258845,3.3513089740761437,13.559692380321296,0
2026-06-12 07:00:00,10.215605759116244,57.78840515731264,21,8.822181408071858,6.525321421376478,2.7944364716746257,3.825711705230151,21.69170719077934,0
2026-06-12 08:00:00,11.513111082767029,47.767142439871876,41,8.235467261125459,6.890894619740047,3.7299430355076675,3.7667661886216695,22.429598293098145,0
2026-06-12 09:00:00,17.78931415035243,43.057953464738944,70,6.912747580731043,6.524737788084823,4.982423467685884,3.7202365643118696,21.84800978839065,0
2026-06-12 10:00:00,14.506876636655617,57.14037870983361,93,9.59413223921937,8.070539694578674,7.0251112507770825,4.214489275820305,29.09199865272853,0
2026-06-12 11:00:00,16.859571871130786,53.50570575655554,106,7.695975756200897,6.9375235356039,8.183170366457434,4.030268849344286,26.596728073641778,0
2026-06-12 12:00:00,17.961947983694024,42.00556175751201,119,6.907074660097223,8.404045472807846,8.92069729522392,3.8757276756619183,28.074337881326635,0
2026-06-12 13:00:00,18.345954734037566,45.52571769182381,125,8.619763235523433,7.928061511179762,9.295297433115604,4.3357581370780185,29.921492981322523,0
2026-06-12 14:00:00,14.750985729363945,46.51437136729912,116,7.526379972857858,8.234928318449239,8.366932975847794,4.2672302244678555,28.101856222615435,0
2026-06-12 15:00:00,16.826858857580255,61.037771645058285,89,7.35053594821251,7.680567971854721,6.735584886798457,3.8196828486639576,25.86300578371868,0
2026-06-12 16:00:00,14.119022476461916,57.84679570807721,100,9.542627050219226,7.687007107882994,7.877013517906638,3.951552982285627,29.458894553080363,0
2026-06-12 17:00:00,20.472534015698116,45.12053041219477,67,4.88231853217759,7.263880323783112,4.98547243203133,3.7993619625605035,21.24828355270327,0
2026-06-12 18:00:00,12.877631972571129,56.798944156632615,39,8.315001845858863,6.571742970605093,3.7466197830590904,3.4725796885346005,21.738110327057566,0
2026-06-12 19:00:00,12.963458207177778,45.14028922903169,11,6.485085550783587,6.347882789299543,3.174881636165276,3.6927031258841096,19.367406282835702,0
2026-06-12 20:00:00,12.069898468167091,49.91169924173772,0,6.202898790903793,1.864845116740383,1.3164275146088305,3.726771810812302,13.605538002045101,0
2026-06-12 21:00:00,10.388730453109929,55.83763175581887,0,8.385115008927178,0.6305663532777939,1.7844938402410013,3.6985333219657317,14.43512534440128,0
2026-06-12 22:00:00,14.388329567983778,54.92213731888764,0,4.426221307611209,0.6,2.084098772568476,3.604913070032187,10.371534330877111,0
2026-06-12 23:00:00,15.482207619086676,50.80358953260433,0,5.355674250180831,0.95451400656893,1.8372143498961695,3.7413238590431415,12.159285717025323,0
2026-06-13 00:00:00,10.03569293460993,56.96131136332791,5,6.408421126870835,1.0205909350300901,2.5922378779788744,3.4496981237975044,13.487794324224536,0
2026-06-13 01:00:00,8.25009560903968,57.28244705293899,14,9.573508104141943,1.2198511386107092,3.256555175978853,3.9287422387869526,18.121030921434887,0
2026-06-13 02:00:00,6.57278200285268,57.08894908572659,7,10.10786160331624,0.9017463661253358,2.4008489441256264,3.5121876840052475,16.363172013220495,0
2026-06-13 03:00:00,10.079830137187606,53.66325384396393,9,7.6769419069385805,1.567351959220557,2.920528226590842,3.536848852623986,15.620102227823013,0
2026-06-13 04:00:00,10.306645218066928,52.712426850383096,0,7.973845667832391,0.6165346904414095,1.3820960409912815,3.513717635638798,13.72339488840279,0
2026-06-13 05:00:00,10.293478201721756,56.67151640048021,3,7.711126539507152,1.3117712870025806,1.8941073443763186,3.5147779927715352,14.271692639108966,0
2026-06-13 06:00:00,12.501893282446504,56.08847357336186,5,7.407658398025465,1.4134629662499654,3.157336030967162,3.5910913915291567,15.878298878538228,0
2026-06-13 07:00:00,13.64148303561442,53.95904272720219,0,6.176060630386384,1.2107630674642142,2.674318689527129,3.5652832774416647,13.297236895570247,0
2026-06-13 08:00:00,14.424796889181348,45.10982003310764,0,5.6357731905743,1.2705001465390735,1.2253773522048443,3.6194459976953874,11.722951620384668,0
2026-06-13 09:00:00,14.24400972619931,46.32342559849139,7,5.856963321652564,1.5582435395046121,2.179256916171041,3.505195429098814,13.510889577174582,0
2026-06-13 10:00:00,13.752798240410671,55.0786921553804,9,5.6006438553241775,1.2807478487899144,2.3562335819355265,3.660990653403025,12.61090118637407,0
2026-06-13 11:00:00,17.48234535111125,58.71828079069183,2,3.3287968563749177,1.0147261851960216,2.097436567137832,3.444435905916835,9.953264806735133,0
2026-06-13 12:00:00,16.927917654949056,51.21855452814074,0,4.0203804323062595,1.2702296535187025,2.373319197769127,3.709871207997879,11.520075432720416,0
2026-06-13 13:00:00,18.76650353491756,46.45511187394986,0,3.0613124103142915,1.3101281831641969,2.627621587321998,3.7080105124055573,10.729923654631774,0
2026-06-13 14:00:00,18.71868378478971,50.30702989406437,0,4.089162264346397,1.4113883574265635,1.8168372790177834,3.5991319634340955,10.854007860502326,0
2026-06-13 15:00:00,14.839300225318558,45.04959629593051,2,5.177966020950239,0.6,2.414893608483681,3.510545431797093,11.4843254660941,0
2026-06-13 16:00:00,14.468466511254528,60.002309055777886,4,5.689062709732478,1.107763967760405,2.3116882373977834,3.6626699968976513,12.82032147535831,0
2026-06-13 17:00:00,15.066009862980932,52.82005746981247,0,3.779567132354611,0.7271210994015918,1.7904911498949307,3.4668529256108993,9.738368100759324,0
2026-06-13 18:00:00,13.82990415659278,48.61082860329213,3,6.47823980682449,1.350337689314209,1.2008288215358771,3.6171810347004696,12.287513628045668,0
2026-06-13 19:00:00,16.06535002770511,49.95021468266392,5,4.032158108991561,1.444348209968217,2.5333131290175723,3.597227707616836,11.882009018886011,0
2026-06-13 20:00:00,14.472781799866377,48.983196257718525,4,4.5516636902401295,1.0759555615950214,2.292337170498407,4.010486265049639,11.702930024728442,0
2026-06-13 21:00:00,14.838301482263121,59.74129374920366,0,6.350733947577447,0.8447562063145484,1.975315153551005,3.4159421226022855,12.234168533668774,0
2026-06-13 22:00:00,12.799582940285477,52.186872258103534,0,6.774339112580497,1.3089372372241335,1.3584303427434248,3.1999035064908408,12.492689735034114,0
2026-06-13 23:00:00,11.755385905718729,55.11565504740451,4,7.743552749796557,1.1253651890524645,2.9016117729726902,3.520362933534139,15.06771276975799,0
2026-06-14 00:00:00,12.915938223642787,56.75540507217566,11,6.8973527766130385,1.7972633317431561,2.473612347101988,3.3866702571284617,14.490338479847937,0
2026-06-14 01:00:00,11.325282595841074,50.06143843053194,0,6.996815457689208,1.7205335689523211,1.286380991032705,3.49099577085766,13.1841130049443,0
2026-06-14 02:00:00,10.523258148147352,56.26981318570043,5,7.487827067629524,1.5402488670222114,1.4889558290880198,3.425359379354125,14.054383994161396,0
2026-06-14 03:00:00,13.043516275973657,54.863976209385015,7,6.943048708300616,1.3074300921168363,2.4898625802087553,3.492324900619859,14.577928974869101,0
2026-06-14 04:00:00,11.07220509841744,45.37137325006319,1,8.15913627670852,1.7569512101639262,2.1732623828831255,3.4442635511483886,15.560079652150225,0
2026-06-14 05:00:00,10.915233747789848,56.32975362182327,9,7.569617427941211,1.34625210170293,2.0866454295090078,3.780442722464594,14.421886286634914,0
2026-06-14 06:00:00,10.733186970381226,54.67553738255524,9,9.38778584893953,1.094282138354538,2.5031813225986324,3.6287205783982417,16.385664969433247,0
2026-06-14 07:00:00,14.196763132821607,53.13222540307977,10,5.598022543194819,1.0436308472473754,2.6504228541419543,3.801317920471284,13.148714188931386,0
2026-06-14 08:00:00,16.010472431435428,51.205923957366835,5,3.413719233855474,0.9437744531421091,2.1379663494486145,3.6260722226255595,9.629793839830084,0
2026-06-14 09:00:00,14.727354585725223,53.50950329840657,16,4.28091614748419,1.3857705884327296,2.3643964955750327,3.803288488444633,11.526176187848545,0
2026-06-14 10:00:00,17.880943070728957,57.613352051010224,0,1.9188327246737436,1.2620803856567941,2.2326101771252826,3.554678234484409,8.55632556466079,0
2026-06-14 11:00:00,13.03333469010447,46.14795450991099,15,6.274616445681413,0.8746950711799288,3.0019340897210363,3.899182804581349,14.079285726074712,0
2026-06-14 12:00:00,16.84430468637531,48.313857472216,7,3.9296888650120936,1.0688759253513176,2.440456018022212,3.6986452268174097,11.678210854770494,0
2026-06-14 13:00:00,17.22006555173743,54.08466260997394,10,4.548441690136204,1.3544978548815887,1.9748206554499113,3.5230268318550184,11.085540071104026,0
2026-06-14 14:00:00,16.17159607721074,53.75685814845941,0,4.237587847014754,1.3252691942063088,1.2010353779230654,3.6928724402863002,10.660847286395002,0
2026-06-14 15:00:00,21.340790666884153,49.75084031988939,7,4.119696827707348,1.2169270367720626,2.2194357596825975,3.632064759386276,11.047155291575496,0
2026-06-14 16:00:00,16.826047947977873,66.90192733305662,11,4.301806456271096,1.3835778468399194,2.823307006976506,3.613623847680633,11.792271948672699,0
2026-06-14 17:00:00,15.689217932728612,54.91789969515378,0,4.551070739918898,0.6665171575533089,2.2681677964328544,3.614403192577218,11.491191095217077,0
2026-06-14 18:00:00,15.70162210314019,58.009410200175004,1,4.106047280971932,0.7988746418128663,2.1179718253449744,3.716687460117299,11.279542295968005,0
2026-06-14 19:00:00,11.408569812668144,52.60114028738384,0,8.161100276970727,1.0786983569505744,1.5972956198489454,3.2823731124503355,14.222432996793794,0
2026-06-14 20:00:00,12.615711037216876,47.58074247870365,1,5.132700161151816,1.2966928903164983,1.4931066700026188,3.551358932840912,11.564486313933463,0
2026-06-14 21:00:00,14.673127800501595,50.109249574222,0,5.370634108280181,1.1809561522636514,1.7924099265014777,3.7024006071896345,12.061968443026537,0
2026-06-14 22:00:00,11.088279406917517,58.95555147287229,1,7.098477574588454,0.8209114647032822,1.8516772039187384,3.641234089753458,13.37523872549794,0
2026-06-14 23:00:00,10.023524999389855,57.92332337943267,20,9.151759178357484,1.3772033022581318,3.398282881939407,3.511042851589807,17.52330789588534,0
2026-06-15 00:00:00,13.129808607183808,55.57215176820542,12,6.428047486908712,1.8451434200068828,2.244128521655494,3.292835644423668,13.979184677423511,0
2026-06-15 01:00:00,12.832396027961236,52.089636658246306,0,6.2041252682752015,1.2904903814087967,1.6215078255190534,3.8551390000193733,13.387097633634806,0
2026-06-15 02:00:00,11.313587741028806,52.27199348135054,5,7.039807412355524,1.1331134348252583,2.999745995122745,3.591937692593556,14.633921211934483,0
2026-06-15 03:00:00,9.780264078477392,54.585658475382296,7,9.32705195778871,0.8669571333981236,2.883050006374096,3.8551074263123564,16.964013161651764,0
2026-06-15 04:00:00,10.49651421441158,59.474467040182596,0,7.553946463689516,0.8503201090009731,1.4027488014761595,3.719244412473407,13.504146747665711,0
2026-06-15 05:00:00,10.09277526952452,60.474783116879124,3,9.466911312966557,1.1563066267819258,2.6259383545261628,3.492957966516471,16.998129762010834,0
2026-06-15 06:00:00,10.493589636006169,49.09235787496801,4,7.911515676418451,1.2685814845100025,1.5151532140439894,3.240784931637451,14.536055496196798,0
2026-06-15 07:00:00,11.253329250371706,59.134058418809914,10,7.480476907422272,6.277947205785546,2.154673577885683,3.5706775863708327,19.74841639003724,0
2026-06-15 08:00:00,12.884011446820011,49.43266403034761,38,7.381011792960843,6.719794954536086,3.7458904259810684,3.7464136450246674,21.79267179614239,0
2026-06-15 09:00:00,13.08154491204962,56.00237122700911,70,8.954101470759364,7.030417273205961,5.615083769763411,3.94759900323664,25.77417011866602,0
2026-06-15 10:00:00,13.026405236831511,52.078401617601436,91,8.79897026431196,7.359113285212597,7.083890351738932,3.7973682090031184,27.356197784006262,0
2026-06-15 11:00:00,16.78256221108942,59.80780963711684,102,7.592707836799367,8.452446108801384,7.457912993228666,4.034700987457903,28.141379746056835,0
2026-06-15 12:00:00,17.364605339119244,47.468098221773694,112,7.495038514597094,7.721236437325241,8.236627309473416,4.074646286136973,27.106202235428594,0
2026-06-15 13:00:00,20.206792019694742,48.91657703059765,119,7.625198159412152,7.589903706645735,8.164171611847888,4.223892974939245,27.75306518785582,0
2026-06-15 14:00:00,16.29852871215187,54.415662411242664,122,8.73687760796132,7.522448882681648,8.678400180773112,4.041978947960353,28.334403208186295,0
2026-06-15 15:00:00,17.818815332726164,44.392135399718086,106,7.336683011165956,7.684383889504601,7.665535077315205,4.090413909442684,27.014854263182563,0
2026-06-15 16:00:00,17.497404236367565,49.43980449016266,100,7.067429339845447,8.02899433723339,6.675251466503905,4.043265542371515,25.952700174542244,0
2026-06-15 17:00:00,15.978053818594374,49.4169503283154,65,7.902883579094763,6.868418308730583,5.59235459391098,3.991338000967642,24.21828773999044,0
2026-06-15 18:00:00,16.950071039229314,47.20456582014218,46,5.757013850192985,7.245130089680142,4.373224915818828,3.661013435947317,20.368874627511502,0
2026-06-15 19:00:00,16.158460213859904,48.242816830705635,16,6.912882106648718,6.185451459201506,2.358740688461647,3.2033716017867104,18.65684716337349,0
2026-06-15 20:00:00,14.491302800190683,58.803610488677755,6,5.484925502742102,1.59634532336136,1.9388210422067598,3.5884705484215584,12.664272979922703,0
2026-06-15 21:00:00,12.594249781914788,49.96300825500191,0,7.102465760453562,0.8347976036153525,1.6198556648515932,3.5653550686324853,13.1066971369151,0
2026-06-15 22:00:00,11.576902753812155,57.71577023067052,14,6.834557036089206,1.092224145228073,2.459786686508827,3.482372170417681,13.713583044731097,0
2026-06-15 23:00:00,9.13464857624695,58.036583580001654,0,9.46253523002581,1.1318659961654907,2.591531154284432,3.373790893554328,16.335526146544794,0
2026-06-16 00:00:00,9.556050432834876,47.45108148072279,12,7.9540635995361955,1.4848941332207137,3.4006144975420765,3.5617948567262365,16.38842073375448,0
2026-06-16 01:00:00,9.519046387085881,58.97573184024424,3,8.588655509855064,1.0913649651019164,0.8,3.594768414313263,13.874319747812741,0
2026-06-16 02:00:00,8.54644757360045,48.109085061253495,5,8.64651864606044,1.292362907738275,2.294678478570743,3.634314183097678,16.070199292766926,0
2026-06-16 03:00:00,11.324329921087779,58.27530352817512,10,7.783494883462593,1.4859700837075813,2.7797281158291356,3.2972041695554957,15.326721568236582,0
2026-06-16 04:00:00,12.96037803376287,50.23656661589276,7,6.180143750920344,0.7288230120793215,2.0877654498943903,3.36496900272922,11.930534733266851,0
2026-06-16 05:00:00,9.938619700618018,55.5962387440752,0,7.244198258504577,0.980671892783801,2.2176405381518123,3.7694333280895864,14.256118884193656,0
2026-06-16 06:00:00,12.689050010496372,45.71753279436969,6,6.273077162073877,1.0264611148290854,2.8743754599207367,3.5955587784706204,13.87302038125116,0
2026-06-16 07:00:00,11.293343974671158,55.26428596062553,29,9.338124594004045,6.257457244832697,2.777671104417162,3.7156349547389715,22.493384866627988,0
2026-06-16 08:00:00,13.438831879133913,58.48257859847328,39,7.584298524906449,6.744407204981423,4.005192848801247,3.55601150555019,22.12194485036222,0
2026-06-16 09:00:00,13.689505942987092,47.89107797462396,82,7.5390065291641815,7.199323697546208,7.190536229700875,3.9273394498500966,25.63153318402392,0
2026-06-16 10:00:00,16.73042217236144,46.80918085386485,92,8.032661301022413,6.854222827325858,6.303005614550797,3.911649352851165,25.457995711078496,0
2026-06-16 11:00:00,15.2781334083517,54.26912608514116,104,7.705471278894192,7.689218471857987,7.468145446495304,3.9232201773330555,26.439547330634234,0
2026-06-16 12:00:00,18.708111186277325,51.84662655217364,111,7.679687430446522,7.52545788905959,7.703221225757658,3.824724874449681,26.740133154775947,0
2026-06-16 13:00:00,16.920214646516488,35.70476322466159,119,8.433807623097161,8.215716193413892,8.818351733035852,3.9457269303002387,29.60211950464427,0
2026-06-16 14:00:00,16.352873263419276,62.82778323513218,105,8.323381880217905,8.071993947148803,8.111060676238331,4.315802620203342,29.18691298891796,0
2026-06-16 15:00:00,15.207321015755449,54.7658301394734,104,9.942305143796386,7.0108098989918215,7.593047311164597,3.9635794125445467,28.981967020704126,0
2026-06-16 16:00:00,17.418736150478118,54.11745986185918,89,5.98922029280108,7.231018775485888,6.709494183609582,4.074442942859596,24.32285714425952,0
2026-06-16 17:00:00,17.95394458766791,48.67329887927696,63,5.9203479598620765,7.1576805581967236,4.491383469515411,3.8225403301819005,21.35779866571173,0
2026-06-16 18:00:00,16.171845705843175,39.73899466930415,49,6.9830003805568674,6.288893702679453,5.135351134515071,3.7491825959277403,22.301345786721473,0
2026-06-16 19:00:00,18.669080060493833,53.04652232213106,17,3.280326638700103,6.479931307013074,2.576075158089398,3.5725996048403372,15.96503371086929,0
2026-06-16 20:00:00,16.3878382389302,47.317993151417035,0,3.538450957008488,1.4672607872017778,1.7359537236946423,3.8018447991404964,10.366151546095006,0
2026-06-16 21:00:00,12.528535711852738,56.86718838121049,0,6.143699256107465,1.0432945281373676,2.237219911178803,3.6559607844346664,13.051268171699187,0
2026-06-16 22:00:00,11.66655293225847,52.93727887922977,4,7.273185727947741,0.9011309401685514,2.1089198539670293,3.497558634217054,14.23025027283552,0
2026-06-16 23:00:00,12.280810258702672,55.21762858067126,2,5.458749030783689,0.6,2.361728877685172,3.5488834975358428,12.130901803572861,0
2026-06-17 00:00:00,9.51924521851983,51.210587797654654,0,8.55995936594515,1.3849088531663853,2.071534561184464,3.7613860516918556,16.292630728872414,0
2026-06-17 01:00:00,12.576916467582516,58.753646305386695,3,5.3236790554055595,1.8548879425367244,2.056704177376082,3.1862192381315086,12.150865769135214,0
2026-06-17 02:00:00,11.089687625623121,47.55246004403663,2,8.312645837784547,1.7644779194173037,2.049699227811605,3.65457533303232,15.686008930773975,0
2026-06-17 03:00:00,11.030206494936794,68.20076168083254,0,7.653493695408758,1.0317592688783233,1.2947522640406153,3.6806402213234133,13.764460073628948,0
2026-06-17 04:00:00,12.111699060453882,67.34391751458166,0,8.14572644264523,0.7175634637987358,1.7329589417252893,3.487538036163856,14.269376349200108,0
2026-06-17 05:00:00,14.428903806063511,61.97451965825143,5,5.981262800970602,1.4831684792148465,2.5628211724686554,3.643189146060119,13.641245577283629,0
2026-06-17 06:00:00,12.515590837207787,61.26618078674122,5,6.312148953522689,1.145595928346791,1.6706119764236045,3.695346479744679,13.023828551399966,0
2026-06-17 07:00:00,12.876931450148852,52.83501126298651,17,6.127438050739535,6.373346103275197,2.4131257645858457,3.483328025816126,18.59547746068706,0
2026-06-17 08:00:00,16.539790098137413,57.59443766088019,48,5.91803458954259,6.869963096153931,4.044169070679419,3.918290280463692,20.403476310487083,0
2026-06-17 09:00:00,16.52566910353278,50.028689182693654,63,6.235911449168687,7.066551212462933,5.3340212686077235,3.8966010180062214,22.721445341993032,0
2026-06-17 10:00:00,15.179301009836701,42.29441898915063,84,8.724916642196535,7.771979831218886,7.051137983746979,3.9130539489125837,27.729404500585503,0
2026-06-17 11:00:00,16.45865743536228,59.675215407662414,105,7.026083634405998,8.162983824160717,7.821221997470129,4.035739258278332,27.12006748014256,0
2026-06-17 12:00:00,17.33820320883052,56.76929437091214,126,9.61056373924708,7.985059310350953,7.750366839063128,4.2100788604322,29.09607842250308,0
2026-06-17 13:00:00,17.970789136329238,49.33387350182046,121,8.471763854301038,7.754910635014751,8.7468812500634,4.431417469259574,29.335764135947073,0
2026-06-17 14:00:00,15.168746991892537,44.272334212093696,115,8.704307840496613,7.095309456157435,7.9260594754359985,4.151491960400794,27.986653791068385,0
2026-06-17 15:00:00,14.733483297238116,48.43268346759757,116,10.592836405711989,7.866843523965072,8.40922205861422,4.185587373321745,30.838063204129586,0
2026-06-17 16:00:00,15.497492614330392,40.45000702992715,88,7.104951807642554,7.101336194521033,6.572724921099243,3.981029024599481,24.989618910638427,0
2026-06-17 17:00:00,14.809785119522664,57.563146276065865,82,8.084796462609038,7.522718921648981,5.9227945496925685,4.2132476943748705,25.9259551871122,0
2026-06-17 18:00:00,14.630465914735774,42.40729676276309,41,5.568152928197527,6.520446572804099,4.022837783760968,3.544100977493869,19.689159931477363,0
2026-06-17 19:00:00,15.959841487900858,52.751104104954415,12,6.280547342058631,6.036399972395947,2.261338454831304,3.387389729029775,17.970035532059367,0
2026-06-17 20:00:00,13.687787172736973,47.671999533769146,1,4.418173989347773,1.4021881335131585,1.9934717266999278,3.6269549094478886,11.489010352594587,0
2026-06-17 21:00:00,13.402970909147525,44.3875511481425,1,4.748923515684709,1.2570391380118107,1.4562977288595285,3.7030213277285453,11.16426683460696,0
2026-06-17 22:00:00,10.143650941417185,56.82239235360854,0,7.24891196832907,1.0591584790221702,1.2938535654878944,3.213807659773208,12.494359802428681,0
2026-06-17 23:00:00,10.715301259370506,52.96072774359993,18,9.112984209306036,2.0142489865773405,3.1194368313645637,3.671484655822136,17.81062795455052,0
2026-06-18 00:00:00,11.95524929155563,59.06269766388549,4,7.609831319760843,1.4303521207165621,2.518977775614893,3.588926536204254,15.166206644178867,0
2026-06-18 01:00:00,11.61867896672376,46.68035916258494,5,7.173806701883504,1.0444487011895505,2.3360260068124186,3.7316237282764986,14.640555845525205,0
2026-06-18 02:00:00,9.256224671915492,51.51394362322044,0,9.08653065922285,0.9700613569167547,1.508052224397188,3.664310331198079,15.401965558611913,0
2026-06-18 03:00:00,10.882085844668437,40.51258236555333,0,7.236059230323388,1.3759328927264125,1.4669685292425858,3.3287667217699495,13.77580686686728,0
2026-06-18 04:00:00,14.694952617509365,38.87270544290044,8,5.734870505258965,1.3149959944328202,1.932879845070016,3.469991413766639,12.101498984826824,0
2026-06-18 05:00:00,11.483209965947434,65.1767469854105,0,8.301119080275381,0.707594101383108,2.2006777183876935,3.4789815491944514,14.59932813336049,0
2026-06-18 06:00:00,11.059582371392779,67.20690268605343,0,7.028147126028818,1.4131494939223246,1.4287280138363185,3.7108417703903083,14.09933093481916,0
2026-06-18 07:00:00,12.78673746006044,53.96630413629838,17,6.20559417654758,6.6460312700689075,3.132818229333244,3.7241969348022814,19.52289856119329,0
2026-06-18 08:00:00,14.144701262630551,47.44850145758801,53,7.667370639135872,7.267486103802046,5.001606420855861,3.718891297696761,23.464622535261583,0
2026-06-18 09:00:00,14.636880590519825,50.23164600416949,67,8.087828703491743,7.645962150530062,6.041977141690189,3.8896820853952443,25.597511414127734,0
2026-06-18 10:00:00,15.684697188684883,56.47792232340453,93,7.886233820278992,8.298219345344947,7.393418885544638,3.8132990140850094,27.89569900115309,0
2026-06-18 11:00:00,14.009014359195225,49.4069051116713,107,10.062476722631597,8.431485662363016,7.929195012026562,4.335445805092103,30.590722155814515,0
2026-06-18 12:00:00,15.382617285434353,52.88884023817437,124,8.897074665461266,8.251231623615903,7.959093467484948,4.182153610098556,29.428924486512518,0
2026-06-18 13:00:00,17.11487066882513,50.087310695493656,110,7.665411819748219,7.807050243648159,8.124557769135608,4.157926546466414,27.85295489156732,0
2026-06-18 14:00:00,17.20704463079679,46.68184050640525,121,8.19457402018875,7.437639406049251,8.506963026414562,4.29052165515781,27.947575902175167,0
2026-06-18 15:00:00,16.406218804584675,47.53817942061027,105,8.029281923770844,7.7938037459040155,7.407035817551883,4.172436478982711,27.398638641658213,0
2026-06-18 16:00:00,16.71816599675053,52.221300732550155,96,8.594081025315774,7.8096976206191835,7.693000911480529,3.9887289466982327,27.947277205851844,0
2026-06-18 17:00:00,16.566599168192003,44.71372180553135,64,6.567017482448905,7.067243516899574,5.251898948720623,3.828255255214769,22.883908206607884,0
2026-06-18 18:00:00,17.25000305592663,52.77287378179612,45,4.966876519625474,6.049122650464654,4.036747987372617,3.9732426622767996,19.460757379413042,0
2026-06-18 19:00:00,14.725206887809472,49.1266210762478,17,6.116765366263315,6.105682527938525,3.2408252755671354,3.6719802923430485,19.049116377813274,0
2026-06-18 20:00:00,14.666475628841967,52.76434710625791,0,5.94052480748776,1.3258662170998388,1.617708289374988,3.4876473323234483,12.285598974620976,0
2026-06-18 21:00:00,12.161413009538448,62.18271563985752,0,7.205768807682737,0.740929737762631,1.5392280507197884,3.894994871385319,14.010378526696053,0
2026-06-18 22:00:00,13.210562909952356,52.08292554617402,0,6.552919569158016,1.1579919358330204,1.2927806539947806,3.4596108173270532,12.28541759802692,0
2026-06-18 23:00:00,12.151867951623027,59.40492507743468,3,5.498476473247417,1.305069450307738,1.5959207903644463,3.351794238741996,11.41551054007799,0
2026-06-19 00:00:00,12.437096023838413,42.91998084681822,0,4.432474212701459,1.4912886743590106,1.469524796737801,3.7489164538405224,11.486597115061263,0
2026-06-19 01:00:00,11.828438425822144,51.30649309878982,0,7.799717343919656,1.6994118874779083,2.0794713850419537,3.4903130414035983,15.056255273063051,0
2026-06-19 02:00:00,11.497146590576202,54.54327178352428,0,7.322740934430708,0.9677608780862669,1.3414174625916107,3.665264502624501,13.368013637485976,0
2026-06-19 03:00:00,10.448246044948288,66.70379954152753,0,7.562755360637777,1.1643150836267457,0.9639725058441778,3.872581625428326,14.121501099134827,0
2026-06-19 04:00:00,11.381603804408314,42.70408464713442,8,7.874120215667301,1.3192742103951323,2.3764534102526698,3.4257730317192694,14.644876103742611,0
2026-06-19 05:00:00,13.329387475892933,52.425700221723645,6,7.66080321251483,1.4352812007859288,1.8447219185260681,3.6178626939463108,14.509803408893381,0
2026-06-19 06:00:00,11.137769263693503,63.38680615772745,1,8.345918759734896,1.3060910799744712,1.8476798869556967,3.826511383454779,15.017133899396661,0
2026-06-19 07:00:00,12.02213615003476,49.27327545587269,19,8.101937491221406,6.74075194610492,3.422087189094804,3.7782829635097124,22.126855454388583,0
2026-06-19 08:00:00,14.30472940819387,50.994420081300575,39,5.9988764369814405,5.786046144422707,3.9771951357713995,3.7290268689831034,19.352893670770754,0
2026-06-19 09:00:00,15.608138162988348,53.28433028809198,79,6.746847223090858,7.468307377378047,6.824329501940278,4.274406931548641,25.020656636979222,0
2026-06-19 10:00:00,14.345314982929446,53.348065085139595,103,7.015593564806757,7.924593853158482,7.434333908035597,3.9977023836496963,26.555293073480012,0
2026-06-19 11:00:00,16.344073408028546,60.13656779670508,107,8.41224820245138,7.743669768614512,8.138130416610428,4.087531179279281,28.384161846051242,0
2026-06-19 12:00:00,16.867587028734853,53.04015258888825,132,9.363701281302717,7.483596590126545,8.813657745560784,4.3754031743865225,29.7234508392501,0
2026-06-19 13:00:00,13.611060227164094,60.75834220271224,116,10.757727505198035,7.966651361229228,8.228460792673506,4.2111295357079905,30.866378445581905,0
2026-06-19 14:00:00,17.122986249938364,47.997710168686766,109,8.064012352057171,7.613303733058509,7.375164398820795,4.2342579400333715,27.338690473553786,0
2026-06-19 15:00:00,17.1095961078476,45.72465045161252,102,7.16318077086654,8.323284393473305,7.043610401736873,3.8730690754775603,25.985451183676453,0
2026-06-19 16:00:00,16.754886942124656,49.079495635288694,89,6.5857436040395845,7.633351979439756,6.593900106669881,4.1402262173281414,25.010092974570348,0
2026-06-19 17:00:00,18.878224032612525,41.886713415334995,83,5.444708163127388,7.115580310377009,5.76715967544637,3.9574388136460956,22.619776175272932,0
2026-06-19 18:00:00,13.679438924213166,55.6414909841007,43,7.080185544624205,5.9555742483217,4.23671198728249,3.6601331628334837,21.09937001679194,0
2026-06-19 19:00:00,13.500304318489235,50.5595030846016,13,5.482562492159085,6.340716188776431,2.3787580080124537,3.6852916365159447,17.731497050970766,0
2026-06-19 20:00:00,9.555563174535386,51.80259421923361,0,9.502536610776346,1.3436522178102763,1.9055609690026265,3.628536943223535,16.44887180870968,0
2026-06-19 21:00:00,12.272871041323391,56.78729717673347,9,5.794837553579953,1.1864781020962607,1.70406405696352,3.916213275378481,12.288698940720682,0
2026-06-19 22:00:00,11.573701989664054,47.45742883990623,8,7.04961022448347,1.4552864187544627,2.5557795397929914,3.68919435584423,14.783941502384033,0
2026-06-19 23:00:00,10.654461097757103,59.63216745981694,0,5.911437832556182,0.9781053150378399,2.5639261494621266,3.482879280842383,12.854636196814912,0
2026-06-20 00:00:00,12.851814399655899,50.49111486930992,0,6.42319153723803,1.4735253463088567,2.4689398946651693,3.4482858582199207,13.554104784090239,0
2026-06-20 01:00:00,12.08216123174014,60.89295774076,0,6.630439517785016,1.4474396925196857,2.6567579382907014,3.5928903823813076,14.483456706633664,0
2026-06-20 02:00:00,10.632208267033459,52.6694183303475,12,7.607886922208962,0.7423761200089772,2.4790939475624127,3.446045140386065,13.781033647426819,0
2026-06-20 03:00:00,9.989069252749536,59.29965605978539,6,7.3101132205812265,0.7196828546206111,1.9714524659985302,3.5166966117771596,13.22149195969685,0
2026-06-20 04:00:00,12.713285358315176,54.54241022390105,2,6.338263960647291,1.846948603065235,2.1294125929415166,3.5713712973003373,13.61960116490766,0
2026-06-20 05:00:00,11.491389739905177,58.844868937358044,13,6.994425238843608,1.6602687225094814,2.4078011038768317,3.5887171969128437,14.525010373021686,0
2026-06-20 06:00:00,10.858792769617663,55.51558677567252,14,7.722405882128419,0.9101666482400037,1.7868032829012617,3.765036140355489,14.509246320658532,0
2026-06-20 07:00:00,10.176362426196482,45.38734370629318,2,9.373653794340434,0.6,2.2786847811751914,3.4973258573891672,15.938229400322959,0
2026-06-20 08:00:00,13.24961719615638,59.11554833833551,2,6.1629637989433546,1.2087202229635425,1.80451915419096,3.2375028133044577,12.440034005120069,0
2026-06-20 09:00:00,16.1886126428313,50.332442983129084,0,4.676898433537073,0.7001896128443537,1.1396912509148174,3.3471340636002704,9.878454381224316,0
2026-06-20 10:00:00,19.619967608002295,53.02212075812715,0,2.8284281794556043,0.989152414226303,1.5712729806349808,3.5973272796748215,8.983241619593596,0
2026-06-20 11:00:00,16.579463158454068,54.70688149237259,0,3.3963629603568304,1.0834522836397351,1.7047529313748377,3.5119795094989867,10.039503922360003,0
2026-06-20 12:00:00,15.72983637332006,46.562843833941905,0,4.498328732715446,1.0683465638973497,1.8053246332067554,3.4144992402062857,10.332577046377168,0
2026-06-20 13:00:00,15.366151373707618,45.9866140386675,0,6.730773007131361,1.4942883986238726,1.8107302487748862,3.893767699363404,14.122448863465443,0
2026-06-20 14:00:00,18.43817515949856,53.1034992390701,9,3.285057844084832,1.904164683693926,2.911058885292535,3.7603125182079533,11.73354539005828,0
2026-06-20 15:00:00,14.380744938737525,50.394947119483774,0,5.588318178224093,0.9323787515087445,1.2201567798904196,3.591235925978512,11.457837215175871,0
2026-06-20 16:00:00,17.966527421412888,55.14368011073932,14,3.046695283508093,0.956269292668866,2.501535122194951,3.6909945863748805,10.322438275492809,0
2026-06-20 17:00:00,17.86483530057891,48.53216786738768,0,1.074177894942832,1.2360961542442517,1.404466270840319,3.5602288483489524,7.458280403871218,0
2026-06-20 18:00:00,16.49152690627491,56.771813484983554,12,3.8630493288152277,1.887018040054952,3.0252757130595094,3.459927713295713,12.631182669752757,0
2026-06-20 19:00:00,14.532293651342318,54.64060666674787,0,7.115837304104465,0.9588746952811247,1.547345652117468,3.7546080429586226,13.033906834190034,0
2026-06-20 20:00:00,14.960250946808626,53.50766175217842,0,5.43936668663081,1.3976256122049746,1.6452765731185222,3.72769951216634,12.461329559522829,0
2026-06-20 21:00:00,13.384580408838328,50.71749750092961,10,7.53968272371653,0.9870025426130584,2.8223629144126203,3.3433999325391985,14.676484395724222,0
2026-06-20 22:00:00,10.927041304616038,56.19928470590707,10,7.374138255377117,1.2874449788350428,2.9461486700997424,3.6739648753173633,15.166482789635138,0
2026-06-20 23:00:00,14.67067904966367,59.15410700246851,0,3.2455412681897426,0.6933202011949453,2.4626805920462016,3.6505248338366343,10.56050742552695,0
2026-06-21 00:00:00,10.369722679892392,54.89741523810079,0,6.7385936428924555,1.1037912211677365,1.060599106953719,3.5517403156716085,12.6302020965482,0
2026-06-21 01:00:00,11.936705057228915,57.234517869181445,0,7.034330875642564,1.0592407574495402,2.01731134620962,3.9145898007947153,13.921171639780967,0
2026-06-21 02:00:00,6.387022257893092,58.48789376407842,1,10.160618179171166,1.330843014706727,1.9765526251022625,3.9023116999389167,17.60965360053065,0
2026-06-21 03:00:00,12.787926647191647,54.1566792710788,3,6.319663507366261,1.7763215630413334,1.9419482345039785,3.5553738052128696,13.581792491366421,0
2026-06-21 04:00:00,13.464475991143061,63.24210754827249,0,5.4064047151879695,0.9638866026817299,1.82995564999456,3.5665771184258857,11.658602873642403,0
2026-06-21 05:00:00,11.574510242438176,61.529497504408674,0,7.678556608828453,0.6,2.3785982725312653,3.5489594352886207,14.05459253919401,0
2026-06-21 06:00:00,13.198577297529996,53.577489918026814,0,5.583747828231833,1.0292636387871483,2.2673651521700777,3.508300144042906,12.464817557179538,0
2026-06-21 07:00:00,14.04227568934984,53.75501776060382,6,5.951733596307253,1.3127611682209503,2.533610951995201,3.485885923115933,13.130523643277016,0
2026-06-21 08:00:00,12.905934470086574,49.10932612612926,1,6.345820539375869,1.1886650308898583,1.948111389317106,3.680028566753789,13.201482749182485,0
2026-06-21 09:00:00,15.834641115581508,50.086189885724146,0,4.161106198272956,1.0449020164001606,2.8217658502873766,3.8942162155088345,12.143744249832835,0
2026-06-21 10:00:00,14.373994739692462,54.07589067052235,0,4.598046210146721,1.620700229278723,1.6197197202054106,3.8325122834842973,11.698606222557837,0
2026-06-21 11:00:00,15.438653502431666,56.52469141059101,0,4.343716899211264,1.1476750889537353,1.07281736238401,3.7183765492360457,10.776711164573214,0
2026-06-21 12:00:00,18.94555879518225,53.286156285078825,10,5.048897426158198,1.2433213072081866,2.230640193315881,3.278933212304704,11.805093696847292,0
2026-06-21 13:00:00,19.036325004677888,42.06720191106452,0,4.089958290612943,0.8278028556091601,1.8259819851850507,3.320317577491156,10.401320354237651,0
2026-06-21 14:00:00,16.29782818487896,56.63852524541257,6,9.447136031182868,0.6,2.7164328439730347,3.783624495974286,16.791267225501663,1
2026-06-21 15:00:00,16.132327146535776,50.36811256383285,2,6.748135986613628,1.2512311777112781,1.6800598714177388,3.850906017189323,13.911658363485259,1
2026-06-21 16:00:00,15.932241227543301,45.1288709452773,3,3.354148669651374,1.2398962649535747,2.1860535333130833,3.6950601936034166,10.968184681222723,0
2026-06-21 17:00:00,17.719027535620057,57.72903777287649,0,4.240159401947263,0.7292343127751395,1.1352400765294175,3.5541629527424616,9.218462493507632,0
2026-06-21 18:00:00,14.04869241109813,61.24315467210412,0,6.21557220992304,1.084469674156864,2.2866380563188136,3.802845151409399,13.455816165687285,0
2026-06-21 19:00:00,15.510944682695749,52.94927338202215,2,4.823451265382508,1.0856519982655104,1.9407437365051605,3.7210390657818366,11.542918901035446,0
2026-06-21 20:00:00,15.268306116554108,55.80153202401583,0,4.487950542331848,0.8814248164567886,1.6737497678216096,3.7706167921100042,10.841600184461798,0
2026-06-21 21:00:00,12.942782615118713,57.89760829112756,4,5.102030359843121,0.8943412503977684,2.9792435908404817,3.337514633910766,12.213779848448855,0
2026-06-21 22:00:00,13.965774823146184,60.90030179951387,5,6.408770958078015,1.3317785848866996,2.556458185824548,3.6715009868047574,13.83264456963106,0
2026-06-21 23:00:00,11.006465516190245,59.11356201544766,15,8.730158092582386,1.2909659044573774,2.1570711546557146,3.926185672070004,15.829483873240168,0
2026-06-22 00:00:00,10.598097056062528,47.085297543321694,4,7.089829764690777,0.9651522430002846,1.9707737014047888,3.695117264569955,13.74521879373004,0
2026-06-22 01:00:00,8.950681506061821,68.3458353642804,0,7.838525045892445,0.7984147909920842,3.0313437930019433,3.742236709743399,15.644024198811197,0
2026-06-22 02:00:00,12.221941981952066,60.227484850416204,9,7.859123190474845,1.2165052269831125,3.1854675539435533,3.6414559365757997,15.7791280589024,0
2026-06-22 03:00:00,9.308915339121898,52.961168264021985,1,7.762337532994513,1.4415692491044194,2.270333408627889,3.619911268343974,15.012024580531104,0
2026-06-22 04:00:00,11.556263667867782,48.1550518149547,14,8.850615238921792,1.4243240259747194,1.7388283383707548,3.866379131356073,15.705628552812815,0
2026-06-22 05:00:00,11.396629442730712,57.481408500376475,11,7.327713516923619,1.2150072923088773,3.0044676223910267,3.543531747723964,14.842132531240404,0
2026-06-22 06:00:00,10.45300928370789,53.490682807013606,0,7.268005249956103,1.2079716485989473,1.514166676754277,3.4848541322610322,13.415961773109146,0
2026-06-22 07:00:00,12.051398488639249,55.941423257514316,22,7.456275277559952,6.77353475513366,3.605583070381007,3.6162678962842913,21.537465121532257,0
2026-06-22 08:00:00,16.343623297366964,55.20272357464436,41,5.286393100035944,6.809644912313046,3.729799181500286,3.767516960370442,19.90769068766232,0
2026-06-22 09:00:00,15.241424971335157,48.17027994351786,69,8.115943425703755,7.233070343550501,5.814973295803365,3.634486663299789,24.50044793849429,0
2026-06-22 10:00:00,14.027184910674086,45.78296336088841,94,9.502880863469342,7.81548532649096,6.681872818112054,4.0856588395569515,28.078301689802096,0
2026-06-22 11:00:00,16.98667231364341,52.57490657199931,113,8.613215092287488,7.878695192217182,7.851523861152748,4.0273629670891715,28.665331272365684,0
2026-06-22 12:00:00,16.775435550532524,47.21809620543876,122,8.327863173246387,8.160423737269333,8.78998848624858,4.216053389016636,29.199619299374216,0
2026-06-22 13:00:00,23.245359766824564,46.44255488927596,120,7.931575433466995,7.888865601642229,7.806495709497967,3.7621395110209064,27.705830367983452,0
2026-06-22 14:00:00,17.97745102127958,41.456953112266724,131,7.790827201715658,7.715306337532564,10.072588115335808,4.252628453972743,29.721611647229654,0
2026-06-22 15:00:00,16.726418642996638,48.9420896709047,104,7.238119753805732,7.891992548335571,7.057750339754581,4.216534241592969,26.58223149744742,0
2026-06-22 16:00:00,19.43787686448133,52.71130369787899,80,7.173277210546368,7.461338029552437,5.712582398274926,3.985782175100259,24.278463172827205,0
2026-06-22 17:00:00,13.337852740752796,56.63220549031619,61,8.84086438940226,6.897300464605411,5.436310195567881,3.8485028482251864,25.137665032059505,0
2026-06-22 18:00:00,15.903084756845582,46.3425386071262,53,6.1979923875437954,7.216537374010619,5.296373511480157,3.9417804949005277,23.05494379935747,0
2026-06-22 19:00:00,18.289135589814364,42.27356209173091,18,3.0888200345829833,5.971438837698429,2.6443337550379886,3.8627142388111375,15.53695333918125,0
2026-06-22 20:00:00,13.795201707586134,52.74818085782115,3,6.976454760163096,0.6,1.4828388521605038,3.6904389851765127,12.998857613807376,0
2026-06-22 21:00:00,10.140262057237159,58.76100023918858,0,7.867995315237888,0.8560094539506813,1.3849294910904997,3.6896461771468987,13.867239722610364,0
2026-06-22 22:00:00,11.569679951499703,56.75379087753053,0,6.825451659972785,0.6,1.3364911930504555,3.8485412811249438,12.41397920386738,0
2026-06-22 23:00:00,13.990547426475164,49.43413036397576,0,6.765204668419572,1.2183127244217364,1.9386808335894052,3.714173547847017,13.59997497145147,0
2026-06-23 00:00:00,11.590304849860313,56.09421801752438,5,6.684664136378563,0.9267727456030329,2.043506245962569,3.499961130091925,13.102878152075991,0
2026-06-23 01:00:00,9.175279671177519,65.13267307427283,1,8.09819626965341,1.4626412173735224,2.0466246740073926,3.7939962852861386,15.048506186262617,0
2026-06-23 02:00:00,9.317162677156198,57.24299611598702,5,8.226438488548794,1.5273295808958114,2.2391912424233387,3.601441806524073,15.709160685083791,0
2026-06-23 03:00:00,9.649844596394116,45.963728937792695,4,7.1298347967779385,0.8482590673666547,2.3909405297471507,3.6209924512904172,14.154519666286578,0
2026-06-23 04:00:00,11.565022939006797,55.54543482434875,0,7.1848749877168165,0.8171625978606402,1.615525191058763,3.616032064113544,13.436692547218659,0
2026-06-23 05:00:00,13.782135141203332,64.92714047137315,0,5.036485822359307,1.2870538784392784,1.4678078675065094,3.745330180148381,11.894125211249007,0
2026-06-23 06:00:00,14.021194571119128,44.75975919296708,0,5.051129762902008,1.4429439235067967,1.8703323307654007,3.8623279361484357,12.465215309725089,0
2026-06-23 07:00:00,13.851429501087233,52.7897758451587,36,6.302622505848074,5.843582785931905,3.755254495770054,3.747663216316903,19.498366371674287,0
2026-06-23 08:00:00,11.718279357262816,52.85327788386008,53,8.228741810144413,6.952584804510345,4.828828406461801,4.071689316516873,23.98429415440069,0
2026-06-23 09:00:00,12.630456833430511,54.102455130577496,77,8.338203465397653,6.516843292504858,5.714729176538197,3.9326882469155864,24.71215367961982,0
2026-06-23 10:00:00,16.638603885423937,51.68656000485468,86,7.197381088550095,7.256019361535434,6.818997780253609,4.1543251915584465,25.524150414690023,0
2026-06-23 11:00:00,14.169648317027534,59.2125956786069,106,9.00712950213546,8.19077988276368,7.099732024512648,4.053764960730118,28.346949898802436,0
2026-06-23 12:00:00,16.629700426789444,51.03642439831278,112,7.9531802630286155,8.969419546696777,7.76182690327213,3.974136451531394,28.439882990787705,0
2026-06-23 13:00:00,17.87987159988878,57.2536536433557,112,9.072704933234359,7.832411658047862,8.468068599969856,4.336314860165013,29.576820688577797,0
2026-06-23 14:00:00,15.548165657243965,50.632941804348135,113,8.452614973919143,7.497509442570484,7.505908268439731,3.9638172801829414,27.565552317791642,0
2026-06-23 15:00:00,15.62156987296221,49.18300195143055,114,9.053447571471013,7.772277738954727,8.542609370546689,3.9577786382746782,28.838401489494213,0
2026-06-23 16:00:00,16.85315855284078,46.34503318713778,95,7.7651677188211305,7.633124390814107,6.390905282099773,3.791593955668352,24.995798983924576,0
2026-06-23 17:00:00,17.313154672304346,39.11261182105082,63,5.75308499057206,6.799415566161394,4.551648356565376,4.042090127880354,21.319583388890642,0
2026-06-23 18:00:00,17.536657359063923,51.5021954522571,43,5.192778036978956,6.350311713407069,3.4927619829882595,3.9975170949149987,18.89999874289807,0
2026-06-23 19:00:00,15.919932946329299,63.38405202108408,22,5.192997443338947,6.14660249773468,3.062562775260491,3.7439694762030142,18.26326651356496,0
2026-06-23 20:00:00,14.107291660847268,55.168944118079715,0,5.619817553277767,1.2384520431788348,2.1283180876993177,3.4524190295942945,12.833174779470152,0
2026-06-23 21:00:00,11.807677710454731,58.264725842129025,2,6.392333496457747,1.076706871330279,2.491667346750084,3.6069831821397615,13.314424447289955,0
2026-06-23 22:00:00,10.411533556424857,52.713161882594626,4,7.345941489609723,0.8634390199674387,2.5657918407115536,3.5706070973487845,13.928381152228344,0
2026-06-23 23:00:00,10.638710665048073,53.554966653571924,4,7.623085616898578,0.9374781251099723,2.408214363215017,3.4614297104374,14.361108403231665,0
2026-06-24 00:00:00,11.632476155067705,60.183491813698794,4,5.455640914979935,1.0271495076153487,1.645697446663981,3.5426662655220866,11.499954107845415,0
2026-06-24 01:00:00,11.158194483101017,66.68351597941316,0,8.365105431613669,0.7502007608455241,1.4217734097180432,3.6758603476945555,14.20660019811395,0
2026-06-24 02:00:00,6.896841198113567,66.75505671619574,0,19.255234012734416,0.8524992512642824,2.1545065446837914,3.5092246759224714,25.905972629020912,1
2026-06-24 03:00:00,9.25028323377978,60.8937553530333,0,14.24618390759384,1.3252726002113093,2.439588797988481,3.6437600824726637,21.736478956993817,1
2026-06-24 04:00:00,12.983248498331205,53.473467102594654,0,6.642091212768705,1.0193876635710784,1.3359866040403503,3.3335516700388,12.34258011060873,0
2026-06-24 05:00:00,11.626466420960394,55.53846366988365,1,7.796495611883369,0.6,2.437299702725098,3.8558771586695246,14.954212148609207,0
2026-06-24 06:00:00,9.807759421571198,51.12313651725208,7,7.13676374382609,1.5847320446727409,1.3208481392698337,3.5692882632209284,13.77930709386703,0
2026-06-24 07:00:00,17.06570392470431,41.51171692865583,10,4.83451407989904,6.225851936924776,2.5254662922708957,3.770537332596102,17.311019790737628,0
2026-06-24 08:00:00,13.917473628911175,45.80110463175697,46,6.836713459684139,6.243903462688482,4.283286729500853,3.8123027532154965,21.335018562165168,0
2026-06-24 09:00:00,15.52590896253789,51.65436848522821,74,9.0575521855815,7.104117347860137,5.778114614823361,3.9563747176330253,25.509755281851035,0
2026-06-24 10:00:00,16.395866659123005,48.951146437097684,79,6.744789681709701,7.0447654098297745,6.159072008814862,3.746202340978485,23.960766585043768,0
2026-06-24 11:00:00,15.816636015526875,42.320872760036735,105,8.867896889531742,8.026916998177871,7.190821415741357,3.905916152371994,27.997098961272116,0
2026-06-24 12:00:00,15.760888227995439,50.955393554705005,126,8.76595448347454,8.03792172088332,8.930735145699929,3.9933219878937267,29.427763463651985,0
2026-06-24 13:00:00,20.954262440470114,45.37372122285175,123,9.262354205064359,8.088529333139915,8.592300816356738,4.0958021139061165,29.934826869578597,0
2026-06-24 14:00:00,19.172124552196454,41.58381345414818,105,6.465119826368876,7.72378195305521,7.995890167051488,4.218923337075655,26.663100381767716,0
2026-06-24 15:00:00,18.744708207742764,46.7203947804725,110,7.982071029861912,7.361952914596112,8.565675678497957,4.104988225980706,27.822773026274323,0
2026-06-24 16:00:00,17.977455113012766,47.59119066094236,86,6.724418340414153,7.939888658785005,6.587112610718659,3.8089489441826436,25.163018046937008,0
2026-06-24 17:00:00,14.735908744384329,48.24824560216496,73,7.971620897588418,7.445815520014232,5.446576735282693,3.9051000962892104,24.988807491402262,0
2026-06-24 18:00:00,17.88847589980474,55.143664063802085,40,4.84788989894907,6.358415739632546,3.487945392705676,3.747904924770977,18.448265468851183,0
2026-06-24 19:00:00,13.439215713085124,41.50317884262628,18,5.941644872253137,6.29115167234837,3.55421331817192,3.619370234865188,19.190231812889085,0
2026-06-24 20:00:00,14.448262130702373,40.24900945770739,0,3.1911629158453625,1.4409412701965858,2.5066678457855347,3.597687521127044,10.720483768941289,0
2026-06-24 21:00:00,10.273845076697684,55.31433089917129,2,8.610683542284635,1.1555093544651571,2.309317224717415,3.722556788200937,15.445718787161443,0
2026-06-24 22:00:00,8.747214527745493,57.01635224054471,0,8.175544285632187,1.6448639653338315,1.8269342559569597,3.4920110372276345,15.01718965187282,0
2026-06-24 23:00:00,12.032895884203654,56.4006189029611,1,7.631600502107505,2.139247794671232,2.221824502134311,3.552116349450099,15.267981833201263,0
2026-06-25 00:00:00,9.539984760589844,52.61117037988305,0,8.388167053190422,1.055857392431016,2.3870094214768436,3.7473181204339223,15.566624630507128,0
2026-06-25 01:00:00,7.184217164849619,52.1042942958088,5,10.60835946920332,0.9861145899356976,1.7969193602962363,3.6903444160034002,16.764409656416266,0
2026-06-25 02:00:00,11.36557858307675,54.431919266522755,3,7.794478437903064,0.8077067617927467,1.9784078860103838,3.8038667720423276,14.405314637142238,0
2026-06-25 03:00:00,14.169939346841325,49.72307667778103,0,3.449679034448671,0.6,1.30219400838415,3.8153774576394963,9.450468029740287,0
2026-06-25 04:00:00,13.277705954407292,62.3481489621287,8,6.710847039442169,1.6808507680073754,2.1819222684676816,3.427918831971693,14.30045512561283,0
2026-06-25 05:00:00,11.034228288962163,52.77896528372723,1,7.0002072039103584,0.9942771664778515,2.5499230959261032,3.6472446681415605,13.880291402137221,0
2026-06-25 06:00:00,12.21157944945153,53.522204502608886,3,7.594292869132654,1.4603745116145233,2.4503465047909843,3.535806505867222,14.874296051307462,0
2026-06-25 07:00:00,14.549776406740552,66.94017653253223,23,6.4790956801999195,6.690758259811087,3.1257530606344783,3.5121921397971985,20.020990457773006,0
2026-06-25 08:00:00,15.854160061786065,49.94081859327633,46,6.536962394536569,6.3496604195241435,3.118045097502412,3.6656209923851764,19.846299806144845,0
2026-06-25 09:00:00,14.268398363921857,55.635642418253155,76,7.806534712358722,6.942215031839185,5.68489331405323,3.858884747616575,24.13872748176399,0
2026-06-25 10:00:00,15.754644544798499,55.06187319171924,88,6.852221210330638,8.094640411307651,6.686082684189747,3.9078218972244683,25.419148807885623,0
2026-06-25 11:00:00,16.932461333719353,54.68906386201977,113,7.427862859266356,7.909477197572239,7.917838961143182,3.9609666967653463,27.236711903564096,0
2026-06-25 12:00:00,17.919221085786273,51.29750777812781,117,5.901937961019204,7.774899362008454,8.24974766157974,4.065953790732229,25.5342156377046,0
2026-06-25 13:00:00,17.10105286865931,51.33725511496858,123,7.554114348540285,7.7481893467835254,8.674165464559382,4.458996929683397,28.56679873150792,0
2026-06-25 14:00:00,17.242397511449855,50.6702076054353,119,6.633082163727538,7.992490476859611,8.104843658408152,3.8172172107480122,26.818401362374345,0
2026-06-25 15:00:00,19.67299778066092,44.78928825110167,114,6.039807356993752,8.479763047342397,8.06661107258496,4.2265765375981585,26.715480085624524,0
2026-06-25 16:00:00,19.033816535465164,50.67775041543674,94,6.5831830777809675,7.831903293617095,6.90275047577492,3.9732438529983116,24.93627594697499,0
2026-06-25 17:00:00,17.23301413706099,62.24711442175181,66,6.382090952107794,7.151616821208778,5.1135587995569525,3.7983181729264133,22.798738151549802,0
2026-06-25 18:00:00,18.619027847105702,56.29982056845207,41,4.609565215859827,7.193982330256867,4.885851947909003,3.461268488586568,20.205525286434998,0
2026-06-25 19:00:00,14.195451290140637,54.176919665742346,18,5.637605853847709,6.712521307739678,2.575593649831007,3.786414496886128,18.889375213455782,0
2026-06-25 20:00:00,16.70559729073667,55.60578082058344,0,3.1928270415815914,1.2169427737528835,0.8,3.383854875401103,8.263341537741391,0
2026-06-25 21:00:00,13.962952024218335,47.31273052945233,0,5.2877334320615965,2.071641880137647,2.602469637038694,3.7241840856631905,13.356658669112635,0
2026-06-25 22:00:00,17.757286835831525,48.11896194792804,0,2.6829952022355186,1.0134018955422721,1.4191758069716525,3.861199630349063,9.080302837008661,0
2026-06-25 23:00:00,9.444449418383595,61.60376200131664,0,8.111954743640466,1.4843099740057177,2.2049587571148166,3.4075794354610216,15.465694137356124,0
2026-06-26 00:00:00,9.718709135596143,64.63397130905204,14,7.275923282091114,1.2144511882352556,2.26360110694678,3.83125408774361,14.30292010321313,0
2026-06-26 01:00:00,11.252900893540353,49.935127297272466,0,7.674371544311177,1.4159969527467975,8.137520678780554,3.60381590471207,20.80625452493751,1
2026-06-26 02:00:00,11.096982867675447,51.77573299270448,13,7.2051250390876875,1.2470644857523283,8.574679205765936,3.3378693052238066,19.9679323228481,1
2026-06-26 03:00:00,13.856180858696954,65.69611911924851,4,6.044420622181637,1.3334789105709577,2.4701488767911552,3.435277471757869,13.107935675561146,0
2026-06-26 04:00:00,9.754359102756418,56.261798171546516,2,8.76224931690623,1.9725475684588931,1.8138330927629105,3.634733996395781,16.119107991520057,0
2026-06-26 05:00:00,12.985172725237849,64.20129229227388,0,6.370896524906849,1.4331481304834461,1.5051060415927404,3.6601774868449444,13.091529493659344,0
2026-06-26 06:00:00,14.147872085570553,53.630239839476836,2,6.143535622047545,1.3028943894414482,2.025658933353297,3.37089631166015,12.316541341939198,0
2026-06-26 07:00:00,14.213719634527438,53.81679196805703,29,4.757731201690829,6.150854022737564,3.2228787208398395,3.7207557640480458,18.182319340615233,0
2026-06-26 08:00:00,12.287991196339817,51.95106127678575,54,8.008679775159797,6.9378800465761294,3.9018722159705237,3.939533394052219,22.745328163544254,0
2026-06-26 09:00:00,17.22074160440212,55.73977464575978,71,7.019431202878037,6.825199124448919,5.434324671660418,4.033786327912896,23.636338181177365,0
2026-06-26 10:00:00,17.761537360847363,57.82551228118848,83,6.650691961361507,7.7044417218829615,7.65594603921145,3.8700746049101338,26.055828668538865,0
2026-06-26 11:00:00,17.41585239540772,43.728097322599005,101,8.552576223104694,8.019657173891444,6.5353821983567935,4.069770316783487,27.390460992394537,0
2026-06-26 12:00:00,17.30016495911192,47.91017296734344,111,8.8544087076887,7.835127593930244,8.01347242035942,4.204865307969644,29.412948099740195,0
2026-06-26 13:00:00,17.68680898669833,55.22536440622157,128,8.101324495275477,8.786236195409298,8.730696787280042,4.239868396882801,29.66272222603575,0
2026-06-26 14:00:00,17.287834130804217,49.25683257519086,126,7.821473309025707,8.701013624279497,9.556388952831558,4.237715582299368,30.35045231989098,0
2026-06-26 15:00:00,18.39176009785239,46.24586711541145,108,6.213249029546409,7.896376309456084,7.240032758598463,4.049025992345063,25.151007045855767,0
2026-06-26 16:00:00,17.005703140863158,56.30297556756904,88,6.476045325871171,7.681928892579065,6.685586546326097,3.937822339443612,24.755830785596455,0
2026-06-26 17:00:00,14.954066253664585,58.40516953802663,78,7.3700440460830485,7.098039973720614,6.398788957737058,3.9528170360632373,24.99971367505398,0
2026-06-26 18:00:00,13.889079181404254,49.88533806991398,39,6.474734720880161,6.506736815446194,3.8643173986598405,3.6414346921497205,20.769057699067112,0
2026-06-26 19:00:00,13.549090004261087,54.11238166473186,18,5.676857599335733,5.84669730011275,2.4446011255066624,3.838814248961456,17.711405367438307,0
2026-06-26 20:00:00,14.299309789945228,45.024668882115684,5,5.842661591849403,1.0225820535976509,2.0650117248888487,3.3904393164847866,12.019498096166366,0
2026-06-26 21:00:00,12.969993397812486,47.89961948876844,0,7.4747155717825455,1.063463897510467,1.660726690261951,3.5243534532121394,13.741586117149492,0
2026-06-26 22:00:00,12.537769426202034,54.341664323148755,0,7.114699147387026,0.6,1.6594638747253982,3.594563577496148,12.755684608793917,0
2026-06-26 23:00:00,12.298193570486635,53.96479554761408,0,6.249111682501493,1.301884891248643,2.2188205559495264,3.6704519248404783,13.295798952057615,0
2026-06-27 00:00:00,9.794575100974399,49.85281212388539,11,9.155369519515416,1.655744894684196,2.58632731247283,3.74262927725033,17.30800417900219,0
2026-06-27 01:00:00,13.002991482453982,48.95191283980606,13,6.830585633647797,1.3312287927817366,2.7632950947914354,3.8753479235943815,14.921864857874068,0
2026-06-27 02:00:00,9.937001182297923,49.1569828935432,3,7.948975833517731,0.6,2.113633282274815,3.623662817070732,14.494822514070831,0
2026-06-27 03:00:00,9.774543322138326,58.399451649875516,0,7.888266692641847,1.011452532454716,2.2319461798119278,3.4923021225255564,14.539662860627066,0
2026-06-27 04:00:00,11.681077278498263,42.433356860974904,0,6.705023068080397,0.6123148256713822,2.3869168652582875,3.5782444902726254,13.534742684912187,0
2026-06-27 05:00:00,8.29516851008809,50.70916024007276,2,9.419655162338724,0.922633338612137,1.7809790441616338,3.560090366568496,15.686945097047495,0
2026-06-27 06:00:00,10.798201023749666,43.72369994519383,0,7.488779472046331,1.6081777052199837,2.168761007643359,3.6779900195054163,14.872669345907594,0
2026-06-27 07:00:00,14.654066688195922,54.52357360700094,1,4.592903082784773,0.6,1.271715266991952,3.4439501503588548,9.633867853116259,0
2026-06-27 08:00:00,10.938492308873041,43.97972946801701,4,6.814192773573354,0.8862731162894248,1.0061248145643806,3.5896855418313547,11.773792426794717,0
2026-06-27 09:00:00,16.697852380923816,50.666985905520384,0,4.199968804089521,1.3903493641492126,2.6218822652754254,3.843399302778753,11.664617806827605,0
2026-06-27 10:00:00,18.21104175108916,59.178862781167666,1,3.577920972546621,0.8723258581579689,1.704988701894931,3.6309778196402007,9.84007891324555,0
2026-06-27 11:00:00,15.738909248131172,61.23642195152703,1,4.295926520630493,0.8455494379898263,1.9686127779833587,3.446060080636389,10.329268839351098,0
2026-06-27 12:00:00,17.419280206148894,39.10009443031541,0,2.631212982236646,1.8113421590126346,1.2486528918466469,3.5490323074435928,8.82892448378287,0
2026-06-27 13:00:00,19.175298024537113,50.4089840913829,0,4.200772093668106,1.2324355876936834,1.2278953288808616,3.2650525083696356,9.82131168204904,0
2026-06-27 14:00:00,16.598567968604645,44.61724624526379,7,5.088714265830987,1.5530058438611916,1.8641752487955656,3.6191709875000884,12.195011355149699,0
2026-06-27 15:00:00,18.748068365184874,41.7801325118498,0,1.6100987992212017,1.2731344012559769,2.0893039784197898,3.8471522041410395,8.923456741675153,0
2026-06-27 16:00:00,15.782245549802024,50.48249611130804,11,5.94296391976565,1.3545940870595725,2.172555739724387,3.4660095548917385,12.928905758574802,0
2026-06-27 17:00:00,15.555059423765139,58.703452373774894,3,4.555884896349808,1.5964087184902434,1.8138942975443801,3.3935929693328926,11.344565576485843,0
2026-06-27 18:00:00,14.283237598926174,55.88552504612751,6,5.7177118566445335,1.8748713115635502,1.794970014569917,3.5260109974874254,12.778961798641355,0
2026-06-27 19:00:00,15.380476484768618,47.17379706552625,6,5.839902086876304,0.6187690763862745,2.6546046401896497,3.762197451049427,13.033949697211368,0
2026-06-27 20:00:00,15.860656977640064,55.33471125122996,0,5.762849982272007,1.0876389253345335,2.1908385040878287,3.8556956376295295,12.852819404716273,0
2026-06-27 21:00:00,12.673250945820627,40.03281179934446,0,7.09180667946046,1.0848804380605503,1.5821332885071244,3.667231822591934,13.40696915044621,0
2026-06-27 22:00:00,9.980986016427543,50.9965856970799,0,8.043852509632472,0.9497529676407133,2.1078523194256653,3.4071135418334073,14.768032652486315,0
2026-06-27 23:00:00,9.576634256238128,50.874175039613895,1,7.020039582339486,1.4613712203157034,1.7446433490644422,3.6006662691059934,14.024695444754228,0
2026-06-28 00:00:00,11.497555126979659,54.84675780519884,6,5.560432567164006,1.2979106888816703,1.9781028395807732,3.8924138223135594,12.682643606770432,0
2026-06-28 01:00:00,13.612082534653794,51.57397031704965,0,6.447519281120402,1.7739155025549727,1.7776301513856085,3.5533648947172285,13.470665690071256,0
2026-06-28 02:00:00,11.027157522729752,53.880805296233376,6,8.527872913412326,1.593093243253636,2.4194552841939223,3.6450708757763155,16.101782792904746,0
2026-06-28 03:00:00,9.819360495776406,54.587162447530865,0,7.293055023779246,1.5776458532260882,1.3985102182977018,3.6360839405998595,13.399978418753664,0
2026-06-28 04:00:00,12.129248854295223,54.037506805213106,0,6.389211692717787,0.6802925230048182,2.026077577897796,3.3681205561249516,12.737926443423454,0
2026-06-28 05:00:00,10.97580360924489,58.008933094815674,9,7.1432211959296,0.9798699265940316,3.4190194379101007,3.7856920068930338,15.156600743093968,0
2026-06-28 06:00:00,11.464740154376123,55.29743104083221,1,6.558330651670646,0.8647079907955795,1.937404531159843,3.732064262424469,13.30616183336346,0
2026-06-28 07:00:00,11.322577886354503,52.80195568560677,0,7.932873773027961,1.5630915807876573,1.8160731413744187,3.300968940322061,14.623404509448847,0
2026-06-28 08:00:00,16.25218805911408,53.22134863449314,0,4.388429431916748,0.761488299853867,1.7621245482327685,3.4004022572446653,10.660361300316364,0
2026-06-28 09:00:00,10.44703822201147,60.12146259540798,0,7.3973751821168126,0.7717229777762334,2.015195247751016,3.454544981229663,13.771209630478607,0
2026-06-28 10:00:00,16.96418566437003,46.9407054073867,0,5.926788331073681,0.7075256039098057,1.0753182607922265,3.7122523869388315,11.649915361940241,0
2026-06-28 11:00:00,15.54433236379238,50.98533434311966,8,3.7567505097943714,2.2075595266075636,3.0054879377981836,3.5193331894741426,12.341111721763987,0
2026-06-28 12:00:00,16.191334693673067,57.82793835802472,0,4.687354742866249,1.0502188316168568,2.241534129436808,3.66020266488834,11.317958057225617,0
2026-06-28 13:00:00,20.115501181307295,41.296810050415395,0,2.360817371862244,1.2854608057956725,1.509967857826344,3.5727337506998933,8.765861287465984,0
2026-06-28 14:00:00,16.143802167155187,61.720361552169265,0,4.1506452454546,0.7007839387016792,1.8141962535543144,3.610675762947471,9.797004956608275,0
2026-06-28 15:00:00,16.082447854058717,42.90323426101851,0,4.431090952216082,1.4357404399719926,1.5491933100757034,3.6743903144372982,10.97342678305247,0
2026-06-28 16:00:00,16.66724373097761,48.427379534538375,9,4.96367521174106,0.6412166811651296,2.4296557607514058,3.676850118210157,11.41403956756957,0
2026-06-28 17:00:00,17.036239313929,44.52168053329718,6,3.7600356817923632,0.865349039179845,2.1576078885697627,3.6211542186649255,10.19423203045831,0
2026-06-28 18:00:00,14.856670193997397,64.9850593357182,0,4.729572809244036,0.8440191351848001,1.9028851001932143,3.649062064395133,11.274462321662048,0
2026-06-28 19:00:00,12.088131499843094,50.91380120203477,0,6.405615651840199,1.1766050384778959,1.3372553022652323,3.632545811578258,12.684513419467697,0
2026-06-28 20:00:00,12.386138116396275,50.7053494735316,2,5.66207774344922,0.8584211900694827,1.6933054222974833,3.576549954305781,11.749864294195508,0
2026-06-28 21:00:00,15.130225922026135,49.42783811884089,0,5.370316806898191,1.6333993353834835,2.31572606080508,3.5353146892340583,12.93475903026228,0
2026-06-28 22:00:00,12.234945565425646,54.39740767329447,0,6.7687990686786526,1.2761281215492486,1.5597938884510945,3.8820664227042947,13.351615195832188,0
2026-06-28 23:00:00,12.149799672038858,51.916999572543794,1,6.976251127269503,0.876638800870501,0.8,3.5375942662206086,12.797149507311033,0
2026-06-29 00:00:00,10.343336478277749,54.445176813557296,5,7.760230440572441,1.5391659769739754,2.007216326668102,3.825049249154056,15.206871362646885,0
2026-06-29 01:00:00,9.31695496821115,34.83702405569922,6,8.29186375052546,1.07035040005443,3.2151709997078544,3.5212306279997603,15.951035252285056,0
2026-06-29 02:00:00,13.170709508505645,53.46492688463173,7,7.186468755651407,1.0193471769659606,2.5669949482517262,3.7495261772461954,14.74117871459852,0
2026-06-29 03:00:00,10.118174894718871,55.51820855788071,0,8.588887737188667,1.413535476623353,1.537134387325295,3.8675637344967964,15.717167860057826,0
2026-06-29 04:00:00,10.034023735275797,61.705894983017515,2,9.022106702487548,0.6,1.8872292003029367,3.5573740269683736,14.873155201663657,0
2026-06-29 05:00:00,13.207409732368609,60.94880839039996,0,6.277777836422904,1.3571859733550482,2.105936716496834,3.499891176638472,12.886151644650372,0
2026-06-29 06:00:00,10.840828833642892,53.74313000641705,1,8.469450552211459,0.8684168220252196,1.0646866999404372,3.539615556898188,13.637056159877707,0
2026-06-29 07:00:00,11.90193830144283,58.97092076396161,17,6.999009673386827,5.955887443721671,2.3497734522812075,3.6650948548020716,18.802276409914708,0
2026-06-29 08:00:00,13.836260806546175,46.01339171242153,40,6.854287303290153,7.305347927222953,4.179256093898386,3.8082807007637944,22.133604859808653,0
2026-06-29 09:00:00,14.725167278526175,56.560178597282,51,7.840483581400387,6.632075529880567,5.3225189582149035,3.798000421555443,23.18579597173125,0
2026-06-29 10:00:00,16.01018073515291,47.55750965382785,97,8.423832404219503,7.980570121466837,6.9373045682466605,3.9250023160597896,27.162147682159276,0
2026-06-29 11:00:00,19.849552629842695,41.004650718837645,108,6.7476396744680835,7.941735655207759,8.445157817668905,4.325181278671495,27.407730066678656,0
2026-06-29 12:00:00,17.421552375762012,48.82030364895419,108,6.478493033242264,7.978046858872351,7.400554382099879,4.001934176182126,25.940243430158656,0
2026-06-29 13:00:00,13.156890099052827,61.535167108897056,123,10.150832376955382,8.026310209760522,7.041519302212187,3.9989847934290723,29.370592251210105,0
2026-06-29 14:00:00,17.873549647551098,50.68087098472176,114,6.715446451398736,7.846049574179986,8.404714878112465,4.180576675137083,27.247173449576533,0
2026-06-29 15:00:00,17.263977826361504,59.03094551629915,104,8.646495646701268,8.306795936556663,7.763179524354841,4.142965369924043,29.30747979991075,0
2026-06-29 16:00:00,16.92379539836046,45.81475716833483,86,7.442231183766733,7.7736610244258815,6.861282927560562,4.155873406536178,26.506579386964848,0
2026-06-29 17:00:00,16.711825603843856,56.75323742440505,72,5.854403087861151,7.0211116644896325,6.073697192433,4.1771795638574,23.181882018136537,0
2026-06-29 18:00:00,15.520088354670289,47.44697351057561,40,5.2023559857592225,6.2539433507587,4.086287524492641,3.811940803035785,19.111905754151206,0
2026-06-29 19:00:00,14.63526754338211,53.37552137139864,11,4.913894205810732,5.893434193316768,2.2885331675765244,3.6007618631685134,16.527749067807136,0
2026-06-29 20:00:00,14.861016600327783,53.15433452171065,9,4.888550181036819,1.6055233445177748,2.1956902302013983,3.350664439944123,11.68326181292068,0
2026-06-29 21:00:00,11.991437430627974,57.97537233057406,1,6.58660597519802,1.5305421211332428,1.6478193692480687,3.463322287247792,13.266625954122391,0
2026-06-29 22:00:00,10.457774673130851,56.661112714619826,1,8.501127882288817,1.3122302607055762,1.6748241563768715,3.6352842652499344,15.206307106640276,0
2026-06-29 23:00:00,16.484396179022596,46.201595638802154,6,3.5158367030844917,0.6421301740770542,1.315034359233409,3.4468587230146266,9.14308816054579,0
